Vocabulary Word,Example Sentence (Swedish),Example Sentence (English)
och,Jag gillar kaffe och te.,I like coffee and tea.
att vara,Att vara snäll är viktigt.,To be kind is important.
i,Jag bor i en liten stad.,I live in a small town.
att ha,Jag har en katt.,I have a cat.
dess,"Hunden viftade med sin svans, men katten vände sig bort och ignorerade dess lekfullhet.","The dog wagged its tail, but the cat turned away and ignored its playfulness."
det,Det är en fin dag.,It is a nice day.
en,Jag har en katt.,I have a cat.
som,Boken som ligger på bordet är min.,The book that is on the table is mine.
på,Boken ligger på bordet.,The book is on the table.
å andra sidan,"Det är kallt ute, men å andra sidan är det vackert med snön.","It is cold outside, but on the other hand, it is beautiful with the snow."
av,Boken är skriven av en känd författare.,The book is written by a famous author.
för,Jag köper blommor för min mamma.,I buy flowers for my mom.
att,Jag tror att du kan klara det.,I think that you can do it.
att kunna,Jag vill kunna spela gitarr.,I want to be able to play the guitar.
att skola,Vi skall gå till parken imorgon.,We shall go to the park tomorrow.
jag,Jag heter Anna.,My name is Anna.
inte,Jag kan inte simma.,I can't swim.
med,Jag går till skolan med min vän.,I am going to school with my friend.
till,Han är son till en känd författare.,He is the son of a famous author.
liten,"När jag var liten, lekte jag alltid i parken.","When I was small, I always played in the park."
den,Den är min katt.,It is my cat.
ett,Det finns ett hus på gatan.,There is a house on the street.
analog,Analog teknik är fortfarande populär bland många musiker.,Analog technology is still popular among many musicians.
att unna,Jag unnar dig en paus efter allt arbete.,I wish you a break after all the work.
om,Gör inte om det!,Don't do that again!
vi,Vi går till parken varje söndag.,We go to the park every Sunday.
men,"Jag vill gå ut, men det regnar.","I want to go outside, but it's raining."
man,Man kan alltid lita på sina vänner.,One can always rely on their friends.
de,De spelar fotboll i parken.,They play football in the park.
att få,Jag vill få en glass.,I want to get an ice cream.
så,Det är så vackert här.,It is so beautiful here.
som,Boken som jag läser är intressant.,The book that I am reading is interesting.
sig,Hon ser sig i spegeln.,She sees herself in the mirror.
han,Han är min bästa vän.,He is my best friend.
de,De älskar att spela fotboll.,They love to play soccer.
att bli,Det kommer att bli en bra dag.,It is going to be a good day.
att komma,Det kommer att bli kallt i kväll.,It’s going to be cold tonight.
det,Det är en fin dag.,It is a nice day.
sin,Hon tog sin bok och började läsa.,She took her book and started to read.
eller,Vill du ha kaffe eller te?,Do you want coffee or tea?
från,Jag kommer från Sverige.,I come from Sweden.
mycket,Jag tycker mycket om att läsa böcker.,I like reading books a lot.
att vilja,Jag vill ha en kopp kaffe.,I want a cup of coffee.
all,Allt är möjligt om du tror på dig själv.,Everything is possible if you believe in yourself.
att göra,Jag vill göra en god middag.,I want to make a good dinner.
om,"Om det regnar, stannar vi hemma.","If it rains, we stay home."
annan,Jag vill ha en annan bok.,I want another book.
du,Du är min bästa vän.,You are my best friend.
någon,Kan någon hjälpa mig med läxan?,Can someone help me with the homework?
att finna,Jag finner det svårt att förstå.,I find it hard to understand.
att ta,Jag vill ta en kopp kaffe.,I want to take a cup of coffee.
när,När solen går ner blir himlen vacker.,"When the sun sets, the sky becomes beautiful."
att se,Jag gillar att se på stjärnorna på natten.,I like to look at the stars at night.
måste,Jag måste gå nu.,I have to go now.
detta,Detta är min favoritbok.,This is my favorite book.
stor,Huset är stort och rymligt.,The house is big and spacious.
nu,Nu är det dags att äta.,Now it is time to eat.
att gå,Jag gillar att gå i parken.,I like to walk in the park.
att säga,Jag vill att säga något viktigt.,I want to say something important.
den,Jag ser den bilen.,I see that car.
vad,Vad heter du?,What is your name?
ett år,Jag har bott här i ett år.,I have lived here for a year.
att äga,Jag äger en liten katt.,I own a small cat.
under,Jag gillar att läsa under dagen.,I like to read during the day.
att betyda,Vad betyder det här ordet?,What does this word mean?
också,"Jag gillar kaffe, och jag gillar också te.","I like coffee, and I also like tea."
där,Där finns många vackra blommor.,There are many beautiful flowers there.
då,Då går vi till parken!,Then let's go to the park!
min,Min bil är röd.,My car is red.
att böra,Du bör gå till läkaren om du mår dåligt.,You should go to the doctor if you feel unwell.
hur,Hur mår du idag?,How are you today?
mig,Jag ser mig i spegeln.,I see myself in the mirror.
mot,Vi går mot parken.,We are walking towards the park.
bara,Jag har bara en hund.,I only have one dog.
vilken,Vilken fin dag det är idag!,What a nice day it is today!
ut,Han gick ut i trädgården.,He went out into the garden.
ny,Det är en ny dag med nya möjligheter.,It is a new day with new possibilities.
vid,Vi träffas vid parken varje söndag.,We meet at the park every Sunday.
än,Mina vänner är längre än jag.,My friends are taller than me.
bra,Det är en bra dag idag.,It is a good day today.
ingen,Ingen hemma idag.,Nobody is home today.
dem,Jag såg dem i parken.,I saw them in the park.
efter,Vi kan gå till parken efter lunchen.,We can go to the park after lunch.
upp,Vi går upp för berget.,We are going up the mountain.
hon,Hon gillar att läsa böcker.,She likes to read books.
lite,"Jag vill ha lite kaffe, tack.","I would like a little coffee, please."
denna,Denna bok är mycket intressant.,This book is very interesting.
in,Jag gick in i rummet.,I went into the room.
mycket,Det finns mycket folk på stranden idag.,There are a lot of people at the beach today.
över,Vi går över bron till parken.,We walk over the bridge to the park.
att ge,Jag vill ge dig en present.,I want to give you a gift.
vår,Vår hund heter Max.,Our dog is named Max.
en del,En del av kakan är min favorit.,A part of the cake is my favorite.
här,Här är min bok.,Here is my book.
även,"Jag gillar pizza, och jag gillar även pasta.","I like pizza, and I also like pasta."
att skriva,Jag gillar att skriva dagbok varje kväll.,I like to write in my diary every evening.
en tid,Jag har en tid hos doktorn klockan tre.,I have an appointment with the doctor at three.
ju,Det är ju viktigt att äta frukost varje dag.,It is of course important to eat breakfast every day.
sedan,"Jag gick till affären, och sedan gick jag hem.","I went to the store, and then I went home."
att te sig,Hon te sig glad när hon fick nyheten.,She seemed happy when she received the news.
att riva,Han riva sönder sitt gamla papper.,He tears up his old paper.
att börja,Jag vill börja läsa en ny bok.,I want to begin reading a new book.
hel,Han har en hel del böcker hemma.,He has a whole lot of books at home.
en dag,En dag ska jag resa till Sverige.,One day I will travel to Sweden.
själv,Jag kan göra det själv.,I can do it myself.
en människa,En människa kan göra stor skillnad.,A person can make a big difference.
ett land,Sverige är ett land med vacker natur.,Sweden is a country with beautiful nature.
svensk,Jag är svensk och stolt över det.,I am Swedish and proud of it.
en fråga,Jag har en fråga om läxan.,I have a question about the homework.
oss,Kom hem till oss på fredag.,Come home to us on Friday.
att tro,Jag tror på dig.,I believe in you.
en el,En el är viktigt för att få ljus.,Electricity is important for getting light.
att tycka,Vad tycker du om filmen?,What do you think of the movie?
en kommentar,Jag har en kommentar om filmen.,I have a comment about the movie.
att veta,Jag vill veta mer om Sverige.,I want to know more about Sweden.
idag,Jag ska träffa mina vänner idag.,I will meet my friends today.
att försöka,Jag ska försöka läsa en bok varje vecka.,I will try to read a book every week.
att behöva,Jag behöver hjälp med läxorna.,I need help with my homework.
samma,Vi har samma intressen.,We have the same interests.
mellan,Jag sitter mellan mina vänner.,I am sitting between my friends.
att känna,Jag känner mig trött efter jobbet.,I feel tired after work.
att läsa,Jag älskar att läsa böcker på kvällen.,I love to read books in the evening.
att ro,Vi ska ro i sjön i helgen.,We will row in the lake this weekend.
kanske,Kanske ska vi gå till parken idag?,Maybe we should go to the park today?
lik,Hon ser lik ut som sin mamma.,She looks just like her mother.
att låta,Jag låter alltid dörren stå öppen.,I always let the door stay open.
olik,"Vi är olika, men vi kan vara vänner.","We are different, but we can be friends."
sådan,Sådan är livet ibland.,Such is life sometimes.
ett sätt,Det finns alltid ett sätt att lösa problemet.,There is always a way to solve the problem.
hans,Hans bok är intressant.,His book is interesting.
din,Din hund är väldigt söt.,Your dog is very cute.
en gång,Jag går en gång till affären varje dag.,I go to the store once every day.
att stå,Jag gillar att stå på stranden.,I like to stand on the beach.
inom,Jag bor inom staden.,I live within the city.
att visa,Jag vill visa dig min nya bok.,I want to show you my new book.
att använda,Jag gillar att använda min dator för att skriva.,I like to use my computer to write.
att vända,Jag behöver vända boken för att se framsidan.,I need to turn the book to see the front cover.
att hålla,Jag vill hålla din hand.,I want to hold your hand.
genom,Vi gick genom parken.,We walked through the park.
helt,Det är helt okej att vara sig själv.,It is completely okay to be yourself.
fler,Det finns fler stolar i rummet.,There are more chairs in the room.
utan,Jag kan inte gå utan mina glasögon.,I can't go without my glasses.
väl,Barnen är väl uppfostrade och artiga.,The children are well brought-up and polite.
ett barn,Ett barn leker i parken.,A child is playing in the park.
enligt,Enligt mig är det viktigt att vara snäll mot andra.,"In my opinion, it is important to be kind to others."
att tänka,Jag gillar att tänka på framtiden.,I like to think about the future.
ni,Känner ni varandra sedan länge?,Do you (two) know each other for a long time?
viktig,Det är viktigt att äta frukost varje dag.,It is important to eat breakfast every day.
en ring,Hon har en ring på sitt finger.,She has a ring on her finger.
eftersom,Jag stannar hemma eftersom det regnar.,I am staying home since it is raining.
ett liv,Ett liv är fullt av överraskningar.,A life is full of surprises.
deras,Deras hund är väldigt snäll.,Their dog is very friendly.
en värld,En värld full av möjligheter väntar på oss.,A world full of possibilities awaits us.
viss,Det finns viss osäkerhet i situationen.,There is some uncertainty in the situation.
dock,"Det regnar, dock ska vi gå ut ändå.","It is raining, yet we will go out anyway."
egen,Jag har en egen lägenhet.,I have my own apartment.
ett folk,Det var ett folk som dansade på gatan.,There was a people dancing in the street.
en regering,En regering fattar viktiga beslut.,A government makes important decisions.
fram,Han gick fram till dörren.,He walked up to the door.
honom,Jag såg honom igår.,I saw him yesterday.
att söka,Jag vill söka efter en ny lägenhet.,I want to search for a new apartment.
dig,Jag älskar dig.,I love you.
utan,Jag gillar inte bara kaffe utan också te.,I like not only coffee but also tea.
en sak,Jag har en sak att berätta.,I have a thing to tell.
hög,Musiken var så hög att jag inte kunde höra vad du sa.,The music was so loud that I couldn't hear what you said.
länge,Hur länge har du bott här?,How long have you lived here?
en person,En person kan göra stor skillnad.,A person can make a big difference.
att ligga,Solen ligger bakom molnen.,The sun is behind the clouds.
en son,Han har en son.,He has a son.
både,Jag har både hund och katt.,I have both a dog and a cat.
just,Det är just vad jag behövde!,That is exactly what I needed!
att lägga,Jag måste lägga mig tidigt i kväll.,I have to go to bed early tonight.
ett antal,Det finns ett antal böcker på hyllan.,There are a number of books on the shelf.
redan,Jag har redan ätit lunch.,I have already eaten lunch.
en kvinna,En kvinna går till affären.,A woman is going to the store.
ett problem,Det finns alltid ett problem att lösa.,There is always a problem to solve.
ett fall,Det var ett fall av missförstånd.,It was a case of misunderstanding.
"en man, två män",En man och två män sitter på bänken.,A man and two men are sitting on the bench.
aldrig,Jag kommer aldrig att ge upp.,I will never give up.
ofta,Jag går ofta till parken.,I often go to the park.
varje,Varje morgon joggar jag i parken.,Every morning I jog in the park.
en artikel,Jag läste en artikel om miljön.,I read an article about the environment.
att anse,Jag anser att vi bör börja tidigt.,I believe that we should start early.
att öva,Jag måste öva min gitarr varje dag.,I need to practice my guitar every day.
ett lag,Jag spelar i ett lag.,I play in a team.
ett slag,Det finns ett slag av musik som alltid gör mig glad.,There is a kind of music that always makes me happy.
ett tal,Jag lyssnar på ett tal om miljön.,I am listening to a speech about the environment.
åt,Han gick åt vänster vid hörnet.,He went to the left at the corner.
nog,Det kommer nog att regna imorgon.,It will probably rain tomorrow.
"en bok, två böcker",Jag har en bok och två böcker i min väska.,I have one book and two books in my bag.
varför,Varför är du så glad?,Why are you so happy?
att handla,Jag behöver handla mat idag.,I need to go shopping for food today.
gammal,Min mormor är gammal och vis.,My grandmother is old and wise.
en bild,Jag har tagit en bild av blommorna.,I took a picture of the flowers.
en sida,Jag läser en sida i boken.,I am reading a page in the book.
så,Det är så fint väder idag.,It is so nice weather today.
att öka,Jag vill öka min kunskap i svenska.,I want to increase my knowledge of Swedish.
därför,"Jag har mycket att göra, därför kan jag inte komma.","I have a lot to do, therefore I can't come."
sen,Våren kommer sen i år.,Spring is coming late this year.
god,Det är alltid goda vänner som gör livet bättre.,It is always good friends who make life better.
hos,Vi träffas hos mig på lördag.,We are meeting at my place on Saturday.
alltid,Jag är alltid glad när jag träffar mina vänner.,I am always happy when I meet my friends.
att skapa,Jag vill skapa en ny tavla.,I want to create a new painting.
ett arbete,Ett arbete kan vara både roligt och utmanande.,A job can be both fun and challenging.
att kapa,Jag såg honom kapa en gren från trädet.,I saw him cut off a branch from the tree.
samt,Jag gillar att läsa böcker samt titta på filmer.,I like to read books and also watch movies.
en blogg,Jag läser en blogg varje dag.,I read a blog every day.
innan,Jag måste äta frukost innan jag går till skolan.,I need to eat breakfast before I go to school.
som,Jag älskar att läsa böcker som är spännande.,I love to read books that are exciting.
ur,Ta ut boken ur väskan.,Take the book out of the bag.
att gälla,Det gäller att vara snäll mot andra.,It’s important to be kind to others.
att verka,Det verkar som om det kommer att regna idag.,It seems like it’s going to rain today.
att tala,Jag vill tala med dig om allt.,I want to talk to you about everything.
att bära,Jag älskar att bära min nya jacka.,I love to wear my new jacket.
för,Det är för kallt att gå ut idag.,It is too cold to go outside today.
en väg,Det finns en väg till skolan.,There is a road to the school.
ett samhälle,Ett samhälle växer när människor samarbetar.,A community grows when people work together.
alltså,"Det regnar ute, alltså stannar vi hemma.","It's raining outside, therefore we stay at home."
en stat,Jag bor i en stat som heter New York.,I live in a state called New York.
en stad,Stockholm är en stad med många sevärdheter.,Stockholm is a city with many attractions.
att höra,Jag älskar att höra på musik när jag lagar mat.,I love to listen to music while I cook.
att innebära,Att vara sjuk innebär att man behöver vila.,Being sick means that you need to rest.
genom att,Du kan lära dig svenska genom att öva varje dag.,You can learn Swedish by practicing every day.
ett företag,Ett företag kan skapa många jobb.,A company can create many jobs.
en möjlighet,Det är en möjlighet att lära sig något nytt varje dag.,It is an opportunity to learn something new every day.
ett ord,Ett ord kan förändra allt.,A word can change everything.
politisk,Politisk debatt är viktig för demokratin.,Political debate is important for democracy.
att välja,Jag måste välja en bok att läsa.,I have to choose a book to read.
er,Jag ser er i parken.,I see you guys in the park.
att förstå,Jag försöker alltid att förstå nya saker.,I always try to understand new things.
ett inlägg,Jag skrev ett inlägg på bloggen igår.,I wrote a post on the blog yesterday.
ett ägg,Jag kokar ett ägg till frukost.,I am boiling an egg for breakfast.
ett te,Jag dricker ett te varje morgon.,I drink a tea every morning.
att spela,Jag älskar att spela fotboll med mina vänner.,I love to play soccer with my friends.
så att,Jag studerar hårt så att jag kan få bra betyg.,I study hard so that I can get good grades.
lika,Hon sjunger lika bra som sin bror.,She sings just as well as her brother.
att hitta,Jag hoppas att hitta den bästa restaurangen i staden.,I hope to find the best restaurant in the city.
ett tag,Jag har inte sett dig på ett tag.,I haven't seen you for a while.
att dra,Jag måste dra i snöret för att få upp rullgardinen.,I have to pull the cord to raise the roller blind.
att leda,Jag vill leda gruppen till framgång.,I want to lead the group to success.
gärna,Jag gillar att bada gärna på sommaren.,I like to swim gladly in the summer.
ändå,"Jag ville gå ut, men det regnade ändå.","I wanted to go out, but it rained anyway."
ett förslag,Jag har ett förslag till vår nästa träff.,I have a proposal for our next meeting.
att lyckas,Det är viktigt att lyckas i skolan.,It is important to succeed in school.
dessutom,"Jag gillar pizza, och dessutom älskar jag pasta.","I like pizza, and furthermore, I love pasta."
ett område,Det finns ett område där vi kan spela fotboll.,There is an area where we can play football.
en lag,En lag skyddar våra rättigheter.,A law protects our rights.
svår,Det är svåra frågor på provet.,There are difficult questions on the test.
att lära,Jag älskar att lära mig nya språk.,I love to learn new languages.
att sätta,Jag ska sätta mig ner och läsa en bok.,I will sit down and read a book.
en plats,Vi kan träffas på en plats nära sjön.,We can meet at a spot near the lake.
lång,Han är lång och spelar basket.,He is tall and plays basketball.
att lämna,Jag måste lämna rummet nu.,I have to leave the room now.
att bygga,Jag vill bygga ett hus.,I want to build a house.
en politik,En politik kan förändra ett land.,A politics can change a country.
tidigare,Jag såg henne tidigare idag.,I saw her earlier today.
att kalla,Jag vill kalla dig min vän.,I want to call you my friend.
en peng,Jag har en peng i min ficka.,I have a coin in my pocket.
väldigt,Det är väldigt kallt ute idag.,It is very cold outside today.
att leva,Att leva är att njuta av varje ögonblick.,To live is to enjoy every moment.
att ställa,Jag måste ställa min stol på rätt plats.,I need to place my chair in the right spot.
att följa,Jag vill följa med dig till affären.,I want to follow you to the store.
en vecka,Jag tränar en vecka varje månad.,I train once a week every month.
ja,"Ja, jag vill ha en glass.","Yes, I want an ice cream."
att ske,Det är viktigt att förstå vad som kan ske i framtiden.,It is important to understand what can happen in the future.
ett parti,Vi spelar ett parti schack varje söndag.,We play a game of chess every Sunday.
att kräva,Vi måste kräva rättvisa för alla.,We must demand justice for everyone.
en utveckling,En utveckling i teknologin förändrar våra liv.,A development in technology is changing our lives.
faktiskt,Det är faktiskt en fin dag idag.,It is actually a nice day today.
att ena,Vi måste ena oss för att lösa problemet tillsammans.,We must unite to solve the problem together.
att svara,Kan du svara på frågan?,Can you answer the question?
ner,Jag går ner för trappen.,I am going down the stairs.
att fortsätta,Vi måste fortsätta jobba hårt.,We must continue to work hard.
en skola,En skola ligger i centrum av staden.,A school is located in the center of the city.
att bruka,Jag brukar gå till parken varje dag.,I am used to going to the park every day.
ett mål,Jag satte ett mål att springa en mil varje vecka.,I set a goal to run a mile every week.
ett par,Jag har ett par skor i min garderob.,I have a pair of shoes in my wardrobe.
sent,Jag går alltid sent till sängs.,I always go to bed late.
ekonomisk,Ekonomisk stabilitet är viktig för alla länder.,Economic stability is important for all countries.
kl.,Mötet börjar kl. 10.,The meeting starts at 10 o'clock.
dålig,Det är dålig väder idag.,The weather is bad today.
ett namn,Jag har ett namn som är lätt att komma ihåg.,I have a name that is easy to remember.
igen,Jag känner igen dig från festen.,I recognize you from the party.
verkligen,Jag verkligen gillar att läsa böcker.,I really like to read books.
att mena,Vad menar du med det?,What do you mean by that?
fortfarande,Jag är fortfarande hungrig.,I am still hungry.
en grupp,Vi ska träffa en grupp vänner i parken.,We are going to meet a group of friends in the park.
ett beslut,Jag måste fatta ett beslut idag.,I need to make a decision today.
även om,Jag går ut även om det regnar.,I go out even if it rains.
enda,Hon är mitt enda barn.,She is my only child.
bort,Han gick bort igår.,He went away yesterday.
att slå,Han slog bollen långt över nätet.,He hit the ball far over the net.
möjlig,Det är möjligt att lära sig svenska.,It is possible to learn Swedish.
många,Det finns många stjärnor på natten.,There are many stars in the night.
att hända,Vad är det som händer här?,What's happening here?
att ämna,Jag ämnar att börja träna nästa vecka.,I intend to start exercising next week.
endast,Endast medlemmar får delta i mötet.,Only members are allowed to participate in the meeting.
en miljon,Jag har sparat en miljon kronor.,I have saved a million kronor.
vidare,Vi kan gå vidare med planeringen.,We can move forward with the planning.
ganska,Det är ganska kallt ute idag.,It is pretty cold outside today.
ett svar,Jag väntar på ett svar från min vän.,I am waiting for an answer from my friend.
varenda,Varenda person här är vänlig.,Every single person here is friendly.
istället,Jag vill äta pizza istället.,I want to eat pizza instead.
först,Först ska vi äta frukost.,"First, we will eat breakfast."
att arbeta,Jag gillar att arbeta med mina kollegor.,I enjoy working with my colleagues.
heller,"Jag vill inte gå på bio, och du vill inte heller.","I don't want to go to the movies, and you don't want to either."
riktigt,Det var riktigt roligt att vara på festen.,It was really fun to be at the party.
"en hand, två händer","En hand kan räcka till, men två händer gör arbetet lättare.","One hand can suffice, but two hands make the work easier."
en uppgift,Jag har fått en uppgift att skriva en rapport.,I have received a task to write a report.
att fungera,Det är viktigt att allt fungerar bra.,It is important that everything functions well.
att beta,Kor betar på ängen.,Cows graze in the meadow.
att köpa,Jag vill köpa en ny bok.,I want to buy a new book.
nästan,Jag är nästan klar med mitt arbete.,I am almost done with my work.
bra,"Bra jobbat, du klarade det!","Well done, you did it!"
bland,Bland vänner är livet roligt.,"Among friends, life is fun."
december,December är en kall månad.,December is a cold month.
att sitta,Jag gillar att sitta i parken och läsa en bok.,I like to sit in the park and read a book.
precis,Jag kom precis hem.,I just got home.
hennes,Hennes bok ligger på bordet.,Her book is on the table.
att åta sig,Jag vill åta mig att hjälpa dig med ditt projekt.,I want to commit to helping you with your project.
bland annat,"Jag gillar många sporter, bland annat fotboll och tennis.","I like many sports, among other things football and tennis."
ett krig,Det finns ett krig i historien som vi aldrig får glömma.,There is a war in history that we must never forget.
till exempel,"Jag gillar många frukter, till exempel äpplen och bananer.","I like many fruits, for example apples and bananas."
tillsammans,Vi ska jobba tillsammans för att lösa problemet.,We will work together to solve the problem.
henne,Jag träffade henne i parken.,I met her in the park.
intressant,Det är intressant att lära sig nya språk.,It is interesting to learn new languages.
ett val,Jag måste göra ett val snart.,I have to make a choice soon.
en kyrka,En kyrka ligger på torget.,A church is located in the square.
egentligen,Det är egentligen bara en vanlig dag.,It is actually just a normal day.
inför,Inför mötet kände jag mig nervös.,"Before the meeting, I felt nervous."
en historia,Jag gillar att höra en historia innan jag somnar.,I like to hear a story before I fall asleep.
ett jobb,Jag har ett jobb som jag älskar.,I have a job that I love.
att berätta,Jag vill berätta en historia för dig.,I want to tell a story to you.
vanlig,Det är vanligt att dricka kaffe på morgonen.,It is common to drink coffee in the morning.
att rätta,Jag behöver rätta mina misstag.,I need to correct my mistakes.
januari,Januari är den kallaste månaden.,January is the coldest month.
en information,En information kan vara mycket värdefull.,Information can be very valuable.
flest,Barnen har flest leksaker i klassen.,The children have the most toys in the class.
ung,Jag är ung och glad.,I am young and happy.
en,Det är viktigt att en alltid är snäll mot andra.,It is important that one is always kind to others.
tillbaka,Jag går tillbaka till skolan.,I am going back to school.
en film,Jag såg en film igår kväll.,I watched a movie last night.
ibland,Ibland går jag till parken.,Sometimes I go to the park.
medan,Jag läser en bok medan du lagar mat.,I am reading a book while you are cooking.
ett slut,Det är viktigt att ha ett slut på varje projekt.,It is important to have an end to every project.
en massa,Det finns en massa människor på konserten.,There are loads of people at the concert.
en tanke,En tanke slog mig när jag såg solen gå ner.,A thought struck me when I saw the sun set.
en akt,Hon läste en akt från teatern.,She read an act from the theater.
en procent,Det är en procent av befolkningen som gillar kaffe.,It is one percent of the population that likes coffee.
en månad,Jag har en månad kvar tills min födelsedag.,I have a month left until my birthday.
sista,Vi måste köpa biljetter till den sista konserten.,We need to buy tickets for the last concert.
en ätt,Ätten har styrt landet i flera generationer.,The dynasty has ruled the country for several generations.
att sluta,Jag vill sluta äta godis.,I want to stop eating candy.
en verksamhet,Vi startar en verksamhet tillsammans nästa år.,We are starting a business together next year.
en rätt,Vi beställde en rätt till förrätt och en till efterrätt.,We ordered a dish for the starter and one for dessert.
samtidigt,Jag läser en bok och lyssnar på musik samtidigt.,I am reading a book and listening to music at the same time.
emot,Jag står emot vinden när jag cyklar.,I stand against the wind when I cycle.
ett stöd,Jag behöver ett stöd för att klara av detta projekt.,I need a support to manage this project.
en familj,En familj är viktig för oss.,A family is important to us.
vem,Vem är din bästa vän?,Who is your best friend?
att åka,Jag gillar att åka buss till jobbet.,I like to go by bus to work.
att betala,Jag måste betala räkningen idag.,I have to pay the bill today.
en kommun,Jag bor i en kommun med många parker.,I live in a municipality with many parks.
ett resultat,Ett resultat av träningen är bättre hälsa.,A result of the training is better health.
att utveckla,Jag vill utveckla mina färdigheter.,I want to develop my skills.
att föra,Jag ska föra boken till biblioteket.,I will bring the book to the library.
att hjälpa,Jag vill hjälpa dig.,I want to help you.
nästa,Nästa vecka ska vi åka till stranden.,Next week we are going to the beach.
nära,Vi bor nära parken.,We live near the park.
nej,"Nej, jag vill inte gå ut idag.","No, I don’t want to go out today."
en text,Jag läser en text varje dag.,I read a text every day.
ett exempel,Det här är ett exempel på en bra bok.,This is an example of a good book.
särskilt,Jag gillar särskilt att läsa böcker.,I especially like to read books.
en debatt,Vi hade en debatt om klimatförändringar i skolan.,We had a debate about climate change at school.
när det gäller,"När det gäller mat, älskar jag pasta.","When it comes to food, I love pasta."
på grund av,Jag stannade hemma på grund av regnet.,I stayed home because of the rain.
en situation,En situation kan förändras snabbt.,A situation can change quickly.
europeisk,Det europeiska laget vann turneringen.,The European team won the tournament.
en form,En form kan vara rund eller fyrkantig.,A shape can be round or square.
en orm,Jag såg en orm i trädgården.,I saw a snake in the garden.
ett råd,Jag behöver ett råd om hur jag ska lösa problemet.,I need advice on how to solve the problem.
november,November är en kall månad.,November is a cold month.
en makt,En makt kan förändra världen.,A power can change the world.
social,Sociala medier är viktiga för att hålla kontakten.,Social media is important for keeping in touch.
att vinna,Jag vill vinna tävlingen.,I want to win the competition.
kvar,Det finns bara en bit pizza kvar.,There is only one piece of pizza left.
ett system,Ett system kan vara enkelt att förstå.,A system can be easy to understand.
att vänta,Jag måste vänta på bussen.,I have to wait for the bus.
tidig,Jag går alltid upp tidig på morgonen.,I always get up early in the morning.
en åtgärd,Vi behöver en åtgärd för att lösa problemet.,We need a measure to solve the problem.
ett krav,Det är ett krav att lämna in uppgiften i tid.,It is a requirement to submit the assignment on time.
en skillnad,Det är en skillnad mellan dem.,There is a difference between them.
en riksdag,En riksdag beslutar om viktiga lagar.,A parliament decides on important laws.
internationell,Internationell handel är viktig för ekonomin.,International trade is important for the economy.
nationell,Sverige har en stark nationell identitet.,Sweden has a strong national identity.
att jobba,Jag gillar att jobba med mina vänner.,I like to work with my friends.
att klara,Jag tror att du kan klara det här provet.,I believe you can manage this exam.
en typ,Det finns en typ av hundar som är väldigt vänliga.,There is a kind of dog that is very friendly.
kring,Vi pratar kring bordet om våra planer.,We talk around the table about our plans.
båda,Båda barnen leker i parken.,Both children are playing in the park.
cirka,Vi kommer att vara där cirka klockan tre.,We will be there at about three o'clock.
en tur,Vi hade en tur till fjällen i helgen.,We had a trip to the mountains last weekend.
en polis,En polis hjälper människor varje dag.,A police officer helps people every day.
ett medium,Ett medium kan vara en bra källa till information.,A medium can be a good source of information.
låg,Min lärare sa att lågstadiet är viktigt för barn.,My teacher said that elementary school is important for children.
varandra,Känner ni varandra?,Do you guys know each other?
en mun,Hon dricker en kopp kaffe och ler med en mun.,She drinks a cup of coffee and smiles slightly.
ett ansvar,Jag har ett ansvar för mina studier.,I have a responsibility for my studies.
en roll,Hon spelar en roll i teatern.,She plays a role in the theater.
en regel,En regel är viktig att följa i skolan.,A rule is important to follow in school.
oktober,Oktober är min favoritmånad.,October is my favorite month.
att prata,Jag gillar att prata med mina vänner.,I like to talk with my friends.
en organisation,En organisation hjälper människor att samarbeta.,An organisation helps people to collaborate.
en medlem,Jag är en medlem i föreningen.,I am a member of the association.
att fråga,Kan jag fråga dig något?,May I ask you something?
att anmäla,Jag måste anmäla mig till kursen nästa vecka.,I need to sign up for the course next week.
att nå,Jag försöker nå mitt mål varje dag.,I try to reach my goal every day.
att bo,Jag bor i Stockholm.,I live in Stockholm.
en krona,Jag har en krona i fickan.,I have a crown in my pocket.
att stämma,Musiken stämmer perfekt med texten.,The music corresponds perfectly with the lyrics.
en rättighet,En rättighet är något som alla människor har.,A right is something that all people have.
sedan,Han har varit här sedan i måndags.,He has been here since Monday.
bakom,Hon sitter bakom ratten och kör.,She is sitting behind the wheel and driving.
efter att,"Efter att jag hade ätit, gick jag en promenad.","After having eaten, I went for a walk."
därmed,Hon stängde dörren och därmed var festen över.,"She closed the door, and with that, the party was over."
med,Jag vill ha glass med.,I want ice cream too.
ett hus,Jag bor i ett hus med min familj.,I live in a house with my family.
en vän,Jag har en vän som heter Anna.,I have a friend named Anna.
att dela,Vi kan dela kakan med våra vänner.,We can share the cake with our friends.
februari,Februari är en kall månad.,February is a cold month.
kort,"Kort sagt, vi ses imorgon.","In short, we'll see each other tomorrow."
en grund,En grund av förtroende är viktig i varje relation.,A foundation of trust is important in every relationship.
runt,Jag gick runt parken varje dag.,I walked around the park every day.
en framtid,Vi drömmer om en framtid full av möjligheter.,We dream of a future full of possibilities.
att köra,Vi ska köra till stranden i helgen.,We will drive to the beach this weekend.
en etikett,Jag satte en etikett på lådan.,I put a label on the box.
fri,Maten är fri från gluten.,The food is gluten-free.
ett behov,Det finns ett behov av mer information.,There is a need for more information.
en timme,Vi har en timme kvar till lektionen.,We have an hour left until the lesson.
september,September är en månad med vackra färger.,September is a month with beautiful colors.
att hoppas,Jag hoppas att det blir soligt i helgen.,I hope it will be sunny this weekend.
ensam,Jag känner mig ensam när det regnar.,I feel lonely when it rains.
snart,Vi ska snart äta middag.,We will eat dinner soon.
rätt,Du har gjort rätt val.,You made the right choice.
att förklara,Jag försöker alltid att förklara mina idéer tydligt.,I always try to explain my ideas clearly.
en ledning,En ledning är viktig för att leda företaget framåt.,A management is important to lead the company forward.
ett intresse,Jag har ett intresse för musik.,I have an interest in music.
att tvinga,Jag vill inte tvinga dig att göra något du inte vill.,I don't want to force you to do something you don't want to.
att påverka,Det är viktigt att påverka andra positivt.,It is important to influence others positively.
en anledning,Det finns alltid en anledning till att vi gör det vi gör.,There is always a reason for why we do what we do.
att titta,Jag gillar att titta på filmer.,I like to watch movies.
att minska,Vi måste minska våra utgifter.,We need to decrease our expenses.
i alla fall,"Jag ska gå till affären, i alla fall.","I will go to the store, in any case."
däremot,"Jag gillar kaffe, däremot föredrar jag te.","I like coffee; however, I prefer tea."
direkt,Jag pratar direkt med dig.,I speak directly to you.
en ekonomi,En stark ekonomi är viktig för landet.,A strong economy is important for the country.
att bestämma,Vi måste bestämma oss för en tid för mötet.,We need to decide on a time for the meeting.
att skicka,Jag ska skicka ett meddelande till dig.,I will send you a message.
trots,Trots regnet gick vi ut och spelade fotboll.,"Despite the rain, we went out and played football."
en åsikt,Jag har en åsikt om filmen.,I have an opinion about the movie.
en diskussion,Vi hade en diskussion om vädret.,We had a discussion about the weather.
en rad,Barnen sitter i en rad på bänken.,The children are sitting in a row on the bench.
ett faktum,Det är ett faktum att solen alltid går upp varje morgon.,It is a fact that the sun always rises every morning.
en tidning,Jag läser en tidning varje morgon.,I read a newspaper every morning.
en mening,Jag förstår inte meningen i hans ord.,I don't understand the meaning of his words.
utanför,Jag sitter utanför kaféet.,I am sitting outside the café.
rätt,Det är rätt att alltid vara snäll mot andra.,It is right to always be kind to others.
gemensam,Vi har en gemensam vän.,We have a mutual friend.
klar,Är du klar för att börja?,Are you ready to start?
juni,Juni är den bästa månaden för att åka på semester.,June is the best month to go on vacation.
en is,En is ligger på sjön.,An ice is lying on the lake.
en bil,Jag har en bil.,I have a car.
en myndighet,En myndighet kan hjälpa dig med dina frågor.,An authority can help you with your questions.
ett nummer,Jag behöver ett nummer till läkaren.,I need a number for the doctor.
allmän,Allmän kunskap är viktig för alla.,General knowledge is important for everyone.
en musik,Jag lyssnar på en musik varje dag.,I listen to a music every day.
att ändra,Jag behöver ändra min klänning innan festen.,I need to alter my dress before the party.
att träffa,Jag vill träffa mina vänner i helgen.,I want to meet my friends this weekend.
ihop,Vi arbetar ihop för att bli bättre.,We work together to get better.
att diskutera,Vi behöver att diskutera våra planer.,We need to discuss our plans.
att driva,Jag vill driva en liten kafé i staden.,I want to run a small café in the city.
att sälja,Jag vill sälja min cykel.,I want to sell my bike.
att sakna,Jag saknar min vän som bor långt borta.,I miss my friend who lives far away.
ett program,Jag såg ett program om djur på tv.,I saw a program about animals on TV.
ifrån,Var kommer du ifrån?,Where do you come from?
att länka,Jag behöver länka till min webbplats.,I need to link to my website.
en kunskap,En kunskap är viktig för att lyckas.,Knowledge is important to succeed.
snabbt,Jag springer snabbt till bussen.,I run quickly to the bus.
maj,Maj är en vacker månad.,May is a beautiful month.
amerikansk,Amerikansk musik är väldigt populär i Sverige.,American music is very popular in Sweden.
att tyda,Jag kan tyda din kroppsspråk.,I can interpret your body language.
särskild,Jag har en särskild bok som jag älskar.,I have a special book that I love.
en början,Det är en början på något stort.,It is a beginning of something great.
naturligtvis,Naturligtvis kommer jag till festen.,"Of course, I will come to the party."
ett skäl,Det finns alltid ett skäl till varför vi gör saker.,There is always a reason why we do things.
fin,Det var en fin dag i parken.,It was a lovely day in the park.
att genomföra,Vi behöver att genomföra projektet innan deadline.,We need to carry out the project before the deadline.
liksom,Hon sjunger liksom en fågel.,She sings just like a bird.
via,Jag skickade brevet via posten.,I sent the letter via the mail.
före,Vi ska träffas före lunch.,We will meet before lunch.
en dom,En dom kan ändras om nya bevis kommer fram.,A judgment can be changed if new evidence comes to light.
en risk,Det finns en risk för att det regnar imorgon.,There is a risk that it will rain tomorrow.
enkel,Jag köpte en enkel biljett till Stockholm.,I bought a single ticket to Stockholm.
alls,Det är ingen fara alls.,It's no trouble at all.
ett pris,Ett pris kan vara svårt att vinna.,A prize can be hard to win.
att räkna,Jag måste räkna mina pengar innan jag går ut.,I need to count my money before I go out.
att beskriva,Jag gillar att beskriva mina drömmar.,I like to describe my dreams.
hem,Jag ska köra hem nu.,I am going to drive home now.
att möta,Jag ser fram emot att möta mina vänner i helgen.,I look forward to meeting my friends this weekend.
såsom,"Det finns många djur, såsom katter och hundar.","There are many animals, such as cats and dogs."
en idé,En idé kan förändra världen.,An idea can change the world.
ett gram,Jag behöver bara ett gram socker till kakan.,I only need a gram of sugar for the cake.
förra,Förra veckan var det soligt.,Last week it was sunny.
en tjänst,Kan du göra mig en tjänst och hjälpa mig med läxorna?,Can you do me a favor and help me with my homework?
att heta,Han heter Erik.,His name is Erik.
en kultur,Sverige har en kultur som firar midsommar.,Sweden has a culture that celebrates Midsummer.
att äta,Jag älskar att äta pizza på fredagar.,I love to eat pizza on Fridays.
ett syfte,Ett syfte med mötet är att planera nästa projekt.,One purpose of the meeting is to plan the next project.
en princip,En princip är viktig för att fatta bra beslut.,A principle is important for making good decisions.
att flytta,Vi ska flytta till en ny lägenhet nästa vecka.,We are going to move to a new apartment next week.
ute,Vi ska vara ute i parken idag.,We will be out in the park today.
att utgöra,Träd utgör en viktig del av naturen.,Trees constitute an important part of nature.
en politiker,En politiker måste lyssna på folket.,A politician must listen to the people.
lätt,Att lära mig svenska känns lätt.,Learning Swedish feels easy.
en förälder,En förälder älskar sitt barn.,A parent loves their child.
en marknad,Det finns en marknad i staden varje lördag.,There is a market in the city every Saturday.
nämligen,"Jag gillar frukt, nämligen äpplen och bananer.","I like fruit, namely apples and bananas."
tydlig,Det är tydlig information på hemsidan.,It is clear information on the website.
en utbildning,Jag vill ha en utbildning inom datavetenskap.,I want an education in computer science.
att röra,Jag vill röra vid kattens mjuka päls.,I want to touch the cat's soft fur.
en nivå,Hon studerar på en nivå som är mycket hög.,She studies at a level that is very high.
april,April är en månad med vårblommor.,April is a month with spring flowers.
en mängd,Det finns en mängd olika blommor i parken.,There is a variety of different flowers in the park.
en betydelse,Ord har en betydelse för hur vi kommunicerar.,Words have a meaning for how we communicate.
kristen,Hon är en kristen person.,She is a Christian person.
att dö,Det är sorgligt att dö.,It is sad to die.
mars,Mars är den tredje månaden på året.,March is the third month of the year.
allt,Allt är bra med mig.,Everything is good with me.
en kväll,Vi ska gå på bio en kväll.,We are going to the movies one evening.
en bildning,En bildning av kultur är viktigt för samhället.,An education in culture is important for society.
en länk,Jag klickade på en länk i e-postmeddelandet.,I clicked on a link in the email.
att växa,Blommorna börjar växa i trädgården.,The flowers are starting to grow in the garden.
per,Jag dricker två koppar kaffe per dag.,I drink two cups of coffee per day.
offentlig,Offentlig information är viktig för alla.,Public information is important for everyone.
såväl,Jag gillar både kaffe såväl som te.,I like both coffee and tea.
att våga,Jag vill våga prova något nytt.,I want to dare to try something new.
ett vatten,Jag dricker ett vatten varje dag.,I drink a water every day.
ett håll,Hon pekade i ett håll där solen gick ner.,She pointed in a direction where the sun was setting.
mänsklig,Mänskliga rättigheter är viktiga för alla.,Human rights are important for everyone.
en demokrati,En demokrati ger oss frihet att tala.,A democracy gives us the freedom to speak.
att fatta,Jag försöker alltid att fatta vad läraren säger.,I always try to understand what the teacher is saying.
en jord,En jord är viktig för att odla mat.,Soil is important for growing food.
en känsla,En känsla av lycka är viktig.,A feeling of happiness is important.
en förändring,En förändring kan vara bra för oss.,A change can be good for us.
att nämna,Jag vill nämna en viktig punkt.,I want to mention an important point.
tyvärr,Tyvärr kan jag inte komma idag.,"Unfortunately, I can't come today."
enskild,Jag behöver enskild tid för mig själv.,I need private time for myself.
rätt,Du hade rätt om vädret idag.,You were right about the weather today.
att be,Jag måste be om hjälp med läxan.,I need to ask for help with my homework.
en punkt,Jag satte en punkt i slutet av meningen.,I put a period at the end of the sentence.
en ändring,Jag behöver göra en ändring i min klädstil.,I need to make a change in my clothing style.
en mission,Jag har en mission att hjälpa mina vänner.,I have a mission to help my friends.
igår,Igår var det soligt och varmt.,Yesterday was sunny and warm.
en kommission,Vi fick en kommission för att hjälpa till med projektet.,We received a commission to help with the project.
en ort,Vi bor i en liten ort vid havet.,We live in a small place by the sea.
att anta,Jag antar att du kommer till festen.,I assume that you will come to the party.
trots att,"Trots att det regnar, går vi ut och promenerar.","Despite the rain, we are going out for a walk."
ett spel,Jag spelar ett spel varje kväll.,I play a game every evening.
ett språk,Jag lär mig ett språk varje dag.,I learn a language every day.
att föreslå,Jag vill föreslå en idé till mötet.,I want to suggest an idea for the meeting.
igenom,Vi pratade igenom hela natten.,We talked throughout the night.
att undra,Jag undrar vad klockan är.,I wonder what time it is.
eget,Jag vill starta mitt eget företag.,I want to start my own business.
ett möte,Vi har ett möte klockan tre på eftermiddagen.,We have a meeting at three in the afternoon.
en mat,Jag ska laga en mat till middag.,I will prepare a meal for dinner.
en gräns,Vi passerade en gräns mellan länderna.,We crossed a border between the countries.
att lyssna,Kan du lyssna på mig nu?,Can you listen to me now?
att delta,Jag vill delta i festen på lördag.,I want to participate in the party on Saturday.
ett samarbete,Vi har ett samarbete för att hjälpa varandra.,We have a collaboration to help each other.
annars,"Du måste studera, annars klarar du inte provet.","You have to study, otherwise you won't pass the exam."
att falla,Det är lätt att falla för en bra idé.,It's easy to fall for a good idea.
nära,Jag bor nära min bästa vän.,I live close to my best friend.
ett rum,Det är ett rum med lågt tak.,It is a room with a low ceiling.
ungefär,Vi kommer att vara där ungefär klockan fem.,We will be there at approximately five o'clock.
att starta,Vi ska starta vår resa tidigt på morgonen.,We will start our journey early in the morning.
att inse,Jag inser att jag har glömt min plånbok hemma.,I realize that I left my wallet at home.
internet,Internet är viktigt för att kommunicera.,The internet is important for communication.
ett hov,Kungen bor på ett hov.,The king lives in a court.
öppen,Dörren är öppen.,The door is open.
att bidra,Jag vill bidra till vårt projekt.,I want to contribute to our project.
en död,En död kan vara mycket sorglig.,A death can be very sad.
att luta,Jag gillar att luta mig mot väggen.,I like to lean against the wall.
ett öga,Jag såg ett öga i mörkret.,I saw an eye in the darkness.
säkert,Det kommer säkert att regna imorgon.,It will certainly rain tomorrow.
ett ämne,Matematik är ett ämne som många tycker är svårt.,Mathematics is a subject that many find difficult.
få,Det finns få böcker på hyllan.,There are few books on the shelf.
augusti,Augusti är en varm månad i Sverige.,August is a warm month in Sweden.
en socialdemokrat,Jag träffade en socialdemokrat på mötet.,I met a social democrat at the meeting.
ett projekt,Jag arbetar på ett projekt med mina vänner.,I am working on a project with my friends.
övrig,"Jag har köpt två äpplen, men jag vill ha det övriga.","I bought two apples, but I want the other one."
dels,"Dels gillar jag att läsa, dels tycker jag om att skriva.","On the one hand, I like to read, on the other hand, I enjoy writing."
framför allt,"Vi måste fokusera på träning, framför allt styrketräning.","We need to focus on training, above all strength training."
positiv,Jag har en positiv inställning till livet.,I have a positive attitude towards life.
rolig,Den där filmen var verkligen rolig!,That movie was really funny!
en port,En port leder till en vacker trädgård.,A door leads to a beautiful garden.
att bero,Det beror på vädret om vi går ut.,It depends on the weather if we go out.
en kropp,En kropp behöver motion för att må bra.,A body needs exercise to feel good.
att minnas,Jag försöker alltid att minnas de goda tiderna.,I always try to remember the good times.
en handling,En handling kan förändra allt.,An action can change everything.
att rösta,Jag ska rösta i valet på söndag.,I will vote in the election on Sunday.
riktig,Det här är en riktig bok.,This is a real book.
en rapport,Jag läste en rapport om vädret idag.,I read a report about the weather today.
en lösning,Det finns alltid en lösning på varje problem.,There is always a solution to every problem.
personlig,Personlig utveckling är viktigt för alla.,Personal development is important for everyone.
att kommentera,Jag gillar att kommentera bilder på sociala medier.,I like to comment on pictures on social media.
som att,Det är som att försöka fånga vinden.,It's like trying to catch the wind.
att gilla,Jag gillar att läsa böcker.,I like to read books.
att bryta,Han bryter på engelska när han pratar.,He has an accent in English when he speaks.
en hjälp,Kan du ge mig en hjälp med läxorna?,Can you give me a help with the homework?
juli,Juli är den varmaste månaden i Sverige.,July is the warmest month in Sweden.
att innehålla,Boken innehåller många intressanta fakta.,The book contains many interesting facts.
liknande,Det finns många liknande böcker i biblioteket.,There are many similar books in the library.
ett tillfälle,Det är alltid bra att ta vara på ett tillfälle.,It is always good to take advantage of an opportunity.
inte ens,Jag har inte ens tid att äta.,I don't even have time to eat.
känd,Han är känd för sin musik.,He is known for his music.
en forskning,En forskning om hälsa är viktig.,A research on health is important.
en kraft,En kraft kan flytta berg.,A force can move mountains.
helt enkelt,Det är helt enkelt det bästa valet.,It is quite simply the best choice.
ett brott,Han begick ett brott när han stal cykeln.,He committed a crime when he stole the bicycle.
exempelvis,"Många frukter är nyttiga, exempelvis äpplen och bananer.","Many fruits are healthy, for example apples and bananas."
en röst,Hon sjöng med en röst som fick alla att lyssna.,She sang with a voice that made everyone listen.
att bjuda,Jag ska bjuda dig på middag ikväll.,I will treat you to dinner tonight.
till och med,Vi kan gå på bio till och med på söndag.,We can go to the movies even on Sunday.
att hävda,Hon hävdar att hon har rätt.,She claims that she is right.
att hamna,Jag visste inte att jag skulle hamna här.,I didn't know I would end up here.
en effekt,Effekten av träning är tydlig efter några veckor.,The effect of exercising is clear after a few weeks.
en enhet,En enhet är en grundläggande del av systemet.,A unit is a basic part of the system.
det vill säga,"Jag gillar frukt, det vill säga äpplen och bananer.","I like fruit, that is, apples and bananas."
en kontakt,Jag behöver en kontakt för min dator.,I need a plug for my computer.
en takt,Hon dansade till en takt som fick alla att le.,She danced to a beat that made everyone smile.
ett värde,Ett värde kan förändras över tid.,A value can change over time.
en förutsättning,En förutsättning för att lyckas är hårt arbete.,A prerequisite for succeeding is hard work.
en sats,Jag skrev en sats om mina drömmar.,I wrote a clause about my dreams.
en medlemsstat,Sverige är en medlemsstat i Europeiska unionen.,Sweden is a member state of the European Union.
att hinna,Jag måste hinna till jobbet innan klockan nio.,I have to get to work before nine o'clock.
en sanning,En sanning är viktig för att bygga förtroende.,A truth is important for building trust.
en religion,En religion kan ge människor hopp.,A religion can give people hope.
en källa,En källa till information kan vara mycket värdefull.,A source of information can be very valuable.
att må,Jag mår bra idag.,I feel good today.
en kostnad,En kostnad för resan var högre än vi trott.,The cost of the trip was higher than we thought.
en medborgare,En medborgare har rätt att rösta.,A citizen has the right to vote.
ett förhållande,Ett förhållande tar tid att bygga.,A relationship takes time to build.
en far,En far älskar sina barn.,A father loves his children.
en miljard,En miljard är en stor summa pengar.,A billion is a large sum of money.
en ungdom,En ungdom gillar att spela fotboll.,A young person likes to play soccer.
att släppa,Det är svårt att släppa en gammal vana.,It's hard to let go of an old habit.
enbart,"Hon vill enbart ha kaffe, inget annat.","She only wants coffee, nothing else."
ett drag,Ett drag i spelet var mycket smart.,A move in the game was very clever.
en verklighet,En verklighet är att vi måste arbeta tillsammans.,A reality is that we must work together.
en författare,En författare skriver böcker.,An author writes books.
en tillgång,En tillgång till bra utbildning är viktig för framtiden.,Access to a good education is important for the future.
nödvändig,Det är nödvändig att sova för att må bra.,It is necessary to sleep to feel good.
full,Rummet är fullt av människor.,The room is full of people.
en frihet,En frihet är att kunna välja.,A freedom is being able to choose.
att passa,Jag kan passa barnen medan du handlar.,I can watch over the children while you shop.
lokal,Den lokala tidningen har många intressanta artiklar.,The local newspaper has many interesting articles.
ytterligare,Jag behöver ytterligare tid för att slutföra uppgiften.,I need additional time to complete the task.
att öppna,Jag vill öppna fönstret.,I want to open the window.
att införa,Vi planerar att införa nya regler nästa månad.,We are planning to introduce new rules next month.
en ledare,En ledare måste vara modig.,A leader must be brave.
en mamma,En mamma tar hand om sina barn.,A mom takes care of her children.
ett sammanhang,Det är viktigt att förstå ett sammanhang innan man dömer någon.,It is important to understand a context before judging someone.
en svensk,En svensk gillar att spela fotboll.,A male Swede likes to play soccer.
hemma,Jag känner mig alltid trygg hemma.,I always feel safe at home.
en produkt,En produkt kan vara en bra idé.,A product can be a good idea.
därefter,Vi åt middag och därefter såg vi en film.,We had dinner and thereafter we watched a movie.
efter,Vi träffas efter skolan.,We meet after school.
en match,Vi ska se en match på lördag.,We are going to watch a match on Saturday.
en tro,En tro ger oss hopp.,A faith gives us hope.
alldeles,Byxorna är alldeles för stora för mig.,The trousers are far too big for me.
lätt,Det är lätt att läsa den här boken.,It is easy to read this book.
sann,Det är sant att solen alltid skiner efter regnet.,It is true that the sun always shines after the rain.
en uppfattning,Jag har en uppfattning om att solen alltid skiner efter regnet.,I have an understanding that the sun always shines after the rain.
en demokrat,En demokrat vill att alla ska få rösta.,A democrat wants everyone to be able to vote.
ett bolag,Ett bolag säljer olika typer av drycker.,A company sells various types of beverages.
en erfarenhet,En erfarenhet kan vara värdefull för din karriär.,An experience can be valuable for your career.
en kritik,Hon gav mig en kritik av min presentation.,She gave me a criticism of my presentation.
en grad,Det är en grad kallare idag än igår.,It is one degree colder today than yesterday.
en jude,Han är en jude som älskar historia.,He is a Jew who loves history.
vacker,Det är en vacker dag idag.,It is a beautiful day today.
att erbjuda,Jag vill erbjuda dig min hjälp.,I want to offer you my help.
en kamp,En kamp för frihet är alltid värd att kämpa för.,A struggle for freedom is always worth fighting for.
en period,Jag har en period av stress just nu.,I have a period of stress right now.
modern,Modern teknik gör livet enklare.,Modern technology makes life easier.
en spelare,En spelare är alltid redo att vinna.,A player is always ready to win.
en elev,En elev läser en bok i biblioteket.,A pupil is reading a book in the library.
en utredning,En utredning om brottet pågår just nu.,An investigation into the crime is currently underway.
att ingå,Att ingå i laget är en stor ära.,To be part of the team is a great honor.
en kung,En kung bor i ett stort slott.,A king lives in a big castle.
att bestå,Vänskap består av förtroende och respekt.,Friendship consists of trust and respect.
en katt,Jag har en katt som heter Luna.,I have a cat named Luna.
att konstatera,Det är viktigt att konstatera fakta innan vi fattar beslut.,It is important to establish facts before we make decisions.
dit,Jag ska gå dit för att träffa mina vänner.,I will go there to meet my friends.
klart,Det är klart att vi måste gå nu.,It is clear that we have to go now.
nuvarande,Min nuvarande lärare är väldigt snäll.,My current teacher is very kind.
att styra,Jag måste styra båten genom de svåra vågorna.,I have to steer the boat through the rough waves.
att förlora,Jag hatar att förlora i spel.,I hate to lose in games.
vit,Det vita huset ligger i Washington.,The White House is located in Washington.
en klocka,En klocka tickar alltid i takt.,A clock always ticks in time.
att påstå,Hon påstår att hon kan sjunga bättre än alla andra.,She claims that she can sing better than everyone else.
en skatt,En skatt betalas varje år.,A tax is paid every year.
att besluta,Jag måste besluta om jag ska gå på festen eller stanna hemma.,I have to decide whether to go to the party or stay home.
en befolkning,En befolkning behöver mat och vatten.,A population needs food and water.
att avse,Det här brevet avser dig.,This letter is intended for you.
en ro,Jag njuter av en ro när jag sitter vid sjön.,I enjoy a peace when I sit by the lake.
privat,Det här är mitt privata rum.,This is my private room.
ett steg,Han tog ett steg framåt i sin träning.,He took a step forward in his training.
en art,En katt är en art av husdjur.,A cat is a kind of pet.
att stödja,Jag vill alltid stödja mina vänner.,I always want to support my friends.
ond,Den ond mannen skrämde barnen.,The evil man frightened the children.
en plan,Vi träffas på planen efter skolan.,We meet at the pitch after school.
en resa,Vi planerar en resa till Sverige nästa sommar.,We are planning a trip to Sweden next summer.
utom,Alla kom till festen utom jag.,Everyone came to the party except for me.
en hund,Jag har en hund som heter Max.,I have a dog named Max.
en syn,Det är en vacker syn att se solnedgången över havet.,It is a beautiful sight to see the sunset over the sea.
att glömma,Jag glömde min telefon hemma.,I forgot my phone at home.
ett avtal,Vi har skrivit ett avtal om hyran.,We have signed a rental agreement for the rent.
en lek,Vi kan spela en lek i parken.,We can play a game in the park.
kul,Det var så kul på festen igår!,It was so fun at the party yesterday!
en natt,En natt under stjärnorna är magisk.,A night under the stars is magical.
att förändra,Jag vill förändra mitt liv.,I want to change my life.
att ange,Polisen bad mig att ange vad jag såg.,The police asked me to indicate what I saw.
någonting,Jag vill ha någonting gott att äta.,I want something good to eat.
förstås,"Det är klart att vi ses imorgon, förstås.","It’s clear that we’ll meet tomorrow, of course."
en individ,En individ kan göra stor skillnad.,An individual can make a big difference.
att älska,Jag älskar att läsa böcker.,I love to read books.
en motion,Jag gör en motion varje dag för att hålla mig frisk.,I make a motion every day to stay healthy.
glad,Jag är glad idag.,I am happy today.
ned,Jag går ned för trappan.,I am going down the stairs.
en dator,Jag behöver en dator för att studera.,I need a computer to study.
en miljö,Vi behöver en miljö med mer grönt för att trivas.,We need an environment with more greenery to thrive.
en ek,En ek står stolt i parken.,An oak stands proudly in the park.
åtminstone,Jag har åtminstone en hund.,I have at least one dog.
att presentera,Jag ska presentera mitt projekt imorgon.,I will present my project tomorrow.
att stanna,Jag vill stanna hemma idag.,I want to stay home today.
att byta,Jag vill byta tröja med dig.,I want to switch shirts with you.
ett alternativ,Ett alternativ kan vara att läsa en bok.,An alternative could be to read a book.
en minut,Vi ses om en minut.,I'll see you in a minute.
ingenting,"Det gör ingenting, vi kan vänta.","It doesn't matter, we can wait."
att uppleva,Jag vill uppleva nya saker varje dag.,I want to experience new things every day.
att samla,Jag behöver samla mina tankar innan mötet.,I need to gather my thoughts before the meeting.
svart,Hunden är svart.,The dog is black.
en bakgrund,Hon har en intressant bakgrund som konstnär.,She has an interesting background as an artist.
ett skott,Jag tog ett skott på mål.,I took a shot at the goal.
en ö,Vi åkte till en ö för att bada.,We went to an island to swim.
en kärlek,En kärlek kan börja med ett leende.,A love can start with a smile.
en metod,En metod kan vara mycket effektiv.,A method can be very effective.
äldre,Min pappa är äldre än min mamma.,My dad is older than my mom.
säker,Jag är säker på att vi kommer att ha roligt.,I am sure that we will have fun.
en borgare,En borgare deltar i stadens möten.,A citizen participates in the city's meetings.
en gud,En gud kan ge oss hopp.,A god can give us hope.
en insats,En insats i laget gjorde att vi vann matchen.,A contribution to the team made us win the match.
tysk,Tyskarna gör god mat.,The Germans make good food.
en kontroll,Jag ska gå på en kontroll nästa vecka.,I will go for a check-up next week.
att lösa,Jag behöver att lösa detta problem före mötet.,I need to solve this problem before the meeting.
att kolla,Kan du kolla på min telefon?,Can you check my phone?
att fylla,Jag ska fylla år nästa vecka.,I will have a birthday next week.
en bestämmelse,En bestämmelse kan förändra vårt liv.,A regulation can change our lives.
ett ris,Ett ris ligger på bordet.,A rice is on the table.
att drabba,Regnet drabbade staden hårt i natt.,The rain hit the city hard last night.
ett nät,Ett nät kan fånga många fiskar.,A net can catch many fish.
en teknik,En teknik för att lära sig språk är att öva varje dag.,A technique to learn languages is to practice every day.
en resurs,En resurs kan hjälpa oss att växa.,A resource can help us grow.
ett försök,Det är värt ett försök att lära sig svenska.,It's worth a try to learn Swedish.
att fara,Vi ska fara till fjällen nästa vecka.,We are going to travel to the mountains next week.
att tjäna,Jag vill tjäna mer pengar nästa år.,I want to earn more money next year.
ett argument,Ett argument kan förändra allt.,An argument can change everything.
att behandla,Läkaren vet hur man ska behandla sina patienter.,The doctor knows how to treat his patients.
ren,Huset är alltid rent och fint.,The house is always clean and tidy.
en fru,Min fru lagar alltid god mat.,My wife always cooks good food.
sjuk,Jag känner mig sjuk idag.,I feel sick today.
istället för,Jag äter frukt istället för godis.,I eat fruit instead of candy.
ett våld,Ett våld är aldrig en lösning.,Violence is never a solution.
att utföra,Jag måste utföra mitt arbete idag.,I need to carry out my work today.
en ställning,"Vi ligger under i ställningen, men vi ger inte upp.","We are behind in the score, but we won't give up."
främst,Främst i klassen var hon alltid den som hade bäst betyg.,"Foremost in the class, she was always the one with the best grades."
att räcka,Kan du räcka mig boken?,Can you hand me the book?
bättre,Jag mår bättre idag än igår.,I feel better today than yesterday.
att fundera,Jag behöver tid att fundera över mitt beslut.,I need time to think about my decision.
visst,Visst kommer vi att ha roligt på festen!,"Certainly, we will have fun at the party!"
en sommar,En sommar åkte vi till stranden varje dag.,"One summer, we went to the beach every day."
en rörelse,En rörelse kan förändra världen.,A movement can change the world.
en kund,En kund kommer alltid först.,A customer always comes first.
ett villkor,"Jag kan hjälpa dig, men jag har ett villkor.","I can help you, but I have one condition."
högt,Hon sjunger alltid högt på konserter.,She always sings loudly at concerts.
en president,En president leder landet.,A president leads the country.
emellertid,Det regnade mycket; emellertid hade vi roligt ändå.,"It rained a lot; however, we had fun anyway."
en händelse,Det var en händelse som förändrade allt.,It was an event that changed everything.
att uppstå,Ett fel har uppstått i systemet.,An error has occurred in the system.
tillbaka,Jag vill ha min bok tillbaka.,I want my book back.
att acceptera,Jag måste acceptera ditt erbjudande.,I must accept your offer.
ett huvud,Jag har ont i ett huvud.,I have a headache.
ett sök,Jag gjorde ett sök på internet för att hitta recept.,I did a search on the internet to find recipes.
snabb,Han springer snabbt.,He runs fast.
så kallad,Det är en så kallad expert på ämnet.,He is a so-called expert on the subject.
framför,Jag sitter framför teven och äter popcorn.,I sit in front of the TV and eat popcorn.
en ände,Jag tog tag i en ände av repet.,I grabbed one end of the rope.
att bilda,Vi behöver bilda en plan för projektet.,We need to form a plan for the project.
en orsak,En orsak till problemet är bristen på kommunikation.,A cause of the problem is the lack of communication.
att försvinna,Månen försvann bakom molnen.,The moon disappeared behind the clouds.
ett fel,Det var ett fel i rapporten.,There was a mistake in the report.
ett innehåll,Ett innehåll kan vara intressant och lärorikt.,A content can be interesting and educational.
en natur,En natur kan vara mycket vacker.,A nature can be very beautiful.
ett begrepp,Ett begrepp jag inte förstår är demokrati.,A concept I don't understand is democracy.
för att,Jag läser en bok för att lära mig nya saker.,I read a book in order to learn new things.
en konflikt,Det finns en konflikt mellan två grupper.,There is a conflict between two groups.
tack,Tack för hjälpen!,Thank you for the help!
ett djur,Ett djur kan vara en vän.,An animal can be a friend.
en chans,Jag vill ta en chans att vinna tävlingen.,I want to take a chance to win the competition.
samtidigt som,Jag lyssnar på musik samtidigt som jag städar.,I listen to music at the same time as I clean.
demokratisk,Sverige är en demokratisk nation.,Sweden is a democratic nation.
fel,Jag hörde fel när du sa ditt namn.,I heard wrong when you said your name.
ett läge,Jag är i ett läge där jag måste bestämma mig.,I am in a situation where I have to decide.
att sprida,Vi kan sprida glädje med våra leenden.,We can spread joy with our smiles.
en växt,En växt behöver ljus för att växa.,A plant needs light to grow.
förutom,Förutom kaffe gillar jag att dricka te.,"Aside from coffee, I like to drink tea."
i samband med,Vi träffades i samband med mötet.,We met in conjunction with the meeting.
styck,Jag köper ett styck bröd.,I am buying a piece of bread.
ett utskott,Det finns ett utskott som arbetar med miljöfrågor.,There is a committee that works on environmental issues.
en muslim,En muslim ber varje dag.,A Muslim prays every day.
en ordning,Det är viktigt att ha en ordning i hemmet.,It is important to have tidiness in the home.
ett uppdrag,Jag har fått ett uppdrag från min lärare.,I have received an assignment from my teacher.
en mark,En mark är viktig för att odla mat.,A piece of land is important for growing food.
en säkerhet,En säkerhet är viktigt för alla.,A security is important for everyone.
en linje,Jag står i kö för att köpa en biljett på en linje.,I am standing in line to buy a ticket on a route.
en bank,Jag går till en bank för att låna pengar.,I am going to a bank to borrow money.
att önska,Jag önskar att det blir soligt imorgon.,I wish it will be sunny tomorrow.
givetvis,Givetvis kommer jag till festen.,"Of course, I will come to the party."
en studie,En studie visar att motion är bra för hälsan.,A study shows that exercise is good for health.
en fredag,En fredag är min favoritdag.,A Friday is my favorite day.
en lärare,En lärare hjälper eleverna att lära sig.,A teacher helps the students learn.
statlig,Statliga skolor är viktiga för samhället.,State-owned schools are important for society.
en söndag,En söndag ska vi gå på bio.,"On a Sunday, we will go to the movies."
speciellt,"Jag gillar pizza, speciellt med extra ost.","I love pizza, especially with extra cheese."
röd,Trafikljuset blev röd och jag stannade.,The traffic light turned red and I stopped.
en television,Jag ser på en television varje kväll.,I watch a television every evening.
ett hot,Ett hot kan göra människor rädda.,A threat can make people afraid.
ett verk,Konstnären skapade ett verk som berörde många.,The artist created a work that touched many.
att publicera,Jag planerar att publicera min bok nästa månad.,I plan to publish my book next month.
fel,Det var fel att ge mig den adressen.,It was wrong to give me that address.
en stund,Vi kan vänta en stund.,We can wait a while.
att tillhöra,Jag vill tillhöra den bästa klubben.,I want to belong to the best club.
att omfatta,Boken omfattar många intressanta ämnen.,The book includes many interesting topics.
ett material,Ett material kan vara starkt eller svagt.,A material can be strong or weak.
en pelare,En pelare stöder taket i rummet.,A pillar supports the ceiling in the room.
ett hjärta,Ett hjärta slår för kärlek.,A heart beats for love.
knappast,Det är knappast möjligt att hinna med allt idag.,It is hardly possible to get everything done today.
att befinna sig,Jag befinner mig i Stockholm just nu.,I am in Stockholm right now.
en part,En part av kakan är min favorit.,A piece of the cake is my favorite.
trevlig,Det är trevligt att träffa nya vänner.,It is nice to meet new friends.
en höst,En höst är en vacker tid på året.,An autumn is a beautiful time of the year.
att skilja,Det är viktigt att skilja mellan rätt och fel.,It is important to distinguish between right and wrong.
ens,Du har inte ens sagt hej.,You haven't even said hello.
en förmåga,Hon har en förmåga att lära sig nya språk snabbt.,She has an ability to learn new languages quickly.
att döda,Det är fel att döda djur utan anledning.,It is wrong to kill animals without reason.
ett stånd,Vi ställde upp ett stånd på marknaden för att sälja grönsaker.,We set up a booth at the market to sell vegetables.
att peka,Kan du peka på tavlan?,Can you point at the board?
en bedömning,Jag behöver en bedömning av mitt arbete.,I need an assessment of my work.
att ringa,Jag måste ringa min vän senare.,I need to call my friend later.
att betrakta,Jag gillar att betrakta stjärnorna på natten.,I enjoy contemplating the stars at night.
en by,Det finns en by nära sjön.,There is a village near the lake.
utifrån,Utifrån situationen kan vi fatta ett bra beslut.,"Based on the situation, we can make a good decision."
en brist,Det finns en brist på mat i vissa områden.,There is a lack of food in some areas.
att hänga,Jag älskar att hänga med mina vänner på helgerna.,I love to hang out with my friends on the weekends.
tillräckligt,Är du säker på att du har tillräckligt med tid?,Are you sure you have enough time?
en måndag,En måndag är en bra dag att börja träna.,A Monday is a good day to start exercising.
aktuell,Den aktuella nyheten är viktig för alla.,The current news is important for everyone.
någonsin,Har du någonsin varit i Stockholm?,Have you ever been to Stockholm?
att tillåta,Jag måste tillåta mig själv att vila.,I must allow myself to rest.
ett universitet,Jag vill studera på ett universitet.,I want to study at a university.
en konsekvens,En konsekvens av att studera är bättre betyg.,A consequence of studying is better grades.
ett ställe,Vi ska åka till ett ställe vid sjön i helgen.,We will go to a place by the lake this weekend.
hård,Det är en hård väg att gå.,It is a hard road to walk.
en majoritet,En majoritet av folket stödjer den nya lagen.,A majority of the people support the new law.
en domstol,En domstol avgör tvister mellan människor.,A court of law resolves disputes between people.
en ordförande,Ordföranden leder mötet med stor entusiasm.,The chairman leads the meeting with great enthusiasm.
en lördag,Vi går alltid till parken en lördag.,We always go to the park on a Saturday.
en låt,Jag lyssnar på en låt varje dag.,I listen to a song every day.
en herr,En herr kom in i rummet och hälsade på alla.,A gentleman entered the room and greeted everyone.
en sekvens,En sekvens av noter spelades vackert.,A sequence of notes was played beautifully.
att förekomma,Vi måste förekomma problemen innan de blir stora.,We must anticipate the problems before they become big.
att stoppa,Vi måste stoppa bilen vid rödljuset.,We must stop the car at the red light.
en nyhet,Det är en nyhet som alla pratar om.,It is a news that everyone is talking about.
en journalist,En journalist skriver om viktiga händelser.,A journalist writes about important events.
en kris,Det är en kris i ekonomin just nu.,There is a crisis in the economy right now.
att rycka,Hon ryckte snabbt i repet för att fånga hunden.,She quickly pulled the rope to catch the dog.
att trycka,Jag behöver trycka på knappen för att öppna dörren.,I need to press the button to open the door.
betydligt,Priserna har ökat betydligt de senaste månaderna.,Prices have increased significantly in the past few months.
att kosta,Det kostar mycket att bo i Stockholm.,It costs a lot to live in Stockholm.
ett band,Jag köpte ett band för att dekorera presenten.,I bought a ribbon to decorate the gift.
numera,Numera jobbar jag hemifrån.,Now I work from home.
ett tillstånd,Jag behöver ett tillstånd för att bo här.,I need a permit to live here.
värd,Det här konstverket är verkligen värt mycket.,This artwork is truly worth a lot.
igen,Dörren är stängd igen.,The door is closed again.
imorgon,Imorgon ska jag gå till skolan.,Tomorrow I will go to school.
en klass,Vi har en klass med många duktiga elever.,We have a class with many skilled students.
att uttrycka,Det är viktigt att uttrycka sina känslor.,It is important to express one’s feelings.
en slutsats,Vi måste dra en slutsats från resultaten.,We need to draw a conclusion from the results.
global,Globalisering påverkar många länder.,Globalization affects many countries.
mitt,Bollen ligger mitt på golvet.,The ball is right in the middle of the floor.
en stol,Jag sitter på en stol.,I am sitting on a chair.
effektiv,Effektiv träning ger snabba resultat.,Effective training gives quick results.
att resa,Jag älskar att resa till nya platser.,I love to travel to new places.
att förbättra,Jag vill förbättra mina svenska kunskaper.,I want to improve my Swedish skills.
att rädda,Jag måste rädda katten från trädet.,I have to rescue the cat from the tree.
en list,Han hade en list för att vinna spelet.,He had a trick to win the game.
en relation,En relation mellan vänner är viktig.,A relationship between friends is important.
att agera,Jag måste agera snabbt för att lösa problemet.,I need to act quickly to solve the problem.
central,Centralstationen ligger mitt i staden.,The central station is located in the middle of the city.
en undersökning,En undersökning visade att många människor föredrar att arbeta hemifrån.,An investigation showed that many people prefer to work from home.
att uppnå,Det tar tid att uppnå sina drömmar.,It takes time to reach your dreams.
ett perspektiv,Ett perspektiv kan förändra hur vi ser på världen.,A perspective can change how we see the world.
ytterligare,Jag behöver ytterligare tid för att slutföra projektet.,I need more time to finish the project.
flera,Jag har flera böcker hemma.,I have several books at home.
en krona,Jag har en krona i min ficka.,I have a crown in my pocket.
plötsligt,Plötsligt började det regna.,"Suddenly, it started to rain."
naturlig,Naturlig skönhet finns överallt i naturen.,Natural beauty is everywhere in nature.
en ålder,Hon är i en ålder där hon börjar tänka på framtiden.,She is at an age where she starts thinking about the future.
en process,"En process kan ta tid, men den är viktig.","A process can take time, but it is important."
ett uttryck,Hon hade ett uttryck av förvåning på sitt ansikte.,She had an expression of surprise on her face.
en lista,Jag har skrivit en lista över mina favoritböcker.,I have written a list of my favorite books.
allra,Det är allra bäst att vara snäll mot andra.,It is very best to be kind to others.
en sökning,Jag gör en sökning på internet.,I am doing a search on the internet.
en ökning,Det är en ökning av priserna som oroar alla.,There is an increase in prices that worries everyone.
därför att,Hon stannar hemma därför att hon är sjuk.,She stays home because she is sick.
rysk,Rysk mat är väldigt god.,Russian food is very tasty.
att jämföra,Jag gillar att jämföra böcker innan jag köper dem.,I like to compare books before I buy them.
tills,Vi kommer att vara tillsammans tills vi blir gamla.,We will be together until we grow old.
intresserad,Jag är intresserad av att lära mig svenska.,I am interested in learning Swedish.
totalt,Jag är totalt trött efter jobbet.,I am totally tired after work.
att hantera,Det är viktigt att hantera stress på rätt sätt.,It is important to manage stress in the right way.
att förvänta,Jag förväntar mig inte ett svar från henne.,I don't expect an answer from her.
ett medel,Ett medel för att bli frisk är att äta bra mat.,A means to get healthy is to eat good food.
att vika,Jag vill vika papper till origami.,I want to fold paper for origami.
att döma,Vi ska inte döma människor utan att känna dem.,We should not judge people without knowing them.
att besöka,Jag vill besöka mina vänner i helgen.,I want to visit my friends this weekend.
ett hem,Det är viktigt att ha ett hem.,It is important to have a home.
att täcka,Jag behöver en filt för att täcka mig när det är kallt.,I need a blanket to cover myself when it's cold.
borgerlig,Den borgerliga regeringen beslutade att sänka skatterna.,The bourgeois government decided to lower taxes.
var,Var är du?,Where are you?
att inleda,Att inleda ett möte är viktigt för att få alla att fokusera.,To begin a meeting is important to get everyone focused.
en helg,Vi ska åka till stugan över en helg.,We are going to the cabin for a weekend.
att undvika,Jag försöker alltid att undvika onödiga konflikter.,I always try to avoid unnecessary conflicts.
ett ryck,Han vaknade med ett ryck när alarmet ringde.,He woke with a start when the alarm rang.
ett tryck,Det var ett tryck i rummet när vi firade hennes födelsedag.,There was a terrific atmosphere in the room when we celebrated her birthday.
tydligen,Tydligen ska det regna imorgon.,"Apparently, it is going to rain tomorrow."
aktiv,Jag är aktiv varje dag.,I am active every day.
att höja,Vi måste höja priset på biljetterna.,We need to raise the price of the tickets.
en pappa,En pappa leker med sina barn i parken.,A dad is playing with his children in the park.
varken (...) eller,Varken katten eller hunden är hemma.,Neither the cat nor the dog is home.
religiös,Hon är väldigt religiös och går till kyrkan varje söndag.,She is very religious and goes to church every Sunday.
att råka,Jag råkade träffa min gamla vän på affären.,I happened to meet my old friend at the store.
verklig,Det är viktigt att vara verklig mot sig själv.,It is important to be real with yourself.
rent,Det är rent fantastiskt att se soluppgången.,It is absolutely fantastic to see the sunrise.
fantastisk,Det var en fantastisk dag i parken.,It was a fantastic day in the park.
grundläggande,Kunskap är en grundläggande del av livet.,Knowledge is a fundamental part of life.
att upptäcka,Jag vill upptäcka nya platser.,I want to discover new places.
att erkänna,Jag måste erkänna att jag hade fel.,I must admit that I was wrong.
helig,Gud är helig.,God is holy.
en lön,Jag får en lön varje månad för mitt arbete.,I receive a salary every month for my work.
historisk,Stockholm har många historiska byggnader.,Stockholm has many historical buildings.
en rest,Det finns en rest av maten i kylskåpet.,There is a leftover of the food in the fridge.
halv,Jag har en halv pizza kvar.,I have half a pizza left.
en andel,En andel av kakan var mycket god.,A share of the cake was very good.
ett besök,Jag ska göra ett besök hos min vän imorgon.,I will make a visit to my friend tomorrow.
teknisk,Teknisk information är viktig för projektet.,Technical information is important for the project.
att kasta,Jag gillar att kasta bollen med mina vänner.,I like to throw the ball with my friends.
en hemsida,Jag besöker en hemsida varje dag.,I visit a home page every day.
att bedöma,Vi måste bedöma situationen innan vi tar ett beslut.,We need to assess the situation before making a decision.
en torsdag,En torsdag är en bra dag att träffa vänner.,A Thursday is a good day to meet friends.
en tillväxt,En tillväxt i företaget är alltid positiv.,A growth in the company is always positive.
en läsare,En läsare kan enkelt hitta information på nätet.,A reader can easily find information online.
en forskare,En forskare jobbar ofta sent på kvällen.,A researcher often works late in the evening.
ett bidrag,Ett bidrag kan göra stor skillnad.,A contribution can make a big difference.
en onsdag,En onsdag är alltid en bra dag för att träffa vänner.,A Wednesday is always a good day to meet friends.
en vilja,En vilja att lära sig nya saker är viktig.,A will to learn new things is important.
en sol,En sol lyser på himlen.,A sun shines in the sky.
inte minst,"Det finns många skäl att besöka Stockholm, inte minst för maten.","There are many reasons to visit Stockholm, not least for the food."
en analys,En analys av resultaten är viktig.,An analysis of the results is important.
ovan,Fågeln sitter ovan trädet.,The bird is sitting above the tree.
en lagstiftning,En lagstiftning skyddar våra rättigheter.,A legislation protects our rights.
militär,Militär träning är viktigt för landet.,Military training is important for the country.
att toppa,Jag vill toppa min pizza med extra ost.,I want to top my pizza with extra cheese.
en sort,Det finns en sort äpple som är mycket söt.,There is a kind of apple that is very sweet.
en fördel,En fördel med att läsa böcker är att man lär sig nya saker.,An advantage of reading books is that you learn new things.
att skydda,Vi måste skydda naturen.,We must protect nature.
att nyttja,Det är viktigt att nyttja tiden väl.,It is important to make good use of time.
att utnyttja,Hon försökte utnyttja sin väns snällhet.,She tried to exploit her friend's kindness.
en teori,En teori kan förklara många mysterier.,A theory can explain many mysteries.
fransk,Fransk mat är min favorit.,French food is my favorite.
att pågå,Det pågår en intressant diskussion i klassrummet.,An interesting discussion is going on in the classroom.
en samling,Vi har en samling böcker i biblioteket.,We have a collection of books in the library.
ett flertal,Ett flertal av oss gillar att läsa böcker.,A majority of us enjoy reading books.
snarare,Det är snarare bättre att gå än att ta bussen.,It is rather better to walk than to take the bus.
att försvara,Jag måste försvara mina vänner.,I must defend my friends.
en modell,Hon är en modell för många unga tjejer.,She is a model for many young girls.
skön,Det är en skön dag i parken.,It is a nice day in the park.
ett vapen,Ett vapen kan vara farligt.,A weapon can be dangerous.
således,"Vi har inga fler biljetter, således kan vi inte gå på konserten.","We have no more tickets, thus we cannot go to the concert."
en förening,Vi bildade en förening för att hjälpa barn i behov.,We formed an association to help children in need.
att lyfta,Jag behöver lyfta pengar från mitt konto.,I need to lift money from my account.
en eftermiddag,Vi ska gå till parken en eftermiddag.,We will go to the park one afternoon.
en soldat,En soldat skyddar sitt land.,A soldier protects their country.
att märka,Jag märkte att det regnade när jag gick ut.,I noticed that it was raining when I went outside.
en gemenskap,Vi har en gemenskap i vår by.,We have a community in our village.
att ösa,Jag ska ösa soppa i din tallrik.,I will scoop soup into your bowl.
fast,"Jag gillar pizza, fast jag borde äta sallad.","I like pizza, but I should eat salad."
en styrka,En styrka i laget är viktigt för att vinna.,A strength in the team is important to win.
att ersätta,Jag måste ersätta den trasiga lampan.,I need to replace the broken lamp.
en kille,En kille i min klass är väldigt rolig.,A guy in my class is very funny.
fullt,Jag är fullt redo för testet.,I am fully ready for the test.
att ägna,Jag vill ägna mer tid åt mina studier.,I want to devote more time to my studies.
oavsett,Oavsett vädret går vi på promenad.,"Regardless of the weather, we are going for a walk."
en vård,En vård är viktig för de gamla.,Care is important for the elderly.
en poäng,Jag fick en poäng på provet.,I got a point on the test.
att satsa,Jag vill satsa på min utbildning för att få ett bättre jobb.,I want to invest in my education to get a better job.
en moderat,En moderat tycker att förändringar ska ske gradvis.,A moderate believes that changes should happen gradually.
att rida,Jag älskar att rida på hästar.,I love to ride horses.
jo,"Jo, jag har redan ätit lunch.","Yes, I have already eaten lunch."
en tisdag,En tisdag är en bra dag för att börja träna.,A Tuesday is a good day to start exercising.
död,Hunden är död.,The dog is dead.
allmänt,Allmänt tycker folk om att vara ute i naturen.,"Generally, people like to be outdoors in nature."
att avsluta,Jag måste avsluta mitt arbete innan klockan fem.,I need to finish my work before five o'clock.
att sova,Jag älskar att sova på helgerna.,I love to sleep on the weekends.
inne,Vi stannade inne hela dagen på grund av regnet.,We stayed inside all day because of the rain.
en flicka,En flicka leker i parken.,A girl is playing in the park.
sedan,Jag har varit här sedan klockan tio.,I have been here since ten o'clock.
total,Jag har total förtroende för dig.,I have total trust in you.
allvarlig,Det är en allvarlig situation.,It is a serious situation.
fram,Han gick fram till dörren.,He walked up to the door.
ett ljus,Jag tänder ett ljus varje kväll.,I light a candle every evening.
en sjukdom,En sjukdom sprider sig snabbt.,An illness spreads quickly.
en unge,En unge leker i gräset.,A young one is playing in the grass.
i form av,Vi fick en gåva i form av blommor.,We received a gift in the form of flowers.
en vikt,En vikt kan göra stor skillnad i träningen.,A weight can make a big difference in training.
rik,Hon är rik som ett troll.,She is rolling in money.
en region,Sverige har många vackra regioner.,Sweden has many beautiful regions.
ett samtal,Vi hade ett samtal igår om våra planer.,We had a conversation yesterday about our plans.
negativ,Hans negativa attityd påverkar alla.,His negative attitude affects everyone.
mycket,Vi har mycket att göra idag.,We have a lot to do today.
i år,I år ska jag resa till Sverige.,This year I will travel to Sweden.
i gång,"Bilen är inte i gång, jag behöver hjälp.","The car is not started, I need help."
en vändning,Livet kan ta en vändning när man minst anar det.,Life can take a turn when you least expect it.
antingen (...) eller,"Antingen går vi till parken, eller så stannar vi hemma.","Either we go to the park, or we stay at home."
att föda,Hon ska föda sitt barn i sommar.,She will give birth to her child this summer.
åter,Jag kommer tillbaka igen.,I am coming back again.
en arbetare,En arbetare jobbar hårt varje dag.,A worker works hard every day.
att skjuta,Jag vill skjuta bollen till dig.,I want to shoot the ball to you.
en tradition,En tradition i vår familj är att fira jul tillsammans.,A tradition in our family is to celebrate Christmas together.
att hämta,Jag ska hämta min bok från biblioteket.,I will fetch my book from the library.
en församling,Vi samlas varje söndag i en församling.,We gather every Sunday in a church congregation.
ett hav,Ett hav är djupt och blått.,A sea is deep and blue.
en energi,En energi är viktig för vår framtid.,Energy is important for our future.
bred,Gatan är bred och lätt att köra på.,The street is wide and easy to drive on.
vad gäller,"Vad gäller mötet, börjar det klockan två.","As far as the meeting is concerned, it starts at two o'clock."
att påpeka,Jag vill påpeka att vi måste vara försiktiga.,I want to point out that we need to be careful.
att bättra,Jag försöker alltid att bättra mig själv varje dag.,I always try to improve myself every day.
att skaffa,Vi vill skaffa en hund.,We want to get a dog.
att utgå,Vi måste utgå från att alla gör sitt bästa.,We must assume that everyone is doing their best.
samtlig,Samtlig information måste vara korrekt.,All information must be correct.
att stärka,Jag tränar varje dag för att stärka min kropp.,I train every day to strengthen my body.
en läkare,Jag träffade en läkare igår.,I met a doctor yesterday.
fattig,Han är fattig men lycklig.,He is poor but happy.
ett grepp,Han hade ett grepp om stickan när han kastade den.,He had a grip on the stick when he threw it.
fast,Jag fastnade i trafiken i över en timme.,I got stuck in traffic for over an hour.
hej,"Hej, hur mår du?","Hi, how are you?"
att utsätta,Barn bör inte utsättas för våld.,Children should not be subjected to violence.
spännande,Det är spännande att läsa en bra bok.,It is exciting to read a good book.
fort,"Kom hit fort, vi har bråttom!","Come here quickly, we are in a hurry!"
en sikt,En klar sikt gör det lättare att köra bil.,A clear visibility makes it easier to drive a car.
en revolution,En revolution kan förändra världen.,A revolution can change the world.
ett brev,Jag fick ett brev från min vän.,I received a letter from my friend.
en personal,En personal hjälper alltid vid nödsituationer.,Emergency services personnel always help in emergencies.
en skada,Hon fick en skada på knäet när hon föll.,She got an injury on her knee when she fell.
illa,Det känns illa att jag inte kan komma på festen.,It feels bad that I can't come to the party.
att kämpa,Vi behöver kämpa för våra drömmar.,We need to fight for our dreams.
alltför,Det är alltför kallt ute idag.,It is far too cold outside today.
ett tecken,Ett tecken kan vara en vänlig gest.,A sign can be a friendly gesture.
en siffra,En siffra kan vara både liten och stor.,A digit can be both small and large.
tydligt,Han förklarade det tydligt.,He explained it clearly.
ännu,Jag är ännu trött efter jobbet.,I am still tired after work.
hårt,Jag måste träna hårt för att bli bättre.,I have to train hard to get better.
absolut,Det är absolut viktigt att studera varje dag.,It is absolutely important to study every day.
att eka,Det är roligt att höra rösten eka i dalen.,It's fun to hear the voice echo in the valley.
engelsk,Hon är engelsk och älskar te.,She is English and loves tea.
en praktik,Jag ska göra en praktik nästa sommar.,I will do an internship next summer.
förmodligen,Förmodligen kommer det att regna imorgon.,"Presumably, it will rain tomorrow."
att hoppa,Barnet hoppar högt i parken.,The child jumps high in the park.
en morgon,En morgon är alltid en ny början.,A morning is always a new beginning.
en tjej,En tjej i skolan är min bästa vän.,A girl in school is my best friend.
konstig,Det kändes konstigt när jag såg honom igen.,It felt strange when I saw him again.
en union,Sverige är en del av en union som heter EU.,Sweden is part of a union called the EU.
kommande,Det kommande vädret ser lovande ut.,The coming weather looks promising.
att avgöra,Vi måste avgöra vilken film vi ska se ikväll.,We need to decide which movie we are going to watch tonight.
en chef,Min chef är snäll och hjälpsam.,My boss is kind and helpful.
ett vis,Hon sjunger på ett vis som får alla att le.,She sings in a way that makes everyone smile.
en strid,"En strid kan vara svår, men vi måste kämpa för det som är rätt.","A battle can be tough, but we must fight for what is right."
att sända,Jag ska sända ett meddelande till dig.,I will send a message to you.
att missa,Jag vill inte missa tåget.,I don't want to miss the train.
att bedriva,Vi måste bedriva vår verksamhet på ett effektivt sätt.,We must operate our business in an efficient manner.
etcetera,"Vi kommer att köpa frukt, grönsaker, bröd, etcetera.","We will buy fruit, vegetables, bread, etcetera."
att anföra,Han anförde gruppen genom hela projektet.,He led the group through the entire project.
varm,Det är en varm dag idag.,It is a warm day today.
hit,Kom hit och spela med mig!,Come here and play with me!
en berättelse,En berättelse kan vara både spännande och lärorik.,A story can be both exciting and educational.
en produktion,En produktion av filmen var mycket framgångsrik.,A production of the film was very successful.
ett kapitel,Jag läser ett kapitel varje kväll.,I read a chapter every evening.
att hindra,Jag vill inte att något ska hindra mig från att nå mina drömmar.,I don't want anything to stop me from reaching my dreams.
en konst,En konst kan beröra våra känslor.,An art can touch our feelings.
speciell,Hon har en speciell stil.,She has a special style.
ett allvar,Vi måste ta detta på ett allvar.,We must take this seriously.
grön,Gräset är grön på våren.,The grass is green in spring.
en vår,En vår är en tid för nya början.,A spring is a time for new beginnings.
att meddela,Jag vill meddela dig att mötet är inställt.,I want to inform you that the meeting is canceled.
omöjlig,Det är omöjlig att klara provet utan att studera.,It is impossible to pass the exam without studying.
att tillämpa,Jag vill tillämpa mina kunskaper i svenska.,I want to apply my knowledge of Swedish.
ett skydd,Ett skydd mot regnet är viktigt när du är ute.,A shelter from the rain is important when you are outside.
hittills,Hittills har vi haft en bra dag.,"So far, we have had a good day."
sällan,Jag går sällan på bio.,I seldom go to the cinema.
en position,Jag söker en position inom företaget.,I am looking for a position within the company.
en behandling,Jag behöver en behandling för min förkylning.,I need a treatment for my cold.
omfattande,Studien var omfattande och täckte många ämnen.,The study was comprehensive and covered many topics.
en skog,Jag älskar att promenera i en skog.,I love to walk in a forest.
att kritisera,Det är viktigt att kritisera dåliga idéer.,It is important to criticize bad ideas.
en förklaring,Jag behöver en förklaring på varför du är sen.,I need an explanation for why you are late.
att springa,Jag älskar att springa i parken.,I love to run in the park.
oerhört,Det var oerhört roligt att se dig igen!,It was extremely fun to see you again!
att uppfatta,Jag uppfattar vad du säger.,I understand what you're saying.
ett foto,Jag tog ett foto av min katt.,I took a photo of my cat.
en islam,En islam är en viktig del av många människors liv.,Islam is an important part of many people's lives.
att stänga,"Kan du stänga dörren, tack?","Can you close the door, please?"
en aning,Jag har en aning om vad som kommer att hända.,I have a clue about what is going to happen.
ett försvar,Ett försvar är viktigt för att skydda landet.,A defense is important to protect the country.
en meter,Jag mätte bordet och det är en meter långt.,I measured the table and it is a meter long.
en evolution,En evolution kan ta många år att se.,An evolution can take many years to observe.
en funktion,"Hissen är ur funktion, så vi får ta trappen.","The elevator is out of order, so we have to take the stairs."
en dotter,Hon har en dotter som heter Sara.,She has a daughter named Sara.
en värdering,En värdering av huset visade att det var värt mer än vi trott.,An appraisal of the house showed that it was worth more than we thought.
att råda,Det är alltid bra att råda någon att följa sina drömmar.,It is always good to advise someone to follow their dreams.
en ersättning,Jag fick en ersättning för skadan på bilen.,I received a reimbursement for the damage to the car.
att slippa,Jag vill slippa att städa idag.,I want to get away with not cleaning today.
självklart,Självklart kan jag hjälpa dig med det.,Of course I can help you with that.
lämplig,Det här är en lämplig plats för en picknick.,This is a suitable place for a picnic.
ett ting,Ett ting kan vara både viktigt och enkelt.,A thing can be both important and simple.
ett minne,Ett minne av vår semester gör mig glad.,A memory of our vacation makes me happy.
en strategi,Vi behöver en strategi för att lösa problemet.,We need a strategy to solve the problem.
att dyka,Jag älskar att dyka i klart vatten.,I love to dive in clear water.
att orka,Jag orkar inte gå längre idag.,I don't have the strength to walk any further today.
att kontrollera,Jag behöver kontrollera min e-post varje dag.,I need to check my email every day.
att planera,Jag tycker om att planera mina helger i förväg.,I like to plan my weekends in advance.
en färg,Himlen har en färg som förändras vid solnedgången.,The sky has a color that changes at sunset.
att lova,Jag lovar att hjälpa dig.,I promise to help you.
att citera,Jag vill citera en viktig författare.,I want to quote an important author.
finansiell,Finansiell planering är viktigt för framtiden.,Financial planning is important for the future.
ständigt,Han ställer alltid ständigt frågor.,He constantly asks questions.
ett spår,Det finns ett spår av sand på stranden.,There is a trace of sand on the beach.
kall,Det är kallt ute idag.,It is cold outside today.
vuxen,Som vuxen måste man ta ansvar.,"As an adult, you have to take responsibility."
en allians,Vi bildade en allians för att hjälpa varandra.,We formed an alliance to help each other.
en faktor,En faktor i vår framgång är teamwork.,A factor in our success is teamwork.
en kvalitet,En kvalitet är viktig för ett bra liv.,A quality is important for a good life.
utländsk,Utländsk mat är alltid spännande att prova.,Foreign food is always exciting to try.
svag,Hon kände sig svag efter att ha varit sjuk.,She felt weak after being sick.
att sköta,Jag måste sköta mina växter varje dag.,I must care for my plants every day.
upp,Han gick upp för trappan.,He went up the stairs.
att vägra,Hon vägrar alltid att äta grönsaker.,She always refuses to eat vegetables.
ett rike,Ett rike kan ha många olika kulturer.,A kingdom can have many different cultures.
att framgå,Det framgår tydligt att hon är glad.,It is clear that she is happy.
judisk,Judisk kultur är rik och intressant.,Jewish culture is rich and interesting.
att studera,Jag älskar att studera svenska varje dag.,I love to study Swedish every day.
farlig,Det är farlig att simma i den kalla sjön.,It is dangerous to swim in the cold lake.
en framgång,En framgång kan kännas fantastisk.,A success can feel fantastic.
att tolka,Jag försöker alltid att tolka drömmar på ett positivt sätt.,I always try to interpret dreams in a positive way.
billig,Den här tröjan är billig.,This sweater is cheap.
iväg,Hon körde iväg tidigt på morgonen.,She drove off early in the morning.
en student,En student firar sin examen med sina vänner.,A student celebrates their graduation with their friends.
och så vidare,"Vi kan göra pizza, pasta, och så vidare.","We can make pizza, pasta, and so on."
visserligen,"Visserligen regnar det idag, men vi ska ändå gå ut.","Indeed, it is raining today, but we will still go out."
en vara,En vara kan vara dyr eller billig.,A commodity can be expensive or cheap.
ett undantag,Det finns alltid ett undantag till regeln.,There is always an exception to the rule.
tillgänglig,Hon är alltid tillgänglig för att hjälpa sina vänner.,She is always available to help her friends.
enorm,Den enorma elefanten gick genom parken.,The enormous elephant walked through the park.
att behålla,Jag vill behålla min bok.,I want to keep my book.
att dricka,Jag gillar att dricka kaffe på morgonen.,I like to drink coffee in the morning.
en aktion,En aktion kan förändra världen.,An action can change the world.
att bry sig om,Jag bryr mig om mina vänner.,I care about my friends.
relativt,Det är relativt enkelt att lära sig svenska.,It is relatively easy to learn Swedish.
tung,Min rygg känns tung efter att jag bar på paketet.,My back feels heavy after carrying the package.
en arbetsgivare,En arbetsgivare kan ge bra förmåner.,An employer can provide good benefits.
med hjälp av,Jag löste problemet med hjälp av en bra bok.,I solved the problem with the help of a good book.
tvärtom,"Det är inte kallt idag, tvärtom är det varmt.","It is not cold today; on the contrary, it is warm."
att notera,Det är viktigt att notera detaljerna i rapporten.,It is important to note the details in the report.
en nation,En nation kan ha många olika kulturer.,A nation can have many different cultures.
att sänka,Jag vill sänka mitt blodtryck genom att träna mer.,I want to lower my blood pressure by exercising more.
ett ärende,Jag har ett ärende till posten.,I have an errand to the post office.
en givare,En givare hjälper de som behöver det mest.,A donor helps those who need it the most.
en kull,En kull kattungar leker i trädgården.,A litter of kittens is playing in the garden.
nyligen,Jag nyss träffade en vän som jag inte har sett nyligen.,I just met a friend whom I haven't seen recently.
en rättelse,Jag behöver en rättelse i min uppsats.,I need a correction in my essay.
delvis,Jag är delvis trött idag.,I am partially tired today.
att medföra,Att medföra förändringar kan vara svårt.,To bring about changes can be difficult.
att ifrågasätta,Det är viktigt att ifrågasätta informationen vi får.,It's important to question the information we receive.
för övrigt,"För övrigt, har du sett den nya filmen?","By the way, have you seen the new movie?"
ett län,Jag bor i ett län nära havet.,I live in a county near the sea.
en gata,Jag går alltid på en gata nära mitt hus.,I always walk on a street near my house.
medveten,Jag är medveten om mina svagheter.,I am aware of my weaknesses.
en serie,Jag tittar på en serie varje kväll.,I watch a series every evening.
rimlig,Priset är rimligt för kvaliteten.,The price is reasonable for the quality.
ty,Mötet ställdes in ty vi hade för få deltagare.,The meeting was canceled because we had too few participants.
en invandrare,En invandrare bidrar till samhället.,An immigrant contributes to society.
en dörr,Jag öppnar en dörr till mitt rum.,I open a door to my room.
ett direktiv,Ett direktiv kom från chefen i morse.,A directive came from the boss this morning.
att stiga,Jag gillar att stiga tidigt på morgonen.,I like to get up early in the morning.
att tiga,Ibland är det bäst att tiga.,Sometimes it's best to keep quiet.
en fot,Jag går till skolan till fots varje dag.,I walk to school on foot every day.
begränsad,"Min tid är begränsad, så jag måste skynda mig.","My time is limited, so I have to hurry."
äntligen,Äntligen är det fredag!,"Finally, it's Friday!"
vänster,Sväng vänster vid nästa korsning.,Turn left at the next intersection.
ner,Jag går ner för trappan.,I am going down the stairs.
att väcka,Jag behöver en väckarklocka för att inte försova mig.,I need an alarm clock so I don't oversleep.
att leta,Jag letar efter mina nycklar.,I am looking for my keys.
en häst,En häst springer snabbt på ängen.,A horse runs quickly in the meadow.
en kategori,Det finns en kategori av böcker som jag älskar.,There is a category of books that I love.
brittisk,Maten var brittisk och mycket god.,The food was British and very good.
en följd,Det var en följd av många misstag som ledde till problemet.,It was a consequence of many mistakes that led to the problem.
en ed,Han avlade en ed när han blev polis.,He took an oath when he became a police officer.
en fred,Vi längtar efter en fred i världen.,We long for a peace in the world.
traditionell,Traditionell mat är oftast mycket god.,Traditional food is often very tasty.
en användning,En användning av den här appen är att lära sig språk.,One use of this app is to learn languages.
att riskera,Du bör inte riskera din hälsa för jobbet.,You should not risk your health for the job.
att tappa,Jag vill inte tappa min telefon igen.,I don't want to lose my phone again.
en inkomst,Jag behöver en inkomst för att betala räkningarna.,I need an income to pay the bills.
nöjd,Jag är nöjd med min nya cykel.,I am satisfied with my new bike.
kläder,Jag behöver köpa nya kläder inför festen.,I need to buy new clothes for the party.
att spåra,Vi kan spåra var hunden gick.,We can trace where the dog went.
en styrelse,En styrelse beslutar om viktiga frågor.,A council decides on important matters.
en intervju,Jag har en intervju imorgon.,I have an interview tomorrow.
starkt,Soppan är starkt kryddad.,The soup is very spicy.
slutligen,Slutligen kom vi fram till en lösning.,"Finally, we came up with a solution."
vag,Jag har ett vag minne av vår första träff.,I have a vague memory of our first meeting.
en bit,Jag vill ha en bit tårta.,I want a piece of cake.
muslimsk,Hon bär en muslimsk klädnad.,She wears a Muslim garment.
vetenskaplig,Vetenskaplig forskning är viktig för vår framtid.,Scientific research is important for our future.
överens,Vi kom överens om att träffas klockan tre.,We agreed to meet at three o'clock.
framtida,Framtida vinster är viktiga för företagets tillväxt.,Future profits are important for the company's growth.
ett bevis,Ett bevis för att jorden är rund är satellitbilderna.,Proof that the earth is round is the satellite images.
fast,Jag har en fast anställning på företaget.,I have a permanent job at the company.
sexuell,Sexuell hälsa är viktig för alla.,Sexual health is important for everyone.
exakt,Det är exakt vad jag ville ha.,That is exactly what I wanted.
en arbetsmarknad,En arbetsmarknad förändras över tid.,A labour market changes over time.
underbar,Livet kan vara underbart ibland.,Life can be wonderful sometimes.
en post,Jag fick en post idag.,I received a mail today.
extra,Vi behöver en extra stol för gästerna.,We need an extra chair for the guests.
ett offer,Ett offer är en viktig del av kulturen.,A sacrifice is an important part of the culture.
en sektor,En sektor i ekonomin växer snabbt.,A sector in the economy is growing quickly.
en vinst,Vi hoppas på en vinst nästa månad.,We hope for a profit next month.
England,England är känt för sitt regn.,England is known for its rain.
ett inflytande,Han har ett inflytande på beslutet.,He has an influence on the decision.
ett budskap,Jag fick ett budskap från min vän.,I received a message from my friend.
att klicka,Du måste klicka på knappen för att börja.,You need to click the button to start.
ett tips,Jag har ett tips till dig!,I have a tip for you!
ett världskrig,Ett världskrig förändrade världen för alltid.,A world war changed the world forever.
med tanke på,Med tanke på vädret stannar vi hemma idag.,"Considering the weather, we are staying home today."
självklar,Det är självklart att vi måste hjälpa varandra.,It is obvious that we must help each other.
en båt,Jag såg en båt på sjön.,I saw a boat on the lake.
borta,Boken är borta från hyllan.,The book is gone from the shelf.
regional,Regionala nyheter är viktiga för vårt samhälle.,Regional news is important for our community.
framåt,Han gick framåt mot målet.,He walked forward towards the goal.
en karaktär,En karaktär kan förändras med tiden.,A character can change over time.
en skiva,Jag vill ha en skiva bröd med smör.,I want a slice of bread with butter.
omkring,Det finns många människor omkring parken.,There are many people around the park.
ett ansikte,Han har ett ansikte som jag känner igen.,He has a face that I recognize.
i början,I början av året planerade vi en resa.,"At the beginning of the year, we planned a trip."
en aktivitet,Vi ska ha en aktivitet på lördag.,We will have an activity on Saturday.
en ost,Jag äter gärna en ost med bröd.,I like to eat cheese with bread.
ett fängelse,Han ska sitta i ett fängelse i fem år.,He will be in prison for five years.
motsvarande,Motsvarande kostnader måste beaktas i budgeten.,Corresponding costs must be considered in the budget.
att synas,Stjärnorna syns klart på natten.,The stars are clearly visible at night.
en mor,En mor älskar alltid sitt barn.,A mother always loves her child.
samman,Vi måste arbeta samman för att lösa problemet.,We must work together to solve the problem.
en ledamot,Hon är en ledamot i styrelsen.,She is a member of the board.
i enlighet med,Vi agerar i enlighet med reglerna.,We act in accordance with the rules.
civil,Han klär sig alltid i civil kläder på helgerna.,He always dresses in civilian clothes on the weekends.
uppenbar,Det är uppenbart att hon är duktig på att sjunga.,It is obvious that she is good at singing.
en skull,Jag gör det här för din skull.,I do this for your sake.
en arbetslöshet,En arbetslöshet kan vara en svår tid för många.,Unemployment can be a difficult time for many.
fysisk,Fysisk träning är bra för hälsan.,Physical exercise is good for health.
en generation,En generation förändrar alltid samhället.,A generation always changes society.
ända,Jag gick ända till parken för att träffa mina vänner.,I walked all the way to the park to meet my friends.
av och an,Han gick av och an på stranden.,He walked to and fro on the beach.
återigen,Återigen är det dags för skolan.,"Once again, it's time for school."
djup,Hans röst är djup och vacker.,His voice is deep and beautiful.
ett initiativ,Ett initiativ kan göra stor skillnad.,An initiative can make a big difference.
att fastställa,Vi måste fastställa ett datum för mötet.,We need to establish a date for the meeting.
ett parlament,Ett parlament beslutar om lagar.,A parliament decides on laws.
en säsong,Fotbollssäsongen börjar i april.,The football season starts in April.
levande,Levande ljus skapar en mysig stämning.,Living candles create a cozy atmosphere.
att hota,Han hotade att berätta en hemlighet.,He threatened to reveal a secret.
tusentals,Tusentals fåglar flög över himlen.,Thousands of birds flew over the sky.
eventuell,"Om du har några eventuella frågor, tveka inte att fråga.","If you have any potential questions, don't hesitate to ask."
en pojke,En pojke leker i parken.,A boy is playing in the park.
en version,Jag har en version av boken.,I have a version of the book.
att existera,Att existera är en fantastisk känsla.,To exist is a wonderful feeling.
trött,Jag är så trött efter skolan.,I am so tired after school.
en himmel,En himmel full av stjärnor är vacker.,A sky full of stars is beautiful.
en reaktion,En reaktion kan vara oväntad.,A reaction can be unexpected.
dyr,Den här klänningen är väldigt dyr.,This dress is very expensive.
normal,Det är normalt att känna sig nervös före ett prov.,It is normal to feel nervous before a test.
att rikta,Jag måste rikta frågan till läraren.,I need to direct the question to the teacher.
en kurs,Jag ska gå en kurs i svenska.,I will take a course in Swedish.
ett påstående,Det är ett påstående som många tror på.,It is a claim that many believe in.
märklig,Det är en märklig känsla att vara ensam.,It is a strange feeling to be alone.
en affär,Jag ska gå till en affär för att köpa bröd.,I am going to a shop to buy bread.
att tacka,Jag vill tacka dig för din hjälp.,I want to thank you for your help.
en öst,Det är alltid kallt i en öst på vintern.,It is always cold in the east in winter.
tidigt,Jag vaknade tidigt idag.,I woke up early today.
en upplevelse,En upplevelse kan förändra ditt liv.,An experience can change your life.
en riktning,Vi måste bestämma oss för en riktning innan vi börjar vår resa.,We need to decide on a direction before we start our journey.
en vetenskap,En vetenskap handlar om att förstå världen.,A science is about understanding the world.
ett avsnitt,Jag såg ett avsnitt av min favoritserie igår.,I watched an episode of my favorite series yesterday.
en handel,En handel kan vara lönsam för många företag.,Trade can be profitable for many businesses.
en sträckning,Jag känner en sträckning i min rygg efter träningen.,I feel a strain in my back after the workout.
att locka,Flickan försöker alltid att locka katten med en leksak.,The girl always tries to lure the cat with a toy.
att redovisa,Jag måste redovisa mina resultat för klassen.,I have to report my results to the class.
ett uttalande,Han gjorde ett uttalande om framtiden.,He made a statement about the future.
respektive,"Anna och Erik köpte blommor och choklad, respektive.","Anna and Erik bought flowers and chocolate, respectively."
att para,Vi behöver para ihop de bästa idéerna.,We need to match the best ideas.
att störa,Var vänlig att inte störa mig nu.,Please do not disturb me right now.
att komma ihåg,Kom ihåg att ta med din paraply.,Remember to take your umbrella.
någonstans,Jag vill åka någonstans varmt.,I want to travel somewhere warm.
en respekt,Vi måste visa en respekt för varandras åsikter.,We must show a respect for each other's opinions.
att rapportera,Jag måste rapportera nyheten till chefen.,I need to report the news to the boss.
knappt,Jag har knappt några pengar kvar.,I hardly have any money left.
direkt,Jag vill ha direkt information om mötet.,I want direct information about the meeting.
enkelt,Det är enkelt att göra en god middag.,It is simple to make a good dinner.
en omständighet,En omständighet kan förändra allt.,A circumstance can change everything.
en hänsyn,Vi måste ta hänsyn till hennes känslor.,We must take her feelings into account.
i kväll,Vi ska äta middag i kväll.,We will have dinner tonight.
att begära,Jag vill begära mer information om kursen.,I want to request more information about the course.
en rubrik,En rubrik fångar alltid läsarens uppmärksamhet.,A headline always catches the reader's attention.
att producera,Vi planerar att producera fler bostäder nästa år.,We plan to produce more housing next year.
en utsträckning,"Jag gillar att läsa böcker, men bara till en utsträckning.","I like to read books, but only to a certain extent."
anonym,Det är viktigt att vara anonym på internet.,It is important to be anonymous on the internet.
att begå,Han bestämde sig för att begå ett brott.,He decided to commit a crime.
bar,Jag gillar att sova under bar himmel.,I like to sleep under the stars.
en institution,En institution kan vara en plats för lärande.,An institution can be a place for learning.
att förstöra,Att förstöra naturen är fel.,To destroy nature is wrong.
en boll,Jag kastar en boll till dig.,I am throwing a ball to you.
att grunda,Vi planerar att grunda ett nytt företag tillsammans.,We are planning to start a new company together.
förbi,Vi gick förbi affären på väg hem.,We walked past the store on the way home.
en luft,Jag behöver lite luft efter att ha varit inomhus hela dagen.,I need some air after being indoors all day.
en industri,En industri kan skapa många jobb.,An industry can create many jobs.
ett tåg,Jag såg ett tåg på stationen.,I saw a train at the station.
att skada,Att skada sig kan leda till långvarig smärta.,Injuring yourself can lead to long-lasting pain.
nordisk,Nordisk mat är mycket god.,Nordic food is very good.
att uppfylla,Jag vill uppfylla mina drömmar.,I want to fulfil my dreams.
att akta,Du måste akta dig när du går över gatan.,You need to be careful when you cross the street.
en förhandling,Vi behöver en förhandling för att lösa problemet.,We need a negotiation to solve the problem.
att syfta,Han syftar på att förbättra sin svenska.,He aims to improve his Swedish.
en bror,Jag har en bror som heter Erik.,I have a brother named Erik.
en byggnad,En byggnad kan vara mycket vacker.,A building can be very beautiful.
en hälft,Hon delade kakan i en hälft.,She divided the cake in half.
en skrift,Jag skrev en skrift till min vän.,I wrote a letter to my friend.
ansvarig,Hon är ansvarig för projektet.,She is responsible for the project.
en allmänhet,En allmänhet har rätt att veta sanningen.,The general public has the right to know the truth.
att orsaka,Regnet kan orsaka översvämningar.,The rain can cause flooding.
i slutet,Vi träffades i slutet av veckan.,We met at the end of the week.
israelisk,Den israeliska maten är mycket god.,Israeli food is very tasty.
drygt,Det är drygt en vecka kvar till min födelsedag.,There is just over a week left until my birthday.
en lever,En lever är viktig för vår hälsa.,A liver is important for our health.
en bloggare,En bloggare skriver om sina resor.,A blogger writes about their travels.
en tävling,Vi ska delta i en tävling nästa vecka.,We will participate in a competition next week.
en kommunikation,En kommunikation är viktig för ett bra samarbete.,A communication is important for good collaboration.
kritisk,Det är kritisk att vi lämnar i tid.,It is critical that we leave on time.
att plocka,Jag ska plocka äpplen från träden.,I will pick apples from the trees.
en patient,En patient sitter i väntrummet.,A patient is sitting in the waiting room.
att sjunga,Jag älskar att sjunga i duschen.,I love to sing in the shower.
att vakna,Jag vill vakna tidigt imorgon.,I want to wake up early tomorrow.
en hälsa,Att ta hand om en hälsa är viktigt.,Taking care of a health is important.
ett piratparti,Ett piratparti vill skydda vår digitala frihet.,A pirate party wants to protect our digital freedom.
ett centrum,Vi träffas i ett centrum för att shoppa.,We meet in a downtown to shop.
otroligt,Det är otroligt vackert här.,It is incredibly beautiful here.
roligt,Det är roligt att spela fotboll med mina vänner.,It is fun to play football with my friends.
mörk,Det är mörkt ute nu.,It is dark outside now.
att träna,Jag går till gymmet för att träna varje vecka.,I go to the gym to work out every week.
ett bord,Jag sitter vid ett bord och äter middag.,I am sitting at a table and having dinner.
förrän,Jag ska inte gå förrän du kommer.,I will not go until you arrive.
dansk,Jag gillar dansk musik.,I like Danish music.
att vidta,Vi måste vidta åtgärder för att lösa problemet.,We must take measures to solve the problem.
att reda,Jag behöver reda ut mina papper.,I need to sort out my papers.
att mana,Jag manar dig att vara försiktig när du kör.,I urge you to be careful when you drive.
en väljare,En väljare kan göra skillnad.,A voter can make a difference.
att uppmana,Jag vill uppmana dig att hjälpa till.,I want to urge you to help out.
en publik,En publik samlades för att se teaterföreställningen.,An audience gathered to see the theater performance.
att lida,Jag ser att många människor lider i tystnad.,I see that many people suffer in silence.
ett motstånd,Det finns ett motstånd mot förändring i samhället.,There is a resistance to change in society.
en lägenhet,Jag letar efter en lägenhet i stan.,I am looking for an apartment in the city.
ett vänsterparti,Ett vänsterparti vill hjälpa de svaga i samhället.,A leftist party wants to help the weak in society.
rädd,Jag är rädd för mörkret.,I am afraid of the dark.
en användare,En användare kan enkelt logga in på sidan.,A user can easily log in to the page.
inre,Inre styrka är viktig för att övervinna motgångar.,Inner strength is important to overcome challenges.
att avslöja,Hon ville avslöja hemligheten för sina vänner.,She wanted to reveal the secret to her friends.
en fiende,Hon ser honom som en fiende.,She sees him as an enemy.
ett lopp,Vi sprang ett lopp i parken i lördags.,We ran a race in the park last Saturday.
att återvända,Jag måste återvända hem nu.,I have to return home now.
en utmaning,Att klara av en utmaning känns bra.,To overcome a challenge feels good.
ett hopp,Ett hopp kan förändra allt.,A leap can change everything.
en konkurrens,Det är alltid en konkurrens mellan de stora företagen.,There is always a competition between the big companies.
en dröm,Jag hade en dröm om att flyga.,I had a dream about flying.
en detalj,Jag glömde en detalj i min rapport.,I forgot a detail in my report.
nedan,Informationen finns nedan.,The information is below.
att placera,Jag ska placera boken på bordet.,I will place the book on the table.
en litteratur,En litteratur för barn är full av fantasi.,A literature for children is full of imagination.
att ana,Jag anar att det kommer att regna idag.,I suspect that it will rain today.
en inställning,Jag gillar din inställning till livet.,I like your attitude towards life.
en armé,En armé marcherade genom staden.,An army marched through the city.
lös,Knapparna på skjortan är lösa.,The buttons on the shirt are loose.
att prova,Jag vill prova den nya klänningen.,I want to try the new dress.
en egenskap,En egenskap hos bra ledare är att de lyssnar.,A characteristic of good leaders is that they listen.
att rekommendera,Jag skulle rekommendera den här boken.,I would recommend this book.
liberal,Mina föräldrar har alltid varit liberala i sina åsikter.,My parents have always been liberal in their views.
en synpunkt,Jag har en synpunkt på hur vi kan förbättra projektet.,I have a point of view on how we can improve the project.
undan,Vi måste komma undan innan det börjar regna.,We need to get away before it starts to rain.
angående,"Angående mötet imorgon, kan vi träffas klockan tio?","Regarding the meeting tomorrow, can we meet at ten?"
unik,Min vän har en unik stil.,My friend has a unique style.
en präst,En präst hjälper människor i svåra tider.,A priest helps people in difficult times.
en webbplats,Jag besöker en webbplats varje dag.,I visit a website every day.
en bostad,Jag letar efter en bostad i staden.,I am looking for a home in the city.
en vardag,En vardag kan vara lugn och enkel.,A weekday can be calm and simple.
gratis,Du kan få gratis prover på parfym i affären.,You can get free samples of perfume in the store.
att återkomma,Jag hoppas att du kommer tillbaka snart.,I hope that you come back soon.
att bevisa,Jag måste bevisa att jag har rätt.,I must prove that I am right.
en anställd,En anställd får sin lön varje månad.,An employee receives their salary every month.
att förbjuda,Lärare får inte förbjuda elever att ställa frågor.,Teachers must not forbid students from asking questions.
att uttala,Det är svårt att uttala vissa ord på svenska.,It is difficult to pronounce certain words in Swedish.
en investering,En investering kan ge bra avkastning.,An investment can yield good returns.
att fira,Vi ska fira min födelsedag med tårta och presenter.,We will celebrate my birthday with cake and presents.
en försäljning,Det finns en försäljning på kläder i affären idag.,There is a sale on clothes at the store today.
populär,Kattungar är alltid populära bland barn.,Kittens are always popular among children.
en klubb,Jag går med i en klubb för att träffa nya vänner.,I am joining a club to meet new friends.
ett citat,Jag läste ett citat som inspirerade mig.,I read a quotation that inspired me.
en palestinier,En palestinier har en rik kultur.,A Palestinian has a rich culture.
ett utrymme,Det finns alltid ett utrymme för kreativitet.,There is always a space for creativity.
förr,Förr bodde jag i en annan stad.,I used to live in another city.
svårt,Det är svårt att hitta ett jobb just nu.,It is difficult to find a job right now.
stark,Kryddorna i denna rätt är verkligen starka.,The spices in this dish are really strong.
att påminna,Kom ihåg att påminna mig om mötet.,Remember to remind me about the meeting.
en aktör,Hon är en aktör i teatern.,She is an actor in the theater.
klassisk,Klassisk musik är mycket vacker.,Classical music is very beautiful.
omkring,Det finns många träd omkring parken.,There are many trees around the park.
en fokus,Jag behöver en fokus för att studera bättre.,I need a focus to study better.
officiell,Det finns en officiell regel för tävlingen.,There is an official rule for the competition.
att beröra,Musiken kan beröra våra hjärtan.,The music can touch our hearts.
palestinsk,Den palestinska kulturen är rik och mångsidig.,The Palestinian culture is rich and diverse.
en ägare,Han är en ägare av en stor hund.,He is the owner of a big dog.
ett kapital,Jag behöver ett kapital för att starta mitt företag.,I need capital to start my business.
relevant,Det är viktigt att hitta relevant information.,It is important to find relevant information.
en minister,En minister håller ett tal idag.,A minister is giving a speech today.
att anpassa,Det är viktigt att anpassa sig till nya situationer.,It is important to adapt to new situations.
en glädje,En glädje att se dig igen!,A joy to see you again!
en titel,En titel på boken är mycket viktig.,The title of the book is very important.
något,Jag vill ha något gott att äta.,I want something good to eat.
en utgångspunkt,En utgångspunkt för vår diskussion är att förstå problemet först.,A starting point for our discussion is to understand the problem first.
ett nätverk,Ett nätverk av vänner är viktigt.,A network of friends is important.
en scen,Jag älskar att stå på en scen och sjunga.,I love to stand on a stage and sing.
en nytta,Att hjälpa andra ger en nytta för alla.,Helping others brings a benefit for everyone.
hållbar,Hållbar utveckling är viktig för framtiden.,Sustainable development is important for the future.
att begränsa,Jag försöker att begränsa min tid på sociala medier.,I am trying to limit my time on social media.
ett sikte,Ett sikte på fjärran berg är fantastiskt.,A view of the distant mountains is fantastic.
snygg,Han är en snygg kille.,He is a good-looking guy.
kvinnlig,Kvinnlig styrka är viktig i samhället.,Female strength is important in society.
som vanligt,Vi träffas på caféet som vanligt.,We meet at the café as usual.
ett avstånd,Det finns ett avstånd mellan staden och byn.,There is a distance between the city and the village.
att fly,Han måste fly från faran.,He must flee from danger.
betydande,Det finns en betydande skillnad mellan dessa två alternativ.,There is a significant difference between these two options.
skyldig,Han kände sig skyldig efter att ha glömt hennes födelsedag.,He felt guilty after forgetting her birthday.
i övrigt,"Jag har inga planer för helgen, i övrigt är allt bra.","I don't have any plans for the weekend; otherwise, everything is good."
en inflation,En inflation kan påverka priserna på mat.,Inflation can affect food prices.
ett ben,Stolen har ett ben som är trasigt.,The chair has a leg that is broken.
en definition,En definition kan hjälpa oss att förstå ord bättre.,A definition can help us understand words better.
en uppmärksamhet,Jag behöver din uppmärksamhet nu.,I need your attention now.
att ladda,Jag måste ladda min telefon innan jag går ut.,I need to charge my phone before I go out.
en jul,En jul är en tid för familj och glädje.,A Christmas is a time for family and joy.
dåligt,"Jag hör dåligt, så jag använder hörapparat.","I hear poorly, so I use a hearing aid."
kommunal,Vi ska rösta i det kommunala valet nästa vecka.,We will vote in the municipal election next week.
att passera,Vi kan passera bilarna på vägen.,We can overtake the cars on the road.
en herre,En herre i kostym kom in i rummet.,A gentleman in a suit entered the room.
i fråga om,Jag har frågor i fråga om projektet.,I have questions regarding the project.
ett klimat,Ett klimat som förändras påverkar alla.,A climate that is changing affects everyone.
var,Jag går till gymmet var tredje dag.,I go to the gym every third day.
en topp,Vi besteg en topp och utsikten var fantastisk!,We climbed a peak and the view was fantastic!
troligen,Troligen kommer det att regna imorgon.,It is likely to rain tomorrow.
en kompis,Jag träffade en kompis igår.,I met a buddy yesterday.
att främja,Vi jobbar tillsammans för att främja god hälsa.,We work together to promote good health.
ett landsting,Ett landsting ansvarar för sjukvården i regionen.,A county council is responsible for healthcare in the region.
att undersöka,Läkaren måste undersöka patienten noggrant.,The doctor must examine the patient carefully.
en kilometer,Jag sprang en kilometer idag.,I ran a kilometer today.
en reform,En reform kan förbättra samhället.,A reform can improve society.
att testa,Jag vill testa den nya restaurangen.,I want to test the new restaurant.
konkret,Vi behöver en konkret plan för projektet.,We need a concrete plan for the project.
rakt,Gå rakt fram så kommer du till parken.,Go straight ahead and you will reach the park.
uppenbarligen,Uppenbarligen gillar hon att läsa böcker.,"Obviously, she likes to read books."
ju (...) desto,"Ju fler vi är, desto mer skratt blir det.","The more of us there are, the more laughter there will be."
socialdemokratisk,Socialdemokratisk politik hjälper många människor.,Social democratic policy helps many people.
en trupp,En trupp soldater marcherar genom staden.,A troop of soldiers is marching through the city.
vart,Vart ska vi gå nu?,Whereto shall we go now?
en seger,Vi firar en seger tillsammans.,We celebrate a victory together.
ett centerparti,Ett centerparti vill hjälpa landsbygden.,A center party wants to help the countryside.
en förlust,Vi förlorade matchen och det kändes som en förlust.,We lost the match and it felt like a defeat.
en själ,En själ är som en stjärna.,A soul is like a star.
ett öde,Ett öde kan ibland kännas tungt.,A fate can sometimes feel heavy.
ett mord,Det var ett mord i staden.,There was a murder in the city.
ett dokument,Jag behöver skriva ut ett dokument.,I need to print a document.
att upphöra,Vi måste upphöra med att prata om det negativa.,We need to stop talking about the negative.
ett folkparti,Ett folkparti arbetar för allas rättigheter.,A people's party works for everyone's rights.
kraftigt,Han reagerade kraftigt på nyheten.,He reacted strongly to the news.
en middag,Vi ska äta en middag tillsammans i kväll.,We will have a dinner together tonight.
att reagera,Det är viktigt att reagera snabbt i en nödsituation.,It is important to react quickly in an emergency.
en hjärna,En hjärna är viktig för att tänka.,A brain is important for thinking.
kulturell,Kulturell mångfald är viktig för vårt samhälle.,Cultural diversity is important for our society.
södra,Södra Sverige är vackert på sommaren.,Southern Sweden is beautiful in the summer.
fast,"Fast det regnar, går vi ut ändå.","Although it's raining, we are going out anyway."
ett förtroende,Jag har ett förtroende för mina vänner.,I have trust in my friends.
en förordning,En förordning reglerar hur vi ska hantera avfall.,An ordinance regulates how we should handle waste.
en upphovsrätt,En upphovsrätt skyddar konstnärers verk.,A copyright protects artists' works.
en skuld,Jag har en skuld till banken.,I have a debt to the bank.
en professor,En professor undervisar studenter.,A professor teaches students.
inklusive,"Middagen kostar hundra kronor, inklusive dryck.","The dinner costs a hundred kronor, including the drink."
en beskrivning,Jag behöver en beskrivning av boken.,I need a description of the book.
en lycka,En lycka är att få vara med vänner.,Happiness is being with friends.
en skrivning,Jag måste studera inför en skrivning nästa vecka.,I need to study for a written test next week.
ett yrkande,Jag lämnade in ett yrkande till domstolen.,I submitted a motion to the court.
kär,Jag är kär i dig.,I am in love with you.
en äng,Vi plockar blommor på en äng.,We pick flowers in a meadow.
att hänvisa,Jag vill hänvisa till boken som du nämnde.,I want to refer to the book you mentioned.
en buss,Jag ska ta en buss till skolan.,I will take a bus to school.
norra,Norra delar av Sverige är kalla på vintern.,Northern parts of Sweden are cold in the winter.
fullständigt,Jag vill ha en fullständig paus från jobbet.,I want a complete break from work.
en make,Min make och jag ska gå på middag ikväll.,My husband and I are going out for dinner tonight.
antagligen,"Det regnar, så vi kommer antagligen att stanna inne.","It’s raining, so we will probably stay inside."
ett plan,Vi ska ta ett plan till Stockholm imorgon.,We are going to take a plane to Stockholm tomorrow.
en stil,Hon har en stil som jag älskar.,She has a style that I love.
ett förbund,Det finns ett förbund mellan länderna för att främja fred.,There is an alliance between the countries to promote peace.
en tolkning,Jag gillar din tolkning av boken.,I like your interpretation of the book.
utöver,Utöver det vanliga gillade jag verkligen filmen.,"Apart from the ordinary, I really liked the movie."
en syster,Min syster älskar att rita.,My sister loves to draw.
ett berg,Det finns ett berg i fjärran.,There is a mountain in the distance.
en motståndare,Min motståndare är mycket duktig.,My opponent is very skilled.
höger,Sväng höger vid nästa korsning.,Turn right at the next intersection.
praktisk,Det är alltid praktiskt att ha en paraply i bilen.,It is always practical to have an umbrella in the car.
ett beteende,Ett beteende kan förändras med tiden.,A behaviour can change over time.
ett bud,Jag fick ett bud om att mötet har flyttats.,I received a message that the meeting has been rescheduled.
en träning,Jag har en träning varje tisdag.,I have a training every Tuesday.
vare sig,"Jag vill gå ut, vare sig det regnar eller inte.","I want to go out, whether it rains or not."
ett äktenskap,Ett äktenskap kan vara både svårt och vackert.,A marriage can be both difficult and beautiful.
grov,Hans skämt var grovt och gjorde alla obekväma.,His joke was coarse and made everyone uncomfortable.
uppe,Han är uppe nu.,He is up now.
ett inslag,Ett inslag i filmen var musiken.,An element in the movie was the music.
att förhindra,Vi måste förhindra att barnen springer ut på gatan.,We must prevent the children from running out onto the street.
en delning,Det var en delning av kakan mellan barnen.,There was a sharing of the cake among the children.
en kapitalism,Kapitalism kan skapa både rikedom och ojämlikhet.,Capitalism can create both wealth and inequality.
en bilaga,Jag skickade en bilaga med mitt brev.,I sent an attachment with my letter.
tom,Muggen är tom.,The mug is empty.
en invånare,En invånare i staden känner alltid till de bästa restaurangerna.,A resident of the city always knows the best restaurants.
en struktur,En struktur kan vara stark eller svag.,A structure can be strong or weak.
politiskt,Det är viktigt att tänka politiskt i valet.,It is important to think politically in the election.
ett sjukhus,Hon jobbar på ett sjukhus.,She works at a hospital.
mer eller mindre,Det är mer eller mindre klart nu.,It is more or less clear now.
främsta,Sverige har en främsta plats i världen för innovation.,Sweden has a leading position in the world for innovation.
djupt,Jag tänker djupt på framtiden.,I think deeply about the future.
en visning,Vi ska gå på en visning av lägenheten imorgon.,We are going to a viewing of the apartment tomorrow.
korrekt,Det är korrekt att säga att solen går upp i öster.,It is correct to say that the sun rises in the east.
bäst,Du är den bästa vännen.,You are the best friend.
gentemot,Jag känner mig trygg gentemot dig.,I feel safe towards you.
tack vare,Tack vare solen kan vi ha en picknick.,"Thanks to the sun, we can have a picnic."
en aspekt,En aspekt av livet är att vara tacksam.,An aspect of life is to be grateful.
att godkänna,Läraren godkände min uppsats.,The teacher approved my essay.
felaktig,Din slutsats är felaktig.,Your conclusion is incorrect.
en dialog,Vi hade en dialog om våra framtidsplaner.,We had a dialogue about our future plans.
en oro,Jag känner en oro för framtiden.,I feel a worry about the future.
en vägg,Jag målade en vägg i mitt rum.,I painted a wall in my room.
kinesisk,Kinesisk mat är min favorit.,Chinese food is my favorite.
ständig,Det finns en ständig ström av människor i stan.,There is a constant flow of people in the city.
ett tema,Ett tema för festen är färger.,A theme for the party is colors.
en helhet,Vi behöver se allt som en helhet.,We need to see everything as a whole.
en satsning,En satsning på utbildning är viktig för framtiden.,An investment in education is important for the future.
en statistik,En statistik visar att fler människor tränar nu.,A statistic shows that more people are exercising now.
att beräkna,Jag behöver att beräkna kostnaden för resan.,I need to calculate the cost of the trip.
ett resonemang,Jag tycker att ett resonemang är viktigt för att förstå problemet.,I think that a discussion is important to understand the problem.
ett förbud,Det finns ett förbud mot rökning här.,There is a ban on smoking here.
en dollar,Jag har en dollar i min plånbok.,I have a dollar in my wallet.
längs,Vi promenerade längs stranden.,We walked along the beach.
att fixa,Jag måste fixa mitt rum innan gästerna kommer.,I need to tidy up my room before the guests arrive.
en kollega,Min kollega hjälper mig varje dag.,My colleague helps me every day.
att inträffa,Olyckan inträffade plötsligt när vi minst anade det.,The accident occurred suddenly when we least expected it.
en sjukvård,En sjukvård är viktig för alla.,A nursing care is important for everyone.
att överleva,För att överleva måste vi arbeta tillsammans.,"To survive, we must work together."
sannolikt,Det är sannolikt att det regnar imorgon.,It is likely to rain tomorrow.
i första hand,Jag tycker i första hand om att läsa böcker.,I primarily like to read books.
ett meddelande,Jag fick ett meddelande från min vän.,I received a message from my friend.
ett näringsliv,Ett näringsliv växer när vi samarbetar.,A trade and industry grows when we collaborate.
att låna,Kan jag låna din penna?,Can I borrow your pen?
en förståelse,En förståelse för andra kulturer är viktig.,An understanding of other cultures is important.
möjligen,Möjligen kommer det att regna i morgon.,Perhaps it will rain tomorrow.
en fisk,Jag såg en fisk simma i sjön.,I saw a fish swimming in the lake.
en konsument,En konsument vill alltid ha det bästa priset.,A consumer always wants the best price.
att framhålla,Det är viktigt att framhålla vikten av utbildning.,It is important to call attention to the importance of education.
en storlek,Jag behöver en storlek större på dessa skor.,I need a bigger size for these shoes.
en telefon,Jag pratar med min vän på en telefon.,I am talking to my friend on the phone.
ett kön,Vi har olika intressen beroende på kön.,We have different interests based on gender.
slut,Boken jag läste är slut.,The book I read is finished.
att laga,Jag ska laga min cykel i helgen.,I will fix my bike this weekend.
en roman,Jag läser en roman varje kväll.,I read a novel every evening.
ett lån,Jag behöver ett lån för att köpa en bil.,I need a loan to buy a car.
att likna,Hon liknar sin mamma.,She resembles her mother.
att lita,Du kan lita på mig alltid.,You can trust me always.
en säng,Jag har en säng i mitt rum.,I have a bed in my room.
en rädsla,En rädsla kan hindra oss från att prova nya saker.,A fear can hold us back from trying new things.
övertygad,Jag är övertygad om att vi kommer att vinna.,I am convinced that we will win.
en skit,Det här är en skitdag.,This is a shit day.
ett tänkande,Ett tänkande kan leda till nya idéer.,A thought can lead to new ideas.
en arm,Jag har ont i en arm.,I have pain in an arm.
ett bruk,Ett bruk av gamla traditioner är viktigt för vår kultur.,A use of old traditions is important for our culture.
en radio,Jag lyssnar på en radio varje morgon.,I listen to a radio every morning.
att granska,Jag måste granska rapporten noggrant innan jag lämnar in den.,I need to review the report carefully before I submit it.
i synnerhet,"Jag gillar många frukter, i synnerhet äpplen.","I like many fruits, particularly apples."
att bekräfta,Jag behöver att bekräfta min bokning.,I need to confirm my reservation.
ett väder,Ett väder kan förändras snabbt.,A weather can change quickly.
ett hinder,Ett hinder kan ibland vara en möjlighet.,An obstacle can sometimes be an opportunity.
förut,Jag träffade henne förut på caféet.,I met her previously at the café.
personligen,Jag träffade honom personligen igår.,I met him in person yesterday.
en bana,Vi går längs en bana i parken.,We walk along a path in the park.
en reklam,En reklam kan göra en produkt populär.,An advertisement can make a product popular.
en trafik,En trafik kan vara stressande i storstaden.,Traffic can be stressful in the big city.
ärlig,Hon är alltid ärlig mot sina vänner.,She is always honest with her friends.
allting,Allting blir bra till slut.,Everything will be fine in the end.
en artist,En artist sjunger på scenen.,An artist sings on stage.
ett bröd,Jag köpte ett bröd från bageriet.,I bought a bread from the bakery.
huruvida,Huruvida det regnar imorgon vet jag inte.,"Whether it will rain tomorrow, I don't know."
utsatt,Barnen lekte på den utsatta platsen i parken.,The children played in the exposed area of the park.
en butik,Jag köper bröd i en butik.,I buy bread in a shop.
ytterst,Det är ytterst viktigt att vi hjälps åt.,It is extremely important that we help each other.
att förbli,Det är viktigt att förbli positiv i svåra tider.,It is important to remain positive in difficult times.
tråkig,Det var en tråkig film som vi såg igår.,It was a boring movie that we watched yesterday.
hemlig,Han är en hemlig agent.,He is a secret agent.
andlig,Den andliga resan är viktig för många människor.,The spiritual journey is important for many people.
beträffande,"Beträffande ditt meddelande, vill jag gärna ge dig några svar.","Regarding your message, I would like to provide you with some answers."
till vänster,Gå till vänster vid hörnet.,Go to the left at the corner.
ett fartyg,Ett fartyg seglar över havet.,A vessel sails across the sea.
att flyga,Jag älskar att flyga med flygplan.,I love to fly with airplanes.
att gifta sig,Jag drömmer om att gifta mig en dag.,I dream of marrying one day.
snäll,Var snäll mot dig själv varje dag.,Be kind to yourself every day.
en ränta,En ränta kan ändras varje år.,An interest rate can change every year.
en proposition,Regeringen har lagt fram en proposition om miljöskydd.,The government has presented a bill on environmental protection.
en svårighet,En svårighet kan göra oss starkare.,A difficulty can make us stronger.
en fart,Vi måste hålla en fart för att hinna i tid.,We need to keep a pace to arrive on time.
en tant,Min tant har alltid på sig gamla kläder.,My aunt always wears old clothes.
berörd,Vi måste informera alla berörda parter om mötet.,We need to inform all parties concerned about the meeting.
en avsikt,Jag har en avsikt att lära mig svenska.,I have an intention to learn Swedish.
frisk,Jag känner mig frisk efter att ha promenerat i parken.,I feel healthy after walking in the park.
en opposition,Det finns en opposition som alltid ställer frågor.,There is an opposition that always asks questions.
härlig,Det är en härlig dag idag.,It is a lovely day today.
ett intryck,Jag fick ett intryck av att hon var snäll.,I got the impression that she was kind.
en visa,Hon sjöng en vacker visa för sina barn.,She sang a beautiful song for her children.
duktig,Du är så duktig på matematik!,You are so good at math!
en ideologi,En ideologi kan påverka våra beslut.,An ideology can influence our decisions.
en representant,Vi behöver en representant för att diskutera avtalet.,We need a representative to discuss the contract.
ett tack,Tack för hjälpen!,Thanks for the help!
ett engagemang,Ett engagemang i skolan hjälper eleverna att lära sig bättre.,A commitment in school helps students learn better.
finsk,Finsk mat är mycket god.,Finnish food is very good.
bekant,Hon har ett bekant ansikte.,She has a familiar face.
överallt,Det finns blommor överallt i parken.,There are flowers everywhere in the park.
ett gäng,Det finns ett gäng som spelar fotboll varje lördag.,There is a gang that plays football every Saturday.
att träda,Vi måste träda in i rummet tyst.,We must step into the room quietly.
att sjunka,Båten börjar att sjunka i sjön.,The boat is starting to sink in the lake.
ett föremål,Ett föremål kan vara både vackert och användbart.,An object can be both beautiful and useful.
vad,Vad snabbt det går att lära sig svenska!,How quickly it is to learn Swedish!
en attack,En attack på staden skedde mitt i natten.,An attack on the city happened in the middle of the night.
falsk,Den här väskan är falsk.,This bag is fake.
att representera,Jag vill representera vårt lag på tävlingen.,I want to represent our team at the competition.
ett miljöparti,Ett miljöparti vill skydda naturen.,A green party wants to protect nature.
en avgift,Det finns en avgift för att gå på kursen.,There is a fee to attend the course.
normalt,Normalt äter jag frukost klockan åtta.,I normally eat breakfast at eight o'clock.
att motsvara,Resultaten motsvarade mina förväntningar.,The results corresponded to my expectations.
i allmänhet,Människor i allmänhet gillar att vara ute i naturen.,People in general like to be outdoors in nature.
en översättning,Jag behöver en översättning av den här texten.,I need a translation of this text.
seriös,Han är en seriös student.,He is a serious student.
omedelbart,Han kom omedelbart efter mötet.,He arrived immediately after the meeting.
kraftig,Han har en kraftig röst som hörs långt bort.,He has a powerful voice that can be heard from far away.
att uppskatta,Jag uppskattar din hjälp med läxorna.,I appreciate your help with the homework.
en kommitté,Vi behöver en kommitté för att planera evenemanget.,We need a committee to plan the event.
att blanda,Jag gillar att blanda olika färger när jag målar.,I like to mix different colors when I paint.
ett blod,Jag behöver ta ett blodprov imorgon.,I need to take a blood test tomorrow.
en högskola,Jag studerar på en högskola i Stockholm.,I study at a college in Stockholm.
fritt,Du kan gå fritt nu.,You can go ahead now.
en integritet,En integritet är viktig för att känna sig trygg.,An integrity is important to feel safe.
ett hår,Jag hittade ett hår på golvet.,I found a hair on the floor.
ett organ,Ett organ i kroppen hjälper oss att leva.,An organ in the body helps us to live.
lycklig,Jag känner mig lycklig idag.,I feel happy today.
ett misstag,Jag gjorde ett misstag när jag glömde min plånbok.,I made a mistake when I forgot my wallet.
kvar,Det finns några kakor kvar.,There are some cookies left.
ett träd,Det finns ett träd i parken.,There is a tree in the park.
ett tak,Vi bor under ett tak tillsammans.,We live under the same roof together.
ett straff,Han fick ett straff för sitt brott.,He received a punishment for his crime.
perfekt,Detta är en perfekt dag för en promenad.,This is a perfect day for a walk.
en överenskommelse,Vi nådde en överenskommelse om projektet.,We reached an agreement about the project.
en kampanj,Vi har startat en kampanj för att hjälpa hemlösa.,We have started a campaign to help the homeless.
en grej,Jag har en grej att visa dig.,I have a thing to show you.
att åstadkomma,Jag vill åstadkomma mina drömmar.,I want to achieve my dreams.
en budget,Vi behöver skapa en budget för nästa månad.,We need to create a budget for next month.
en rygg,Jag har ont i en rygg efter att ha lyft tunga saker.,My back aches after lifting heavy things.
gott,Det var en gott middag.,It was a good dinner.
en press,En press skriver om viktiga nyheter.,A press writes about important news.
digital,Digital teknik förändrar vårt sätt att kommunicera.,Digital technology is changing the way we communicate.
att framstå,Han framstår alltid som en vänlig person.,He always comes across as a friendly person.
ett verktyg,Ett verktyg kan hjälpa dig att laga saker.,A tool can help you fix things.
beroende på,Resultatet kan vara olika beroende på vädret.,The result can vary depending on the weather.
ett betyg,Jag fick ett betyg i matematik idag.,I got a grade in math today.
detsamma,Det är samma bok som jag har.,It is the same book that I have.
en start,Vi ska ha en start på vår resa klockan åtta.,We will have a start to our journey at eight o'clock.
att leverera,Vi behöver att leverera maten till festen i tid.,We need to deliver the food to the party on time.
en kompetens,En kompetens är viktig för att få ett jobb.,A competence is important to get a job.
var och en,Var och en har sin egen dröm.,Everyone has their own dream.
långsiktig,Vi behöver en långsiktig plan för framtiden.,We need a long-term plan for the future.
en vinter,En vinter kan vara kall och vacker.,A winter can be cold and beautiful.
att gripa,Känslan av musik kan verkligen gripa en person.,The feeling of music can truly move a person.
en skyldighet,Att hjälpa andra är en skyldighet.,Helping others is an obligation.
evig,Kärleken är evig.,Love is eternal.
en företrädare,Min företrädare gav mig många bra råd.,My predecessor gave me a lot of good advice.
etnisk,Etnisk mat är alltid intressant att prova.,Ethnic food is always interesting to try.
med andra ord,"Det är svårt, med andra ord, måste jag öva mer.","It's hard, in other words, I have to practice more."
att njuta,Jag älskar att njuta av soliga dagar.,I love to enjoy sunny days.
att posta,Jag måste posta brevet innan klockan fyra.,I need to post the letter before four o'clock.
att runda,Vi behöver runda av våra siffror innan vi lämnar in rapporten.,We need to round off our numbers before submitting the report.
för,Jag stannar hemma för att jag är trött.,I stay home because I am tired.
att bereda,Jag måste bereda mig för provet imorgon.,I need to prepare myself for the exam tomorrow.
att uppmärksamma,Jag vill uppmärksamma dig på den fina utsikten.,I want to draw your attention to the beautiful view.
arbetslös,Jag är arbetslös just nu.,I am unemployed right now.
en yta,Vi behöver måla en yta på väggen.,We need to paint a surface on the wall.
att skratta,Barnen älskar att skratta när de leker.,The children love to laugh when they play.
att underlätta,Vi kan använda teknik för att underlätta vårt arbete.,We can use technology to facilitate our work.
att föreligga,Det föreligger en viktig fråga att diskutera på mötet.,An important question exists to discuss at the meeting.
en tillämpning,En tillämpning av teorin är viktig för att förstå ämnet.,An application of the theory is important for understanding the subject.
att garantera,Jag kan garantera att vi kommer att ha roligt.,I can guarantee that we will have fun.
en jakt,Vi gick på en jakt i skogen.,We went on a hunt in the forest.
att utse,Vi måste utse en ny ledare för gruppen.,We need to appoint a new leader for the group.
en blick,Hon gav honom en blick som sa allt.,She gave him a look that said everything.
en svenska,Jag lär mig en svenska.,I am learning Swedish.
en konferens,Vi ska delta i en konferens nästa vecka.,We will attend a conference next week.
att framföra,Hon älskar att framföra sina låtar på scen.,She loves to perform her songs on stage.
runt,Vi gick runt parken flera gånger.,We walked around the park several times.
specifik,Jag behöver en specifik bok till skolan.,I need a specific book for school.
en varg,En varg ylar vid månen.,A wolf howls at the moon.
en kanal,Jag tittar på en kanal på TV.,I am watching a channel on TV.
klok,Du är verkligen klok när du löser problem.,You are really clever when you solve problems.
en regim,En regim kan vara svår att förändra.,A regime can be hard to change.
att utöva,Hon vill utöva sin passion för musik varje dag.,She wants to practice her passion for music every day.
att fokusera,Jag behöver fokusera på mina studier.,I need to focus on my studies.
ett belopp,Jag sparar ett belopp varje månad.,I save an amount every month.
en bransch,En bransch kan förändras snabbt.,An industry can change quickly.
en sekund,Jag behöver bara en sekund för att tänka.,I just need a second to think.
en reda,Jag behöver få reda på var mötet är.,I need to find out where the meeting is.
torde,Han torde veta svaret på frågan.,He will know the answer to the question.
färdig,Är du färdig med läxorna?,Are you finished with the homework?
att ordna,Jag måste ordna mina böcker i hyllan.,I need to sort my books on the shelf.
att närma,Vi behöver att närma oss problemet för att lösa det.,We need to bring the problem closer to solve it.
en vind,Det blåser en vind genom fönstret.,A wind is blowing through the window.
en gård,Vi bor på en gård med många djur.,We live on a farm with many animals.
en mitt,Vi sitter en mitt i rummet.,We are sitting in the middle of the room.
framgångsrik,Hon har en framgångsrik karriär inom företagsvärlden.,She has a successful career in the business world.
en identitet,En identitet är viktig för att känna sig trygg.,An identity is important for feeling secure.
en sång,En sång kan göra mig glad.,A song can make me happy.
att närma sig,Vi närmar oss målet nu.,We are approaching the goal now.
att skrika,Hon började att skrika när hon såg spindeln.,She started to scream when she saw the spider.
en tidpunkt,Vi träffas vid en tidpunkt som passar oss båda.,We will meet at a point in time that works for both of us.
att avskaffa,Vi borde avskaffa de gamla reglerna.,We should abolish the old rules.
ett samband,Det finns ett samband mellan träning och hälsa.,There is a connection between exercise and health.
lugn,Han är alltid så lugn i stressiga situationer.,He is always so calm in stressful situations.
att uppge,Kan du uppge ditt namn?,Can you state your name?
en deltagare,En deltagare i tävlingen vann ett pris.,A participant in the competition won a prize.
ett ursprung,Ett ursprung är viktigt för att förstå vår historia.,An origin is important to understand our history.
bestämd,Jag har en bestämd plan för helgen.,I have a definite plan for the weekend.
en insikt,En insikt kan förändra ditt liv.,An insight can change your life.
ett forum,Vi diskuterade idéer på ett forum.,We discussed ideas in a forum.
ett kort,Jag tog ett kort av solnedgången.,I took a photo of the sunset.
en statsminister,En statsminister leder landet.,A prime minister leads the country.
annorlunda,Det här svaret är annorlunda.,This answer is different.
att definiera,Att definiera en term kan vara svårt.,To define a term can be difficult.
ett fönster,Det är kallt vid fönstret.,It is cold by the window.
en get,En get är en snäll och gullig djur.,A goat is a kind and cute animal.
en likhet,Det finns en likhet mellan de två bilderna.,There is a resemblance between the two pictures.
ett ljud,Det finns ett ljud från fåglarna.,There is a sound from the birds.
att beställa,Jag vill beställa pizza till middag.,I want to order pizza for dinner.
en synd,Det är en synd att vi inte kan träffas idag.,It's a pity that we can't meet today.
ett papper,Jag behöver ett papper för att skriva en lapp.,I need a piece of paper to write a note.
en fara,Det är en fara att gå ut i stormen.,It is a danger to go out in the storm.
definitivt,Det kommer definitivt att bli en bra dag.,It will definitely be a good day.
en omfattning,Skadorna var av en omfattning som ingen hade förväntat sig.,The injuries were of an extent that no one had expected.
att bevara,Vi måste bevara naturen för framtida generationer.,We must preserve nature for future generations.
att våga,Att våga tala är viktigt.,To dare to speak is important.
ett fenomen,Ett fenomen kan vara svårt att förstå.,A phenomenon can be hard to understand.
en riktlinje,Vi följer alltid en riktlinje när vi arbetar.,We always follow a guideline when we work.
en profet,En profet talade om framtiden.,A prophet spoke about the future.
ett decennium,Ett decennium går snabbt när man har roligt.,A decade goes quickly when you're having fun.
i stort sett,Jag är i stort sett klar med mitt arbete.,I am almost done with my work.
en inriktning,En inriktning på mina studier är matematik.,A focus in my studies is mathematics.
att misslyckas,Ibland är det okej att misslyckas.,Sometimes it's okay to fail.
en ram,Jag köpte en ram till min bild.,I bought a frame for my picture.
att finansiera,Jag behöver ett lån för att finansiera min nya bil.,I need a loan to finance my new car.
ett hotell,Vi ska bo på ett hotell i helgen.,We will stay at a hotel this weekend.
en kristendom,En kristendom handlar om kärlek och gemenskap.,A Christianity is about love and community.
dess,Vi ses igen dess att vi har pratat klart.,We'll meet again by the time we have finished talking.
i förhållande till,Priserna har ökat i förhållande till förra året.,Prices have increased in relation to last year.
att klaga,"Jag vill inte klaga, men maten är kall.","I don't want to complain, but the food is cold."
att skatta,Jag skattar att vi har så många vänner.,I consider myself lucky that we have so many friends.
att upprätta,Vi måste upprätta en plan för projektet.,We need to establish a plan for the project.
förhoppningsvis,Förhoppningsvis blir det soligt i helgen.,"Hopefully, it will be sunny this weekend."
att gynna,Vi bör alltid försöka gynna de som behöver hjälp.,We should always try to benefit those who need help.
ifall,Jag tar med en jacka ifall det regnar.,I will bring a jacket in case it rains.
oberoende,Jag vill vara oberoende av andra.,I want to be independent of others.
att leka,Barnen älskar att leka i parken.,The children love to play in the park.
ett märke,Jag köpte ett märke av en populär klädlinje.,I bought a brand from a popular clothing line.
en snö,Det ligger en snö på marken.,There is a snow on the ground.
att upprepa,Jag vill att du upprepar dina svar.,I want you to repeat your answers.
en undervisning,Undervisning är viktigt för att lära sig nya saker.,Teaching is important for learning new things.
ett kött,Jag vill laga ett kött till middag.,I want to cook a meat for dinner.
att förutsätta,Jag förutsätter att du kommer till festen.,I presume that you will come to the party.
en replik,Hon gav en snabb replik på frågan.,She gave a quick reply to the question.
en koppling,En koppling mellan två bilar är viktig för säkerheten.,A connection between two cars is important for safety.
ett snitt,Jag behöver göra ett snitt i tyget för att sy klänningen.,I need to make a cut in the fabric to sew the dress.
en engelska,Vi har en engelska som undervisar oss i skolan.,We have an English teacher who teaches us in school.
överhuvudtaget,Jag förstår inte överhuvudtaget.,I don't understand at all.
en sysselsättning,En sysselsättning ger oss en meningsfull vardag.,An occupation gives us a meaningful everyday life.
ett besked,Jag väntar på ett besked från läkaren.,I am waiting for an answer from the doctor.
att lätta,Att lätta på bördan känns bra.,To lighten the burden feels good.
oavsett,Oavsett vädret kommer vi att ha picknick.,"Regardless of the weather, we will have a picnic."
ett avseende,Han tog hänsyn till ett avseende när han gjorde sitt val.,He took one consideration into account when he made his choice.
okänd,Mannen är okänd för alla.,The man is unknown to everyone.
katolsk,Hon är katolsk och går till kyrkan varje söndag.,She is Catholic and goes to church every Sunday.
att ropa,Han älskar att ropa på sina vänner.,He loves to shout for his friends.
att bekämpa,Vi måste bekämpa fattigdom i vårt samhälle.,We must combat poverty in our society.
synd,Det är synd att vi inte kan gå på konserten.,It's a shame that we can't go to the concert.
genast,"Gör det genast, så slipper du stressa.","Do it immediately, so you won't have to stress."
en sjö,Vi kan simma i sjön i sommar.,We can swim in the lake this summer.
så småningom,Vi kommer så småningom att bli bättre på svenska.,We will gradually get better at Swedish.
logisk,Det är logiskt att spara pengar för framtiden.,It is logical to save money for the future.
inom ramen för,Inom ramen för projektet ska vi samarbeta.,"Within the framework of the project, we will collaborate."
ett kaffe,"Jag skulle vilja ha ett kaffe, tack.","I would like a coffee, please."
att förstärka,Träning hjälper till att förstärka musklerna.,Exercise helps to strengthen the muscles.
en euro,Jag har en euro i fickan.,I have a euro in my pocket.
en mänsklighet,En mänsklighet som hjälper varandra skapar en bättre värld.,A humanity that helps each other creates a better world.
nere,Jag känner mig nere idag.,I feel down today.
att betona,Jag vill betona vikten av att läsa varje dag.,I want to stress the importance of reading every day.
en expert,Hon är en expert på fotografi.,She is an expert in photography.
en fildelning,En fildelning kan vara både bra och dålig.,A filesharing can be both good and bad.
en olja,Jag behöver en olja till salladen.,I need an oil for the salad.
att förbereda,Jag måste förbereda mig inför provet.,I need to prepare myself for the exam.
ett förfarande,Ett förfarande behövs för att lösa problemet.,A procedure is needed to solve the problem.
en trygghet,En trygghet finns i att veta att vi alltid har varandra.,A security exists in knowing that we always have each other.
en konstnär,En konstnär skapar vackra tavlor.,An artist creates beautiful paintings.
i själva verket,"Han sa att han var trött, men i själva verket var han bara uttråkad.","He said he was tired, but as a matter of fact, he was just bored."
norsk,Jag gillar norsk musik.,I like Norwegian music.
i fråga,Boken i fråga handlar om historia.,The book in question is about history.
en stjärna,En stjärna lyser på natthimlen.,A star shines in the night sky.
ett tyg,Jag köpte ett tyg för att sy en klänning.,I bought a fabric to sew a dress.
en läsning,Jag har en läsning varje kväll.,I have a reading every evening.
blå,Himlen är blå idag.,The sky is blue today.
en fotboll,Jag spelar med en fotboll i parken.,I am playing with a football in the park.
en flykting,En flykting söker trygghet i ett nytt land.,A refugee seeks safety in a new country.
att koppla,Jag behöver koppla min telefon till datorn.,I need to connect my phone to the computer.
att forma,Jag älskar att forma lera till olika figurer.,I love to shape clay into different figures.
en bibel,Jag läser en bibel varje söndag.,I read a Bible every Sunday.
förresten,"Förresten, har du sett min nya bok?","By the way, have you seen my new book?"
att samarbeta,Vi behöver samarbeta för att lösa problemet.,We need to cooperate to solve the problem.
att slänga,Han slänger bollen över staketet.,He throws the ball over the fence.
ett ögonblick,Kan du vänta ett ögonblick?,Can you wait a moment?
att neka,"Hon ville gärna gå på festen, men han nekade henne.","She really wanted to go to the party, but he denied her."
extra,Jag vill ha extra ost på min pizza.,I want extra cheese on my pizza.
en arbetsplats,En arbetsplats är där vi jobbar tillsammans.,A workplace is where we work together.
en lokal,Vi träffas i en lokal för mötet.,We meet in a room for the meeting.
en summa,Jag behöver räkna en summa för att förstå mina utgifter.,I need to calculate a sum to understand my expenses.
tillräcklig,Det finns tillräcklig mat för alla på festen.,There is enough food for everyone at the party.
äcklig,Den här maten är äcklig.,This food is disgusting.
att tona,Jag vill tona mitt hår i en ljus färg.,I want to tint my hair a light color.
en tendens,Det finns en tendens att folk läser mer böcker nu.,There is a tendency for people to read more books now.
på så sätt,Vi kan lösa problemet på så sätt.,We can solve the problem in this way.
en restaurang,Vi ska gå till en restaurang ikväll.,We are going to a restaurant tonight.
att återstå,Det återstår mycket att göra innan vi kan åka.,There is still much to do before we can leave.
att vila,Jag behöver att vila efter en lång dag.,I need to rest after a long day.
extremt,Det är extremt kallt idag.,It is extremely cold today.
en kamera,Jag har en kamera som jag älskar att använda.,I have a camera that I love to use.
självständig,Hon är en självständig kvinna.,She is an independent woman.
socialistisk,Socialistisk politik kan hjälpa många människor.,Socialist policy can help many people.
att framställa,Konstnären kan framställa vackra bilder med färg.,The artist can depict beautiful images with color.
en ända,"Kan jag få en ända av brödet, tack?","Can I have the end of the bread, please?"
en mångfald,Det finns en mångfald av blommor i parken.,There is a diversity of flowers in the park.
en strand,Vi ska gå till en strand i helgen.,We are going to a beach this weekend.
en pension,En pension är viktig för framtiden.,A pension is important for the future.
hem,Jag går hem efter skolan.,I am going home after school.
en diskriminering,Diskriminering är alltid fel.,Discrimination is always wrong.
att misstänka,Jag börjar misstänka att hon ljuger.,I am starting to suspect that she is lying.
ett utsläpp,Det var ett utsläpp av olja i havet.,There was an oil spill in the sea.
att logga in/ut,Jag behöver logga ut från min dator.,I need to log out from my computer.
en medicin,Jag behöver en medicin för min förkylning.,I need a medicine for my cold.
en sport,Fotboll är en sport som många älskar.,Football is a sport that many love.
en rättvisa,En rättvisa är viktig för samhället.,A justice is important for society.
en eld,Det brinner en eld i kaminen.,There is a fire in the fireplace.
individuell,Varje individ har sina egna drömmar.,Each individual has their own dreams.
därifrån,Vi åker dit och kommer tillbaka därifrån.,We are going there and will come back from there.
ifrån,Kan du komma härifrån en stund?,Can you get away from here for a while?
yttre,Det yttre lagret av färg skyddar träet.,The outer layer of paint protects the wood.
arabisk,Arabisk musik är mycket vacker.,Arabic music is very beautiful.
att erhålla,Jag hoppas att erhålla ett svar snart.,I hope to receive an answer soon.
moralisk,Moralisk beslut är viktigt för samhället.,Moral decisions are important for society.
revolutionär,En revolutionär idé kan förändra världen.,A revolutionary idea can change the world.
en egendom,Hon köpte en egendom vid sjön.,She bought a property by the lake.
ett köp,Jag gjorde ett köp av en ny telefon.,I made a purchase of a new phone.
en välfärd,En välfärd är viktig för alla medborgare.,A welfare state is important for all citizens.
att sticka,Jag ska sticka till affären nu.,I'm going to leave for the store now.
att mäta,Vi behöver att mäta längden på bordet.,We need to measure the length of the table.
ett helvete,Det var ett helvete att hitta parkering.,It was hell to find parking.
tuff,"Det var en tuff match, men vi vann ändå.","It was a tough match, but we won anyway."
ett jordbruk,Ett jordbruk är viktigt för vår matproduktion.,Agriculture is important for our food production.
ett sällskap,Jag gillar att vara i ett sällskap av mina vänner.,I enjoy being in the company of my friends.
att medverka,Jag vill medverka i projektet för att hjälpa till.,I want to take part in the project to help out.
en arbetstagare,En arbetstagare har rätt till bra arbetsvillkor.,A worker has the right to good working conditions.
att fånga,Jag vill fånga en fisk.,I want to catch a fish.
att blogga,Jag älskar att blogga om mina resor.,I love to blog about my travels.
en terrorism,Terrorismen skapar rädsla i samhället.,Terrorism creates fear in society.
en fest,Vi ska ha en fest på lördag.,We are having a party on Saturday.
ordentligt,Vi måste städa ordentligt innan gästerna kommer.,We need to clean properly before the guests arrive.
en väst,Vi åker mot en väst där solen går ner.,We are heading west where the sun sets.
en sajt,Jag besöker en sajt för att läsa nyheter.,I visit a site to read the news.
att prova,Jag vill prova den nya klänningen.,I want to try the new dress.
att prägla,Kärlek präglar våra liv.,Love characterizes our lives.
dum,Det var dumt av mig att glömma nycklarna.,It was stupid of me to forget the keys.
en övning,En övning hjälper dig att bli bättre.,Practice helps you get better.
jobbig,Den här dagen var verkligen jobbig.,This day was really tough.
att måla,Jag älskar att måla på helgerna.,I love to paint on the weekends.
ett vin,Jag skulle vilja ha ett vin till middagen.,I would like to have a wine with dinner.
att identifiera,Det är viktigt att identifiera problemet snabbt.,It is important to identify the problem quickly.
en rasism,Rasism är ett stort problem i världen.,Racism is a big problem in the world.
en ståndpunkt,Vi måste diskutera en ståndpunkt om miljön.,We need to discuss a standpoint on the environment.
en granne,Min granne är alltid vänlig.,My neighbour is always friendly.
en rang,Hon har alltid drömt om att få en rang i militären.,She has always dreamed of getting a rank in the military.
att resultera (i),Det hårda arbetet resulterade i framgång.,The hard work resulted in success.
en karriär,En karriär kan ta tid att bygga upp.,A career can take time to build.
en trend,Mode är en trend som alltid förändras.,Fashion is a trend that always changes.
ett kontor,Jag arbetar på ett kontor i staden.,I work in an office in the city.
att jaga,Han gillar att jaga fåglar i skogen.,He likes to hunt birds in the forest.
en yttrandefrihet,En yttrandefrihet är viktig för demokratin.,A freedom of speech is important for democracy.
en fortsättning,"Det var en spännande film, och jag ser fram emot en fortsättning.","It was an exciting movie, and I look forward to a sequel."
diverse,Mina vänner är mycket diverse.,My friends are very diverse.
att stöta på,Jag stöter ofta på gamla vänner i staden.,I often run into old friends in the city.
att förneka,Han vägrar att förneka sina känslor.,He refuses to deny his feelings.
väsentlig,Vänskap är en väsentlig del av livet.,Friendship is an essential part of life.
manlig,Han har en manlig stil.,He has a masculine style.
en demonstration,Det var en stor demonstration i staden.,There was a big demonstration in the city.
en färd,Vi är på en färd till fjällen.,We are on a journey to the mountains.
en efterfrågan,Det finns en efterfrågan på ekologiska produkter.,There is a demand for organic products.
en kandidat,Han är en kandidat till jobbet.,He is a candidate for the job.
att upprätthålla,Vi måste upprätthålla en god hälsa.,We must maintain good health.
ett fördrag,Ett fördrag mellan länder kan skapa fred.,A treaty between countries can create peace.
ett instrument,Jag spelar ett instrument varje dag.,I play an instrument every day.
att analysera,Jag behöver att analysera resultatet noggrant.,I need to analyze the results carefully.
främmande,Det var en främmande plats för mig.,It was a strange place for me.
att uppmuntra,Jag försöker alltid att uppmuntra mina vänner när de är ledsna.,I always try to encourage my friends when they are sad.
ett genomförande,Ett genomförande av projektet kräver noggrant planering.,An implementation of the project requires careful planning.
konservativ,Han har alltid haft en konservativ åsikt om politik.,He has always had a conservative opinion about politics.
en attityd,Hon har alltid en positiv attityd.,She always has a positive attitude.
en föreställning,En föreställning om framtiden kan inspirera oss.,An idea of the future can inspire us.
än,Jag är längre än du.,I am taller than you.
att lyda,Barnen måste alltid lyda sina föräldrar.,Children must always obey their parents.
juridisk,Juridisk hjälp är viktigt för alla.,Legal assistance is important for everyone.
en variant,Det finns en variant av spelet som är mycket roligare.,There is a variant of the game that is much more fun.
en höjd,Jag klättrade upp till en höjd för att se utsikten.,I climbed up to a height to see the view.
en utrikesminister,En utrikesminister reser ofta till andra länder.,A foreign minister often travels to other countries.
en gäst,Vi har en gäst i vårt hem.,We have a guest in our home.
en hustru,Han har en hustru och tre barn.,He has a wife and three children.
en vandring,En vandring i fjällen är alltid en bra idé.,A hike in the mountains is always a good idea.
att kontakta,Jag ska kontakta min vän senare.,I will contact my friend later.
en mil,Jag gick en mil idag.,I walked a mile today.
kort,Det är en kort film.,It is a short movie.
eventuellt,Det kan eventuellt regna imorgon.,It might possibly rain tomorrow.
en lära,En lära kan förändra hur vi ser på världen.,A doctrine can change how we view the world.
att medge,Jag måste medge att jag har fel.,I have to admit that I am wrong.
ologisk,Det är ologisk att äta glass när det snöar.,It is illogical to eat ice cream when it is snowing.
en alkohol,En alkohol kan vara farlig om man dricker för mycket.,An alcohol can be dangerous if you drink too much.
en invandring,En invandring kan berika vårt samhälle.,An immigration can enrich our society.
en arbetarklass,En arbetarklass kämpar ofta för sina rättigheter.,A working class often fights for its rights.
en lögn,En lögn kan ibland skydda känslor.,A lie can sometimes protect feelings.
ett yttrande,Han gav ett yttrande om filmen.,He made a remark about the movie.
tillfällig,Det är en tillfällig lösning.,It is a temporary solution.
varav,"Det finns många böcker, varav några är mina favoriter.","There are many books, of which some are my favorites."
en doktor,Jag ska gå till en doktor idag.,I am going to see a doctor today.
olaglig,Att sälja droger är olagligt.,Selling drugs is illegal.
att gränsa till,Huset gränsar till en vacker trädgård.,The house borders on a beautiful garden.
en vision,En vision kan förändra framtiden.,A vision can change the future.
framöver,Vi måste tänka framöver för att lösa problemen.,We need to think for the future to solve the problems.
över,Fågeln flög över träden.,The bird flew over the trees.
en omgivning,Jag älskar att promenera i en omgivning med mycket grönska.,I love to walk in a surroundings with a lot of greenery.
ett bistånd,Ett bistånd är viktigt efter en katastrof.,Aid is important after a catastrophe.
att ansluta,Jag vill ansluta mig till klubben.,I want to join the club.
en bas,Jag har en bas i musiken.,I have a bass in music.
en fil,Jag har sparat en fil på datorn.,I have saved a file on the computer.
att föredra,Jag föredrar att läsa böcker på kvällarna.,I prefer to read books in the evenings.
hemma,Känn dig som hemma här!,Make yourself at home here!
sönder,Min telefon gick sönder igår.,My phone broke yesterday.
etablerad,Ett etablerat företag kan växa snabbt.,An established company can grow quickly.
att välkomna,Vi är glada att välkomna dig till vårt hem.,We are happy to welcome you to our home.
att tillverka,Vi behöver att tillverka fler leksaker för barnen.,We need to manufacture more toys for the children.
en ambition,En ambition är viktigt för att nå sina mål.,An ambition is important to achieve your goals.
en aktie,Jag köpte en aktie i företaget.,I bought a share in the company.
att anklaga,Hon vill inte anklaga sin vän för något.,She doesn't want to accuse her friend of anything.
ett dygn,Jag arbetar dygnet runt för att slutföra projektet.,I work around the clock to finish the project.
att förtjäna,Du förtjänar en paus efter allt ditt hårda arbete.,You deserve a break after all your hard work.
hur som helst,"Jag ska gå till affären, hur som helst.","I will go to the store, anyway."
en norm,En norm kan förändras över tid.,A norm can change over time.
osäker,Jag är osäker på vad jag ska välja.,I am unsure about what to choose.
en räkning,Jag måste betala en räkning idag.,I have to pay a bill today.
en republik,Sverige är en republik med en lång historia.,Sweden is a republic with a long history.
ett rykte,Det finns ett rykte om att hon ska flytta.,There is a rumor that she is moving.
en jämförelse,Jag gjorde en jämförelse mellan de två böckerna.,I made a comparison between the two books.
att avstå,Jag försöker att avstå från socker denna vecka.,I am trying to abstain from sugar this week.
en ära,Att hjälpa andra är en ära.,To help others is an honour.
en länsstyrelse,En länsstyrelse hjälper till med miljöfrågor.,A county administrative board helps with environmental issues.
smart,Det är smart att spara pengar.,It is smart to save money.
ett bibliotek,Jag lånar böcker från ett bibliotek.,I borrow books from a library.
en diktatur,En diktatur kontrollerar allt i landet.,A dictatorship controls everything in the country.
att variera,Det är bra att variera sin kost för att må bättre.,It is good to vary your diet to feel better.
att dominera,Fotbollslag kan dominera matcherna.,Football teams can dominate the matches.
att utreda,Vi behöver att utreda vad som hände.,We need to investigate what happened.
ett boende,Jag letar efter ett boende i stan.,I am looking for accommodation in the city.
ett museum,Vi ska besöka ett museum i helgen.,We are going to visit a museum this weekend.
att förvandla,Konsten kan förvandla ett rum.,Art can transform a room.
att påbörja,Projektet kommer att påbörjas nästa vecka.,The project will begin next week.
en ursäkt,Jag ber om en ursäkt för att jag kom sent.,I apologize for being late.
ett vete,Ett vete växer på fältet.,A wheat grows in the field.
att organisera,Vi behöver organisera vårt rum innan gästerna kommer.,We need to organize our room before the guests arrive.
kommunistisk,Mina vänner diskuterade kommunistisk politik igår.,My friends discussed communist politics yesterday.
ett öra,Jag hörde att hon har ett öra för musik.,I heard that she has an ear for music.
aktivt,Jag tränar aktivt varje dag.,I train actively every day.
en granskning,Vi behöver göra en granskning av rapporten.,We need to do a review of the report.
en balans,En balans mellan arbete och fritid är viktig för hälsan.,A balance between work and leisure is important for health.
en mage,Jag har alltid ont i magen efter att ha ätit för mycket.,I always have a stomach ache after eating too much.
att teckna,Jag älskar att teckna bilder av naturen.,I love to draw pictures of nature.
arg,Hon blev arg på sin vän.,She got angry with her friend.
att säkra,Vi måste säkra dörren innan vi går.,We need to secure the door before we leave.
en lunch,Jag ska äta en lunch med mina vänner.,I will have a lunch with my friends.
en kommunist,En kommunist tror på jämlikhet.,A communist believes in equality.
en militär,En militär skyddar landet.,A soldier protects the country.
en gåva,En gåva är alltid uppskattad på födelsedagen.,A gift is always appreciated on a birthday.
för närvarande,Jag är för närvarande upptagen med arbete.,I am currently busy with work.
alternativ,Vi har två alternativ att välja mellan.,We have two alternatives to choose from.
befintlig,Vi måste förbättra den befintliga infrastrukturen.,We need to improve the existing infrastructure.
att hälsa,Jag ska hälsa på mina vänner i helgen.,I will visit my friends this weekend.
en socialism,En socialism kan ge människor mer jämlikhet.,A socialism can give people more equality.
ursprunglig,Den ursprungliga planen var enkel och tydlig.,The original plan was simple and clear.
en anställning,Jag har fått en anställning på ett stort företag.,I have gotten a salaried job at a big company.
en ansökan,Jag skickade in en ansökan till jobbet igår.,I submitted an application for the job yesterday.
en protest,Det var en protest mot klimatförändringarna.,It was a protest against climate change.
ett test,Jag ska göra ett test i skolan imorgon.,I will take a test at school tomorrow.
en anda,En anda av gemenskap fyllde rummet.,A spirit of togetherness filled the room.
galen,Han blir galen när det regnar hela dagen.,He goes crazy when it rains all day.
en katastrof,En katastrof kan hända när vi minst anar det.,A catastrophe can happen when we least expect it.
att hata,Jag hatar regniga dagar.,I hate rainy days.
att gissa,Jag kan gissa svaret på frågan.,I can guess the answer to the question.
en mur,En mur skyddar huset från vinden.,A wall protects the house from the wind.
en tjänsteman,En tjänsteman hjälper människor med deras frågor.,A civil servant helps people with their questions.
ett led,Ett led i min arm gör ont.,A joint in my arm hurts.
att beakta,Det är viktigt att beakta dina känslor.,It is important to pay attention to your feelings.
till följd av,Många människor flyttade till följd av kriget.,Many people moved as a consequence of the war.
att reglera,Vi behöver att reglera vårt elförbrukning.,We need to regulate our electricity consumption.
en kristdemokrat,En kristdemokrat vill hjälpa människor.,A Christian democrat wants to help people.
en flod,En flod rinner genom skogen.,A river flows through the forest.
en talare,En talare kan göra stor skillnad i en presentation.,A speaker can make a big difference in a presentation.
ett mörker,Det är ett mörker i rummet.,There is a darkness in the room.
en begränsning,Det finns en begränsning för hur många böcker du kan låna.,There is a limitation on how many books you can borrow.
en värme,En värme sprider sig i rummet när vi tänder kaminen.,A warmth spreads in the room when we light the stove.
ett agerande,Ett agerande är viktigt för att lösa problem.,Taking action is important to solve problems.
en minoritet,En minoritet har rättigheter som måste skyddas.,A minority has rights that must be protected.
att etablera,Vi måste etablera en ny plan för projektet.,We need to establish a new plan for the project.
en dam,En dam sitter på bänken.,A lady is sitting on the bench.
spansk,Jag älskar spansk mat.,I love Spanish food.
ett motiv,Ett motiv kan vara svårt att förstå.,A motive can be hard to understand.
en olikhet,Det finns en olikhet mellan dessa två bilar.,There is a dissimilarity between these two cars.
rättslig,Det är viktigt att förstå sina rättsliga skyldigheter.,It is important to understand your legal obligations.
en utställning,Vi ska gå på en utställning i helgen.,We are going to an exhibition this weekend.
utomlands,Jag vill resa utomlands i sommar.,I want to travel abroad this summer.
en huvudstad,Stockholm är en huvudstad i Sverige.,Stockholm is a capital city in Sweden.
likt,Likt en fågel kan vi flyga högt.,"Like a bird, we can fly high."
en terrorist,En terrorist kan orsaka stor rädsla.,A terrorist can cause great fear.
en besökare,En besökare kom till vårt hus igår.,A visitor came to our house yesterday.
ett hushåll,Ett hushåll behöver alltid mat och vatten.,A household always needs food and water.
att respektera,Det är viktigt att respektera andra människor.,It is important to respect other people.
fullständig,Kan du ge mig ditt fullständiga namn?,Can you give me your complete name?
mäktig,Hon är en mäktig ledare.,She is a powerful leader.
växande,Det finns en växande oro för klimatförändringar.,There is a growing concern about climate change.
stabil,Det är viktigt att ha en stabil ekonomi.,It is important to have a stable economy.
en förvaltning,En förvaltning kan hjälpa till med många frågor.,An administration can help with many issues.
ett hat,Ett hat kan förstöra vänskap.,A hate can destroy friendship.
ett mönster,Det finns ett mönster på golvet.,There is a pattern on the floor.
nyss,Jag såg henne nyss på caféet.,I just saw her at the café.
ett varumärke,Ett varumärke kan vara mycket värdefullt.,A brand can be very valuable.
en fastighet,Vi köpte en fastighet vid sjön.,We bought a property by the lake.
att inta,Soldaterna intog staden vid gryningen.,The soldiers conquered the city at dawn.
orolig,Jag är orolig för min vän.,I am worried about my friend.
att rulla,Barnet gillar att rulla bollar på gräset.,The child likes to roll balls on the grass.
en moral,En moral är viktig i alla berättelser.,A moral is important in all stories.
att motivera,Jag försöker alltid motivera mina val med bra skäl.,I always try to justify my choices with good reasons.
en myt,En myt kan vara svår att bryta.,A myth can be hard to break.
noga,Du måste läsa instruktionerna noga.,You need to read the instructions carefully.
att snacka,Vi kan snacka om det senare.,We can chat about it later.
till sist,"Det var svårt, men till sist klarade jag det.","It was difficult, but in the end, I succeeded."
att förmedla,Det är viktigt att förmedla dina känslor ärligt.,It's important to convey your feelings honestly.
en hamn,Vi seglade in i en hamn för att vila.,We sailed into a port to rest.
att tillhandahålla,Vi behöver att tillhandahålla mer information.,We need to supply more information.
att informera,Jag måste informera dig om mötet.,I need to inform you about the meeting.
en karta,Jag behöver en karta för att hitta vägen.,I need a map to find the way.
att utforma,Vi behöver utforma en ny plan för projektet.,We need to design a new plan for the project.
en konvention,En konvention är att alltid säga hej när man möter någon.,A convention is to always say hello when you meet someone.
allt mer,Det blir allt mer kallt på vintern.,It is getting colder and colder in winter.
en koll,Jag har ingen koll på var jag ska gå.,I have no clue where I should go.
en längd,Jag behöver en längd av tyg för min klänning.,I need a length of fabric for my dress.
medicinsk,Medicinsk forskning är viktigt för vår hälsa.,Medical research is important for our health.
en läggning,Hon har alltid haft en läggning för konst.,She has always had a disposition for art.
ett kilogram,Jag köpte ett kilogram äpplen.,I bought a kilogram of apples.
en finansiering,En finansiering kan hjälpa dig att köpa en bil.,A financing can help you buy a car.
ett löfte,Jag gav henne ett löfte att alltid vara där för henne.,I made her a promise to always be there for her.
att mörda,Det är fel att mörda oskyldiga människor.,It is wrong to murder innocent people.
anställd,Jag är anställd på ett stort företag.,I am employed at a large company.
en amerikan,En amerikan gillar hamburgare.,An American likes hamburgers.
en rit,En rit är viktig i många kulturer.,A rite is important in many cultures.
en status,Min status på jobbet har förbättrats.,My status at work has improved.
biologisk,Biologisk mångfald är viktig för planeten.,Biological diversity is important for the planet.
en dikt,En dikt kan berätta en vacker historia.,A poem can tell a beautiful story.
en sko,Jag har köpt en sko.,I have bought a shoe.
att sträcka,Jag gillar att sträcka på mig efter träningen.,I like to stretch after exercising.
en medarbetare,Jag arbetar med en medarbetare varje dag.,I work with a co-worker every day.
en lust,Jag har en lust att gå på bio idag.,I feel like going to the movies today.
en kassa,Vi står i kön vid en kassa i affären.,We are standing in line at a checkout in the store.
en flygplats,Vi ska åka till en flygplats imorgon.,We are going to an airport tomorrow.
en tingsrätt,Jag ska gå till en tingsrätt i Stockholm.,I will go to a district court in Stockholm.
en avdelning,En avdelning på skolan heter historia.,A department in the school is called history.
att säkerställa,Vi måste säkerställa att alla har tillgång till information.,We must make sure that everyone has access to information.
en åklagare,En åklagare arbetar med rättvisa.,A prosecutor works for justice.
att lysa,Stjärnorna lyser klart på natten.,The stars shine brightly at night.
ett lidande,Ett lidande kan vara svårt att förstå.,A suffering can be hard to understand.
att syna,Jag vill syna korten innan jag lägger mina pengar på bordet.,I want to look closely at the cards before I put my money on the table.
en standard,Det är viktigt att följa en standard i arbetet.,It is important to follow a standard in the work.
en olycka,En olycka kan hända när man minst anar det.,An accident can happen when you least expect it.
en term,En term kan ha flera betydelser.,A term can have several meanings.
en maskin,Jag behöver en maskin för att tvätta disken.,I need a machine to wash the dishes.
en transport,En transport är viktig för att flytta varor.,A transport is important for moving goods.
etisk,Att vara etisk är viktigt för många människor.,Being ethical is important to many people.
en fattigdom,Vi måste kämpa mot en fattigdom i vår stad.,We must fight against poverty in our city.
att servera,Jag älskar att servera mat till mina vänner.,I love to serve food to my friends.
intern,Intern information är viktig för företaget.,Internal information is important for the company.
trolig,Det är troligt att det kommer att regna imorgon.,It is probable that it will rain tomorrow.
ett golv,Jag gillar att städa ett golv.,I like to clean a floor.
en förmiddag,Jag ska träna en förmiddag varje vecka.,I will train one morning each week.
ett statsråd,Hon träffade ett statsråd på konferensen.,She met a minister at the conference.
att inrätta,Vi behöver inrätta en ny plan för projektet.,We need to set up a new plan for the project.
en närhet,Det finns en närhet av vänskap i vår grupp.,There is a closeness of friendship in our group.
en semester,Jag längtar efter en semester vid havet.,I am looking forward to a vacation by the sea.
därigenom,"Hon sparade pengar, och därigenom kunde hon köpa en ny bil.","She saved money, and by that means she could buy a new car."
en ras,En ras av hundar är mycket vänlig.,A breed of dogs is very friendly.
en tysk,En tysk kan prata många språk.,A German can speak many languages.
en favorit,Kaffe är min favoritdryck.,Coffee is my favorite drink.
ett framsteg,Vi har gjort ett framsteg i vårt projekt.,We have made a progress in our project.
en tillvaro,Vi lever en tillvaro full av glädje.,We live an existence full of joy.
faktisk,Det är faktiskt en vacker dag idag.,It is actually a beautiful day today.
stolt,Jag är stolt över mina prestationer.,I am proud of my achievements.
strax,Jag kommer strax tillbaka.,I will be back soon.
att strida,Vi måste strida för våra rättigheter.,We must fight for our rights.
angelägen,Jag är angelägen om att hjälpa dig.,I am eager to help you.
att skylla,Du kan inte alltid skylla på andra.,You can't always blame others.
ont om,Jag har ont om tid idag.,I am short of time today.
att engagera,Hon vill engagera sig i projektet för att hjälpa andra.,She wants to get involved in the project to help others.
en beräkning,Jag gjorde en beräkning av kostnaderna.,I made a calculation of the costs.
välkommen,Välkommen till vårt hem!,Welcome to our home!
ideologisk,Många diskussioner handlar om ideologiska skillnader.,Many discussions are about ideological differences.
ett finger,Jag pekar med ett finger.,I point with a finger.
ett hål,Det finns ett hål i väggen.,There is a hole in the wall.
en prövning,"En prövning kan vara svår, men den gör oss starkare.","A challenge can be tough, but it makes us stronger."
vettig,Det är vettigt att spara pengar för framtiden.,It is sensible to save money for the future.
komplicerad,Det här problemet är komplicerat.,This problem is complicated.
sund,Att äta grönsaker är sunt för kroppen.,Eating vegetables is healthy for the body.
en domare,En domare bestämmer reglerna i matchen.,A judge determines the rules in the match.
en frukt,Jag äter en frukt varje dag.,I eat a fruit every day.
en signal,Jag väntar på en signal från dig.,I’m waiting for a call from you.
ett guld,Jag har ett guld halsband.,I have a gold necklace.
homosexuell,Han är en öppet homosexuell man.,He is an openly homosexual man.
en brottslighet,En brottslighet kan påverka hela samhället.,Crime can affect the whole society.
rejäl,Maten på restaurangen var rejäl och god.,The food at the restaurant was substantial and tasty.
en rättegång,En rättegång kan vara lång och svår.,A trial can be long and difficult.
ett mått,Ett mått av försiktighet är viktigt när man gör beslut.,A measure of caution is important when making decisions.
en kammare,Jag sitter i en kammare och läser en bok.,I sit in a chamber and read a book.
en nazist,Han kallade honom för en nazist.,He called him a nazi.
att förefalla,Det förefaller som om vi kommer att ha fint väder i helgen.,It seems like we will have nice weather this weekend.
efteråt,Vi ska äta middag och efteråt se en film.,We will have dinner and afterwards watch a movie.
en försäkring,Det är viktigt att ha en försäkring för att skydda ditt hem.,It is important to have insurance to protect your home.
en konung,En konung styrde landet med visdom.,A king ruled the country with wisdom.
så klart,Så klart vill jag gå på festen!,Of course I want to go to the party!
ett ändamål,Vi samlar in pengar för ett ändamål som hjälper barn i nöd.,We are raising money for a purpose that helps children in need.
avsedd,Denna bok är avsedd för barn.,This book is intended for children.
generell,Generell information är viktigt för alla.,General information is important for everyone.
en kommunism,En kommunism kan vara svår att förstå.,A communism can be hard to understand.
att dölja,Hon försökte dölja sin rädsla.,She tried to conceal her fear.
en arab,En arab kan berätta många intressanta historier.,An Arab can tell many interesting stories.
att sträva,Jag strävar alltid efter att bli bättre.,I always strive to get better.
en stämning,En stämning av glädje fyllde rummet under festen.,An atmosphere of joy filled the room during the party.
ett torg,Vi ska gå till ett torg för att köpa frukt.,We are going to the market to buy fruit.
planerad,Din planerade resa ser spännande ut.,Your planned trip looks exciting.
en utrustning,Vi behöver en utrustning för att campa.,We need equipment to go camping.
att vandra,Vi älskar att vandra i skogen på helgerna.,We love to hike in the forest on weekends.
att registrera,Jag behöver att registrera mitt nya telefonnummer.,I need to register my new phone number.
att argumentera,Jag gillar att argumentera om sport.,I like to argue about sports.
ett kök,Jag lagar mat i ett kök.,I cook in a kitchen.
att uppgå,Kostnaden för resan uppgår till femtio dollar.,The cost of the trip amounts to fifty dollars.
visst,Visst kan vi gå till parken idag!,"Certainly, we can go to the park today!"
en bön,Jag bad om en bön för fred.,I prayed for an appeal for peace.
en anläggning,Vi bygger en anläggning för att rena vattnet.,We are building a plant to purify the water.
en filosofi,En filosofi kan hjälpa oss att förstå livet bättre.,A philosophy can help us understand life better.
att gråta,Hon började att gråta när filmen slutade.,She started to cry when the movie ended.
ett underlag,Ett underlag är viktigt för att bygga ett hus.,A foundation is important for building a house.
typisk,Det är en typisk svensk vinter i år.,It is a typical Swedish winter this year.
att förespråka,Jag förespråkar att vi ska äta mer grönsaker.,I advocate that we should eat more vegetables.
en smärta,Jag kände en smärta i min rygg efter att jag lyft tungt.,I felt a pain in my back after lifting something heavy.
ett uppror,Det var ett uppror i staden för frihet.,There was an uproar in the city for freedom.
strategisk,Vi behöver en strategisk plan för projektet.,We need a strategic plan for the project.
en symbol,En ros är en symbol för kärlek.,A rose is a symbol of love.
radikal,Hans idéer är radikala och spännande.,His ideas are radical and exciting.
en vd,En vd leder företaget mot framgång.,A CEO leads the company towards success.
en frid,En frid infinner sig i skogen på morgonen.,A peace descends in the forest in the morning.
en arbetskraft,Vi behöver en arbetskraft för att slutföra projektet.,We need a workforce to complete the project.
att bevilja,Vi hoppas att de beviljar vårt ansökan om stöd.,We hope they grant our application for support.
en rot,En rot växer under jorden.,A root grows underground.
att förmå,Hon kan förmå sig att läsa en bok varje vecka.,She can manage to read a book every week.
rak,Håll linjalen rak när du mäter.,Keep the ruler straight when you measure.
att formulera,Det är viktigt att formulera sina tankar klart.,It is important to formulate your thoughts clearly.
en jämställdhet,En jämställdhet är viktig för alla.,Equality is important for everyone.
en existens,En existens utan lycka är svårt att förstå.,An existence without happiness is hard to understand.
en bonde,En bonde arbetar hårt varje dag.,A farmer works hard every day.
att bränna,Jag råkade bränna min middag i ugnen.,I accidentally burned my dinner in the oven.
italiensk,Jag älskar italiensk mat.,I love Italian food.
en utgift,En utgift kan vara en stor belastning för en budget.,An expense can be a big burden on a budget.
en förbättring,Det finns alltid en förbättring att göra.,There is always an improvement to be made.
att föreställa,Jag kan inte föreställa mig hur livet skulle vara utan musik.,I can't imagine what life would be like without music.
en operation,Hon måste genomgå en operation nästa vecka.,She has to undergo an operation next week.
att landa,Jag hoppas att jag kan landa ett bra jobb snart.,I hope I can land a good job soon.
en service,Vi bor i en service med många trevliga grannar.,We live in a flat in a sheltered housing complex with many nice neighbors.
att låsa,Jag glömde att låsa dörren.,I forgot to lock the door.
att varna,Jag vill varna dig för att vara försiktig.,I want to warn you to be careful.
att anställa,Vi behöver att anställa fler personer till vårt team.,We need to employ more people for our team.
ett förtryck,Ett förtryck kan leda till uppror.,Oppression can lead to rebellion.
en varelse,Det finns en varelse i skogen.,There is a being in the forest.
tyst,Det är tyst i rummet.,It is quiet in the room.
bredvid,Hon sitter bredvid mig på bussen.,She is sitting beside me on the bus.
att syssla med,Vad sysslar du med?,What do you do?
att drömma,Jag älskar att drömma om resor.,I love to dream about travels.
ett evangelium,Ett evangelium berättar om kärlek och hopp.,A gospel tells about love and hope.
en planet,Jorden är en planet i solsystemet.,Earth is a planet in the solar system.
organiserad,Hon är alltid organiserad när hon planerar sitt arbete.,She is always organized when she plans her work.
ett fält,Det finns ett fält med blommor bakom huset.,There is a field with flowers behind the house.
en omröstning,En omröstning kan avgöra framtiden för ett förslag.,A vote can determine the future of a proposal.
psykisk,Psykisk hälsa är viktig för vårt välbefinnande.,Mental health is important for our well-being.
ett fåtal,Det finns ett fåtal böcker kvar i hyllan.,There are a few books left on the shelf.
öppet,Hon talade öppet om sina känslor.,She spoke openly about her feelings.
att överväga,Jag måste överväga alla alternativ innan jag bestämmer mig.,I need to consider all options before I decide.
ett stopp,Det blev ett stopp i trafiken på väg till jobbet.,There was a stop in traffic on the way to work.
en tråd,Kan du ge mig en tråd om din favoritfilm?,Can you give me a thread about your favorite movie?
ett prov,Jag måste göra ett prov i matematik imorgon.,I have to take a test in math tomorrow.
ett sinne,Ett sinne för humor gör livet roligare.,A sense of humor makes life more fun.
en sorg,En sorg är svår att bära.,A sorrow is hard to bear.
ensamt,Jag sitter ensamt i parken.,I sit lonely in the park.
gemensamt,Vi har gemensamt intresse för musik.,We have a common interest in music.
bort,Han gick bort från festen tidigt.,He left the party early.
kommersiell,Kaffe är en kommersiell produkt som många älskar.,Coffee is a commercial product that many love.
före detta,Min före detta lärare var väldigt snäll.,My former teacher was very kind.
sist,"Sist jag var där, hade vi roligt tillsammans.","Last time I was there, we had fun together."
i huvudsak,Jag gillar filmer i huvudsak för deras berättelser.,I essentially like movies for their stories.
att lämpa sig,Denna klänning passar bra till festen.,This dress is well suited for the party.
annorlunda,Det här svaret är annorlunda än det förra.,This answer is different from the last one.
att lura,Han försökte lura mig med sin historia.,He tried to trick me with his story.
förvisso,Förvisso är det en vacker dag idag.,"Indeed, it is a beautiful day today."
en övervakning,En övervakning är viktigt för säkerheten.,Surveillance is important for safety.
pågående,Det finns en pågående diskussion om projektet.,There is an ongoing discussion about the project.
en utvärdering,Vi behöver göra en utvärdering av projektet.,We need to do an evaluation of the project.
trygg,Jag känner mig trygg hemma.,I feel safe at home.
ett arv,Ett arv kan vara mycket värdefullt för familjen.,An inheritance can be very valuable for the family.
ett seminarium,Jag ska gå på ett seminarium i morgon.,I will attend a seminar tomorrow.
att besvara,Jag vill gärna besvara din fråga.,I would love to answer your question.
ett övergrepp,Ett övergrepp mot oskyldiga människor är oacceptabelt.,An assault on innocent people is unacceptable.
ett pass,Jag har glömt att ta med ett pass.,I forgot to bring a passport.
att ljuga,Det är fult att ljuga.,It is wrong to lie.
en uppdatering,Jag behöver en uppdatering om projektet.,I need an update on the project.
grekisk,Jag älskar grekisk mat.,I love Greek food.
en närvaro,Hans närvaro i klassrummet gjorde alla mer fokuserade.,His presence in the classroom made everyone more focused.
en tidskrift,Jag läser en tidskrift varje månad.,I read a magazine every month.
en infrastruktur,En god infrastruktur är viktig för ett lands utveckling.,A good infrastructure is important for a country's development.
en biskop,En biskop leder kyrkan.,A bishop leads the church.
ett läger,Vi ska åka till ett läger i sommar.,We are going to a camp this summer.
mer och mer,Det blir mer och mer kallt ute.,It is getting more and more cold outside.
en adress,Jag behöver en adress för att skicka brevet.,I need an address to send the letter.
efterhand,Jag lärde mig svenska efterhand.,I learned Swedish gradually.
förvånad,Jag blev förvånad över nyheterna.,I was astonished by the news.
ovanlig,Det är ovanligt att se snö i oktober.,It is unusual to see snow in October.
jävla,Det var en jävla bra film!,That was a damn good movie!
ett kontrakt,Jag har skrivit på ett kontrakt för min nya lägenhet.,I have signed a contract for my new apartment.
skild,"De är skilda nu, men de pratar fortfarande.","They are divorced now, but they still talk."
daglig,Jag går på daglig promenad.,I go for a daily walk.
en penningpolitik,En penningpolitik påverkar räntorna i landet.,A monetary policy affects the interest rates in the country.
en röstning,Vi ska ha en röstning på måndag.,We will have a voting on Monday.
lugnt,"Ta det lugnt, vi har gott om tid.","Take it easy, we have plenty of time."
en video,Jag tittar på en video om hundar.,I am watching a video about dogs.
med hänsyn till,Med hänsyn till vädret stannar vi hemma idag.,"Considering the weather, we are staying home today."
att översätta,Jag behöver att översätta den här texten.,I need to translate this text.
en fågel,En fågel sitter på grenen.,A bird is sitting on the branch.
att inkludera,Vi måste inkludera alla i mötet.,We must include everyone in the meeting.
en era,En era av förändring har börjat.,An era of change has begun.
rörande,Berättelsen var rörande och fick oss alla att gråta.,The story was touching and made us all cry.
att förena,Vi måste förena våra krafter för att nå vårt mål.,We must unite our strengths to reach our goal.
ledig,Hon är ledig i dag.,She has the day off today.
en kärnkraft,En kärnkraft kan ge mycket energi.,A nuclear power can provide a lot of energy.
onödig,Det är onödig att stressa över småsaker.,It is unnecessary to stress over small things.
en ryss,En ryss kan vara vänlig.,A Russian can be friendly.
känslig,Han är känslig för kritik.,He is sensitive to criticism.
en smak,En smak av Sverige är lingonsylt.,A taste of Sweden is lingonberry jam.
en order,Vi fick en order att marchera framåt.,We received a command to march forward.
avancerad,Den avancerade teknologin förändrar världen.,The advanced technology is changing the world.
ett deltagande,Ett deltagande i mötet är viktigt för alla.,A participation in the meeting is important for everyone.
en nämnd,En nämnd ska träffas nästa vecka.,A committee will meet next week.
absolut,Det är absolut nödvändigt att äta frukost.,It is absolutely necessary to eat breakfast.
en israel,En israel bor i mitt grannskap.,An Israeli lives in my neighborhood.
att prioritera,Det är viktigt att prioritera din hälsa.,It is important to prioritize your health.
att tillägga,Jag vill tillägga att jag verkligen uppskattar din hjälp.,I want to add that I really appreciate your help.
att blåsa,Det börjar blåsa kraftigt idag.,It is starting to blow strongly today.
en trädgård,Jag sitter i en trädgård och läser en bok.,I am sitting in a garden and reading a book.
ett kors,Jag såg ett kors i parken.,I saw a cross in the park.
nyfiken,Jag är nyfiken på vad som finns i den lådan.,I am curious about what is in that box.
en kombination,En kombination av färger kan göra en stor skillnad.,A combination of colors can make a big difference.
ett mod,Ett mod är viktigt när man står inför svåra beslut.,Courage is important when facing difficult decisions.
ett landskap,Ett landskap kan vara mycket vackert på våren.,A landscape can be very beautiful in spring.
att överlämna,Jag måste överlämna boken till läraren.,I need to hand over the book to the teacher.
en vinnare,Han är verkligen en vinnare.,He is truly a winner.
oskyldig,Hon är oskyldig till brottet.,She is innocent of the crime.
att fastna,Jag fastnade i hissen.,I got stuck in the elevator.
en förväntning,Jag har en förväntning att vi ska ha roligt på festen.,I have an expectation that we will have fun at the party.
en temperatur,En temperatur kan vara mycket kall.,A temperature can be very cold.
övergripande,Vi behöver en övergripande plan för projektet.,We need a comprehensive plan for the project.
att motverka,Vi måste arbeta tillsammans för att motverka klimatförändringarna.,We must work together to counteract climate change.
våldsam,Stormen var våldsam och skrämde alla.,The storm was violent and scared everyone.
ett fack,Jag la brevet i ett fack på posten.,I put the letter in a compartment at the post office.
att komplettera,Jag älskar att komplettera min måltid med en god sallad.,I love to complement my meal with a good salad.
ett protokoll,Vi ska skriva ett protokoll efter mötet.,We will write minutes after the meeting.
webben,Jag letar efter information på webben.,I am looking for information on the internet.
att bota,Läkaren kan bota många sjukdomar.,The doctor can cure many diseases.
ett förlag,Jag skickade min bok till ett förlag för publicering.,I sent my book to a publishing house for publication.
att bege sig,Vi måste bege oss tidigt imorgon.,We have to set out early tomorrow.
en konsumtion,En hög konsumtion av socker är inte bra för hälsan.,A high consumption of sugar is not good for health.
värdefull,Din hjälp är värdefull för mig.,Your help is valuable to me.
en kost,Jag följer en kost med mycket grönsaker.,I follow a diet with a lot of vegetables.
godkänd,Jag är glad att jag blev godkänd på provet.,I am happy that I passed the exam.
ett datum,Jag föddes på ett datum som jag alltid kommer att minnas.,I was born on a date that I will always remember.
därtill,Jag har en katt och därtill en hund.,"I have a cat and besides, a dog."
en recension,Jag läste en recension av den nya filmen.,I read a review of the new movie.
till,Jag vill ha en glass till.,I want one more ice cream.
en omsorg,Han gav sin hund en omsorg varje dag.,He gave his dog care every day.
ett kriterium,Ett kriterium för att bli antagen är goda betyg.,A criterion for being accepted is good grades.
en fånge,En fånge sitter i sitt rum.,A prisoner sits in his room.
extrem,Det var en extrem dag med mycket regn.,It was an extreme day with a lot of rain.
en förbindelse,Det finns en förbindelse mellan Stockholm och Göteborg med tåg.,There is a train connection between Stockholm and Gothenburg.
ett angrepp,Ett angrepp på friheten är alltid oacceptabelt.,An attack against freedom is always unacceptable.
att lansera,Vi ska lansera en ny produkt nästa vecka.,We will launch a new product next week.
en saga,"En saga börjar alltid med ""det var en gång"".","A fairy tale always begins with ""once upon a time""."
att basera,Vi måste basera våra beslut på fakta.,We must base our decisions on facts.
en cykel,Jag cyklar till skolan med en cykel.,I bike to school with a bicycle.
en design,Jag gillar en design som är enkel och modern.,I like a design that is simple and modern.
frivillig,Frivillig hjälp är alltid välkommen.,Voluntary help is always welcome.
med anledning av,Med anledning av den nya lagen måste vi ändra våra rutiner.,"On account of the new law, we have to change our routines."
västra,Himlen är klar och västra solen lyser.,The sky is clear and the western sun is shining.
en påverkan,En påverkan från solen kan påverka vårt humör.,An influence from the sun can affect our mood.
en verkan,Den nya lagen har en verkan på miljön.,The new law has an effect on the environment.
ful,Den där katten är ful.,That cat is ugly.
en kongress,Vi ska delta i en kongress nästa vecka.,We will attend a congress next week.
att skära,Jag måste skära grönsakerna för att laga middag.,I need to cut the vegetables to make dinner.
ett testamente,Jag har skrivit ett testamente för min familj.,I have written a will for my family.
gul,Solen är gul på himlen.,The sun is yellow in the sky.
skriftlig,Jag behöver en skriftlig bekräftelse på mötet.,I need a written confirmation of the meeting.
en våg,En våg rullar in mot stranden.,A wave rolls in towards the beach.
årlig,Vi har vår årliga fest nästa vecka.,We have our annual party next week.
en reservation,Jag har en reservation om att vi ska åka till stranden.,I have a reservation about us going to the beach.
rättvis,Det är viktigt att vara rättvis mot alla.,It is important to be fair to everyone.
ett yrke,Jag vill välja ett yrke som gör mig glad.,I want to choose a profession that makes me happy.
ett århundrade,Ett århundrade har passerat sedan vi sist sågs.,A century has passed since we last met.
ett anslag,Jag såg ett anslag om en konsert på affären.,I saw a poster about a concert at the store.
en drog,En drog kan vara farlig.,A drug can be dangerous.
att gömma,Jag vill gömma min leksak.,I want to hide my toy.
äkta,Äkta kärlek varar för evigt.,Genuine love lasts forever.
intellektuell,Han är en intellektuell person med många intressanta idéer.,He is an intellectual person with many interesting ideas.
en kejsare,En kejsare styrde ett stort rike.,An emperor ruled a large empire.
en planering,Vi behöver en planering för nästa vecka.,We need a planning for next week.
en släkt,En släkt kan vara stor eller liten.,A family can be big or small.
en drottning,En drottning bär en vacker krona.,A queen wears a beautiful crown.
att uppträda,Hon älskar att uppträda på scenen.,She loves to perform on stage.
att övergå,Mörkret övergår till ljus när solen går upp.,The darkness transitions to light when the sun rises.
het,Det är en het dag idag.,It is a hot day today.
ett läkemedel,Ett läkemedel kan hjälpa mot förkylning.,A medicine can help against a cold.
en utformning,En utformning av logotypen är viktig för företagets image.,A design of the logo is important for the company's image.
elektronisk,Det finns många elektroniska apparater i mitt hem.,There are many electronic devices in my home.
obligatorisk,Skolan har obligatoriska lektioner varje vecka.,School has obligatory lessons every week.
att investera,Jag vill investera i mitt framtida företag.,I want to invest in my future business.
en fond,En vacker fond gör tavlan intressant.,A beautiful background makes the painting interesting.
dubbel,Jag har dubbel medborgarskap i Sverige och Finland.,I have dual citizenship in Sweden and Finland.
att uppkomma,Problem kan uppkomma om vi inte är försiktiga.,Problems can arise if we are not careful.
att somna,Jag är trött och jag vill somna.,I am tired and I want to fall asleep.
ett ställningstagande,Hon tog ett ställningstagande i debatten.,She took a position in the debate.
att utesluta,Vi kan inte utesluta några idéer innan vi diskuterar dem.,We cannot exclude any ideas before we discuss them.
en frukost,Jag äter alltid en frukost med ägg och bröd.,I always eat a breakfast with eggs and bread.
en förhoppning,Jag har en förhoppning om att vi ses snart.,I have a hope that we will see each other soon.
facklig,Facklig kunskap är viktig för arbetstagare.,Professional knowledge is important for employees.
en prognos,En prognos säger att det blir soligt i helgen.,A forecast says it will be sunny this weekend.
en sannolikhet,Det finns en sannolikhet att det kommer att regna i morgon.,There is a probability that it will rain tomorrow.
en advokat,Jag behöver en advokat för mitt fall.,I need a lawyer for my case.
kapitalistisk,I en kapitalistisk värld är pengar viktiga.,"In a capitalist world, money is important."
tveksam,Jag är tveksam till hans förslag.,I am doubtful about his suggestion.
att anlända,Vi väntar på att anlända till stationen.,We are waiting to arrive at the station.
ett regn,Det kommer ett regn i morgon.,There will be a rain tomorrow.
att röja,Vi måste röja bort skräpet i trädgården.,We need to clear away the garbage in the garden.
en motsats,En motsats till ljus är mörker.,An opposite of light is darkness.
en referens,Jag behöver en referens för mitt jobbansökan.,I need a reference for my job application.
en fabrik,En fabrik gör många produkter.,A factory makes many products.
i och för sig,Det är i och för sig en bra idé.,"It is, in and of itself, a good idea."
japansk,Jag älskar japansk mat.,I love Japanese food.
plus,Jag har en pluspoäng i spelet.,I have a bonus point in the game.
en marknadsföring,En marknadsföring är viktig för att öka försäljningen.,A marketing is important to increase sales.
att rena,Vi behöver att rena vattnet innan vi dricker det.,We need to purify the water before we drink it.
en innebörd,"Ordet ""frihet"" har en djup innebörd.","The word ""freedom"" has a deep significance."
att stjäla,Det är fel att stjäla från andra.,It is wrong to steal from others.
online,Jag handlar ofta online.,I often shop online.
en omgång,Jag behöver en omgång kläder till resan.,I need a set of clothes for the trip.
att protestera,Många människor går ut för att protestera mot orättvisor.,Many people go out to protest against injustices.
att tillkomma,Mötet kommer att tillkomma nästa vecka.,The meeting will take place next week.
att bemöta,Vi måste bemöta problemen innan de blir större.,We need to address the problems before they get bigger.
att tränga,Barnen tränger sig fram i kön till karusellen.,The children are pushing their way to the front of the line for the carousel.
bestående,Kärlek är ofta bestående genom livet.,Love is often lasting throughout life.
en blomma,Jag plockade en blomma i parken.,I picked a flower in the park.
att överföra,Jag behöver överföra pengar till mitt bankkonto.,I need to transfer money to my bank account.
en solidaritet,En solidaritet är viktig för vårt samhälle.,A solidarity is important for our society.
en lydelse,Jag gillar den här lydelsen i dikten.,I like this wording in the poem.
en annons,Jag såg en annons för en ny bil.,I saw an advertisement for a new car.
en riksdagsledamot,En riksdagsledamot jobbar för folkets bästa.,A member of parliament works for the people's best interests.
att brinna,Elden brinner starkt i kamin.,The fire burns brightly in the fireplace.
att rinna,Nosen rinner när det är kallt ute.,The nose runs when it is cold outside.
en gärning,En gärning kan förändra världen.,A deed can change the world.
en samverkan,Vi arbetar i en samverkan för att förbättra vårt samhälle.,We are working in cooperation to improve our community.
att rymma,Barnet försökte rymma från sitt rum.,The child tried to escape from its room.
ett blogginlägg,Jag skrev ett blogginlägg om mina resor.,I wrote a blog post about my travels.
att sammanfatta,Jag ska sammanfatta boken i en kort text.,I will summarize the book in a short text.
östra,Östra Sverige är vackert på sommaren.,Eastern Sweden is beautiful in the summer.
att dröja,"Jag vill inte dröja längre, vi måste gå nu.","I don't want to take any longer, we have to go now."
att avbryta,Han ville inte avbryta henne mitt i meningen.,He didn't want to interrupt her in the middle of the sentence.
att gräva,Barnen tycker om att gräva i sandlådan.,The children like to dig in the sandbox.
att stryka,Jag måste stryka mina skjortor innan jag går ut.,I need to iron my shirts before I go out.
kreativ,Kreativitet är viktigt för att lösa problem.,Creativity is important for solving problems.
till dess,"Vi träffas igen nästa vecka, till dess kan du tänka på vad du vill säga.","We'll meet again next week; until then, you can think about what you want to say."
intensiv,Träningen var intensiv men rolig.,The training was intensive but fun.
sålunda,Sålunda är det viktigt att vi hjälper varandra.,"Thus, it is important that we help each other."
att roa,Barnen älskar att roa sig i parken.,The children love to amuse themselves in the park.
att understryka,Jag vill understryka hur viktigt det är att läsa.,I want to underline how important it is to read.
ett glas,Jag dricker ett glas vatten varje dag.,I drink a glass of water every day.
ett album,Jag lyssnar på ett album av min favoritartist.,I am listening to an album by my favorite artist.
ett territorium,Ett territorium kan vara stort eller litet.,A territory can be large or small.
att möjliggöra,Vi måste arbeta tillsammans för att möjliggöra förändring.,We must work together to enable change.
en fördelning,En fördelning av resurser är viktig för alla.,A distribution of resources is important for everyone.
en folkomröstning,En folkomröstning kan avgöra framtiden för ett land.,A referendum can determine the future of a country.
ett skede,Vi är i ett skede av våra liv där vi lär oss mycket.,We are in a stage of our lives where we learn a lot.
att markera,Jag behöver att markera min bok med en post-it.,I need to mark my book with a post-it.
att skaka,Jag gillar att skaka på huvudet när jag inte håller med.,I like to shake my head when I disagree.
en sten,Jag plockade upp en sten från marken.,I picked up a stone from the ground.
en vagn,Vi gick till parken med en vagn.,We went to the park with a stroller.
att värna,Vi måste värna om vår miljö.,We must protect our environment.
hemsk,Det var en hemsk dröm jag hade i natt.,It was a ghastly dream I had last night.
kriminell,En kriminell person kan få fängelse.,A criminal person can go to prison.
saklig,Vi behöver en saklig diskussion om problemet.,We need an objective discussion about the problem.
närvarande,Jag var närvarande vid mötet igår.,I was present at the meeting yesterday.
automatiskt,Dörren öppnas automatiskt när du närmar dig.,The door opens automatically when you approach.
att skämma,Vi ska inte skämma bort barnen för mycket.,We should not spoil the children too much.
att vittna,Jag måste vittna i rätten nästa vecka.,I have to testify in court next week.
att spendera,Jag gillar att spendera tid med mina vänner.,I like to spend time with my friends.
att ansvara,Jag måste ansvara för mina studier.,I must take responsibility for my studies.
ett ledarskap,Ett ledarskap är viktigt för ett framgångsrikt team.,A leadership is important for a successful team.
att trivas,Jag trivs verkligen i mitt nya hem.,I really feel at home in my new house.
en figur,Hon ritade en figur på tavlan.,She drew a figure on the board.
en bygd,I bygdens skogar finns många vilda djur.,"In the forests of the region, there are many wild animals."
en spridning,En spridning av idéer kan vara mycket nyttig.,A spread of ideas can be very useful.
lyckad,Festen var väldigt lyckad.,The party was very successful.
att le,Jag gillar att le när jag är glad.,I like to smile when I am happy.
en betalning,Jag behöver göra en betalning idag.,I need to make a payment today.
att oroa,"Du behöver inte oroa dig, allt kommer att bli bra.","You don't need to worry, everything will be fine."
ett lov,Vi ska åka på ett lov till stranden nästa vecka.,We are going on a holiday to the beach next week.
motsatt,Mina åsikter är motsatta dina.,My opinions are opposite to yours.
att knyta,Jag ska knyta skorna innan jag går ut.,I will tie my shoes before I go out.
från och med nu,Från och med nu ska jag träna varje dag.,"From now on, I will train every day."
en rekommendation,Jag fick en rekommendation om en bra restaurang.,I got a recommendation for a good restaurant.
en ansträngning,Jag gör en ansträngning för att lära mig svenska.,I make an effort to learn Swedish.
ett institut,Ett institut för forskning ligger i centrum.,An institute for research is located in the center.
en kritiker,En kritiker sa att filmen var fantastisk.,A critic said that the movie was fantastic.
övre,Det finns en övre våning i huset.,There is an upper floor in the house.
moderat,Moderaterna vill skapa fler jobb i Sverige.,The Moderates want to create more jobs in Sweden.
data,Data är viktigt för forskningen.,Data is important for research.
ett hörn,Vi träffas vid ett hörn av gatan.,We meet at a corner of the street.
inhemsk,Inhemska produkter är bra för ekonomin.,Domestic products are good for the economy.
en öl,Jag vill ha en öl.,I want a beer.
en ängel,Hon såg en ängel i drömmen.,She saw an angel in her dream.
blott,Det är blott en dröm.,It is but a dream.
att förhålla sig,Det är viktigt att förhålla sig lugn i stressiga situationer.,It is important to remain calm in stressful situations.
fullkomligt,Jag är fullkomligt säker på mitt val.,I am completely sure of my choice.
en park,Vi leker i en park varje lördag.,We play in a park every Saturday.
ett regelverk,Ett regelverk hjälper oss att följa reglerna.,A set of rules and regulations helps us follow the rules.
en nackdel,En nackdel med att bo i staden är bullret.,A disadvantage of living in the city is the noise.
ett vittne,Ett vittne såg allt som hände.,A witness saw everything that happened.
ljus,Hennes klänning är ljus och vacker.,Her dress is light-coloured and beautiful.
medvetet,Han gjorde det medvetet för att få uppmärksamhet.,He did it deliberately to get attention.
en gas,En gas kan vara farlig om den inte hanteras rätt.,A gas can be dangerous if not handled properly.
att tipsa,Jag vill tipsa dig om en bra bok.,I want to tip you off about a good book.
en våldtäkt,En våldtäkt är en fruktansvärd brottslighet.,A rape is a terrible crime.
att boka,Jag behöver att boka tid hos doktorn.,I need to make an appointment with the doctor.
sådan här,Jag vill ha en klänning sådan här.,I want a dress like this.
ekologisk,Ekologisk mat är bra för miljön.,Organic food is good for the environment.
att återfinna,Jag hoppas att jag kan återfinna min gamla bok.,I hope that I can find my old book again.
huvudsakligen,Jag äter huvudsakligen frukt och grönsaker.,I mainly eat fruits and vegetables.
att överge,Han valde att överge sitt gamla liv.,He chose to abandon his old life.
en ockupation,En ockupation kan leda till många problem.,An occupation can lead to many problems.
likaså,"Jag gillar äpplen, likaså gillar jag päron.","I like apples, likewise I like pears."
att bringa,Vi behöver att bringa ordning i rummet.,We need to bring order to the room.
att hylla,Vi samlades för att hylla våra hjältar.,We gathered to celebrate our heroes.
en sammanfattning,Jag behöver en sammanfattning av boken.,I need a summary of the book.
en liberal,En liberal idé kan förändra samhället.,A liberal idea can change society.
en graf,En graf visar hur temperaturen förändras.,A graph shows how the temperature changes.
ett slott,Det finns ett slott i vår stad.,There is a castle in our town.
ett anspråk,Ett anspråk på min tid gör mig stressad.,A demand on my time makes me stressed.
en motsättning,Det finns en motsättning mellan våra åsikter.,There is an opposition between our opinions.
ett byte,Ett byte av idéer kan leda till nya lösningar.,An exchange of ideas can lead to new solutions.
en logik,En logik kan hjälpa oss att lösa problem.,A logic can help us solve problems.
att resonera,Vi kan resonera om vad som är bäst för oss.,We can discuss what is best for us.
ett tempel,Det finns ett tempel i staden.,There is a temple in the city.
en krönika,Jag läste en krönika om utbildning i tidningen.,I read an opinion piece about education in the newspaper.
att tillbringa,Jag älskar att tillbringa tid med mina vänner.,I love to spend time with my friends.
en kopia,Jag behöver en kopia av dokumentet.,I need a copy of the document.
en instans,En instans kan ändra domar.,An authority can change judgments.
en företagare,En företagare driver sitt eget företag.,A company owner runs their own business.
ett medlemskap,Jag har ett medlemskap på gymmet.,I have a membership at the gym.
egentlig,Det är egentligen viktigt att vara ärlig.,It is actually important to be honest.
en landsbygd,En landsbygd är lugn och vacker.,The countryside is calm and beautiful.
en integration,En integration av olika kulturer är viktig för samhället.,An integration of different cultures is important for society.
en gest,En gest kan säga mer än tusen ord.,A gesture can say more than a thousand words.
tyst,"Tyst som en mus, lyssnar jag på natten.","Quiet as a mouse, I listen to the night."
att längta,Jag längtar efter sommaren.,I long for summer.
en föreskrift,Vi måste följa en föreskrift om säkerhet på arbetsplatsen.,We must follow a regulation about safety at the workplace.
generellt,Generellt gillar svenskar fika.,"Generally, Swedes like coffee breaks."
ett konto,Jag öppnade ett konto på banken.,I opened an account at the bank.
ju,"Ju mer vi övar, desto bättre blir vi.","The more we practice, the better we become."
tämligen,Det är tämligen kallt idag.,It is fairly cold today.
då och då,Jag träffar mina vänner då och då.,I meet my friends from time to time.
att ryka,Maten ryker när den lagas.,The food is smoking when it is being cooked.
en reglering,En reglering hjälper företag att följa lagen.,A regulation helps companies to follow the law.
misstänkt,Den misstänkte personen är inte här.,The suspected person is not here.
ett paket,Jag köpte ett paket mjölk i affären.,I bought a carton of milk at the store.
att bete sig,Du måste lära dig att bete dig i skolan.,You need to learn to behave in school.
kollektiv,Kollektiv är viktigt för att skapa gemenskap.,Collective is important for building community.
en fotograf,En fotograf tar bilder av naturen.,A photographer takes pictures of nature.
vänlig,Hon är alltid vänlig mot sina vänner.,She is always kind to her friends.
en hemlighet,Hon har en hemlighet som ingen vet.,She has a secret that no one knows.
administrativ,Det är viktigt att ha bra administrativa rutiner.,It is important to have good administrative routines.
att dansa,Jag älskar att dansa på helgerna.,I love to dance on the weekends.
ett tillägg,Jag behöver ett tillägg till min beställning.,I need an addition to my order.
ett fordon,Det finns ett fordon på gatan.,There is a vehicle on the street.
att nöja sig,Jag nöjer mig med en kopp kaffe.,I am content with a cup of coffee.
att kliva,Jag kliver försiktigt in i rummet.,I step carefully into the room.
en bro,Det finns en bro över floden.,There is a bridge over the river.
ett mandat,Vi behöver ett mandat för att fortsätta projektet.,We need a mandate to continue the project.
en inledning,En inledning till boken är alltid viktig.,An introduction to the book is always important.
ett införande,Ett införande av nya regler kan hjälpa oss att arbeta bättre.,An introduction of new rules can help us work better.
att antyda,Hon försökte antyda att hon ville gå hem tidigt.,She tried to hint that she wanted to go home early.
att innefatta,Måltiden innefattar både förrätt och efterrätt.,The meal includes both a starter and a dessert.
att kommunicera,Det är viktigt att kommunicera tydligt.,It is important to communicate clearly.
praktiskt,Det är praktiskt att ha en ryggsäck när man reser.,It's practically useful to have a backpack when traveling.
en förmån,En förmån med att jobba här är flexibla arbetstider.,A benefit of working here is flexible working hours.
en motivering,Jag behöver en motivering för mitt val.,I need a justification for my choice.
en tystnad,Det var en tystnad i rummet.,There was a silence in the room.
en valuta,En valuta kan förändras varje dag.,A currency can change every day.
att genomgå,Jag måste genomgå en medicinsk undersökning.,I have to go through a medical examination.
en nåd,En nåd kan förändra allt i livet.,A grace can change everything in life.
en redaktion,En redaktion skriver varje dag artiklar för tidningen.,An editorial staff writes articles for the newspaper every day.
extern,Externa faktorer påverkar vårt beslut.,External factors influence our decision.
en sfär,En sfär rullar ner för backen.,A sphere rolls down the hill.
ett flygplan,Jag såg ett flygplan på himlen.,I saw an airplane in the sky.
en kamrat,Jag träffade en kamrat på skolan idag.,I met a comrade at school today.
en premiärminister,En premiärminister bestämmer landets framtid.,A prime minister decides the country's future.
en botten,Fiskarna simmar på botten av sjön.,The fish swim at the bottom of the lake.
västerländsk,Västerländsk kultur påverkar många länder.,Western culture influences many countries.
en skala,En skala används för att mäta vikt.,A scale is used to measure weight.
en utsikt,Vi stannade för att njuta av utsikten över fjällen.,We stopped to enjoy the view of the mountains.
att besegra,Vi måste besegra våra rädslor.,We must defeat our fears.
att utfärda,Vi måste att utfärda nya biljetter till konserten.,We need to issue new tickets for the concert.
att stimulera,Att stimulera kreativitet är viktigt för barn.,To stimulate creativity is important for children.
kraftfull,Hon har en kraftfull röst när hon sjunger.,She has a powerful voice when she sings.
att utöka,Vi behöver utöka vår trädgård för att få mer plats.,We need to expand our garden to have more space.
att angripa,Vi måste angripa problemet snabbt.,We need to tackle the problem quickly.
ett utseende,Hon har ett utseende som fångar allas uppmärksamhet.,She has an appearance that catches everyone's attention.
en promenad,Vi kan ta en promenad i parken.,We can go for a walk in the park.
ett universum,Ett universum är fullt av mysterier.,A universe is full of mysteries.
vanligtvis,Jag äter vanligtvis frukost klockan sju.,I usually eat breakfast at seven.
en pensionär,Min granne är en pensionär.,My neighbor is a pensioner.
redo,Jag är redo för skolan.,I am ready for school.
en järnväg,En järnväg går genom staden.,A railway runs through the city.
jämn,Golvet är jämnt och lätt att städa.,The floor is even and easy to clean.
ett utbyte,Ett utbyte av idéer kan leda till nya insikter.,An exchange of ideas can lead to new insights.
en öppenhet,En öppenhet för nya idéer är viktig.,An openness to new ideas is important.
en grundval,En grundval för ett bra samhälle är utbildning.,A foundation for a good society is education.
att attackera,Barnen började att attackera varandra med kuddar.,The children started to attack each other with pillows.
att slita,Jag måste slita hårt för att klara av jobbet.,I have to work hard to manage the job.
en förskola,Barnen leker på en förskola.,The children are playing at a preschool.
föregående,Den föregående boken var mycket intressant.,The previous book was very interesting.
att föreskriva,Läkaren föreskriver medicin för att hjälpa patienter.,The doctor prescribes medicine to help patients.
en inspiration,En inspiration kan komma från många ställen.,An inspiration can come from many places.
en anhängare,Hon är en anhängare av miljörörelsen.,She is a supporter of the environmental movement.
att hyra,Jag vill hyra en cykel för helgen.,I want to hire a bike for the weekend.
en kärna,En kärna av äpplet är gott att äta.,The core of the apple is good to eat.
överhuvudtaget,Jag förstår inte överhuvudtaget vad du säger.,I don't understand at all what you're saying.
att löpa,Jag älskar att löpa i parken varje morgon.,I love to run in the park every morning.
ett blad,Ett blad flög bort i vinden.,A leaf blew away in the wind.
en gårdag,En gårdag var full av sol och skratt.,Yesterday was full of sun and laughter.
att tillföra,Vi behöver tillföra mer vatten till växterna.,We need to add more water to the plants.
en trovärdighet,Han har en trovärdighet som få andra.,He has a credibility that few others have.
ett varv,Vi sprang ett varv runt sjön.,We ran a lap around the lake.
en värdighet,En värdighet är viktigt för alla människor.,Dignity is important for all people.
en dans,Vi ska gå på en dans ikväll.,We are going to a dance tonight.
en osäkerhet,Det finns en osäkerhet i beslutet.,There is an uncertainty in the decision.
enstaka,Jag går på enstaka konserter varje år.,I go to occasional concerts every year.
ett flyg,Jag ska ta ett flyg till Stockholm imorgon.,I will take a flight to Stockholm tomorrow.
en vana,Att läsa varje dag är en bra vana.,Reading every day is a good habit.
en spänning,Det finns en spänning i luften när det är storm.,There is a tension in the air when there is a storm.
ett anfall,Ett anfall kan vara det bästa försvaret.,An attack can be the best defense.
att utarbeta,Vi behöver utarbeta en plan för projektet.,We need to work out a plan for the project.
att skrämma,Hon försöker alltid att skrämma sina vänner.,She always tries to scare her friends.
en nyckel,Jag har en nyckel till mitt hus.,I have a key to my house.
en skribent,Hon är en skribent som skriver historier.,She is a writer who writes stories.
en garanti,En garanti ger trygghet när du köper något nytt.,A guarantee provides security when you buy something new.
sakta,Solen går sakta ner bakom bergen.,The sun sets slowly behind the mountains.
att tillsätta,Vi måste tillsätta en ny medlem till styrelsen.,We need to appoint a new member to the board.
en tvekan,Jag känner en tvekan inför mitt beslut.,I feel a doubt about my decision.
en tand,Jag har ont i en tand.,I have a pain in a tooth.
att yrka,Jag yrkar på att vi ska få mer tid för projektet.,I insist that we get more time for the project.
tacksam,Jag är tacksam för din hjälp.,I am grateful for your help.
att tävla,Vi älskar att tävla i fotboll.,We love to compete in football.
bortom,Bortom bergen finns en vacker sjö.,"Beyond the mountains, there is a beautiful lake."
att utbilda,Jag vill utbilda mig till läkare.,I want to train to become a doctor.
ett hemland,Ett hemland är där man känner sig hemma.,A homeland is where you feel at home.
utav,Jag tog en bit utav kakan.,I took a piece out of the cake.
att avvisa,Jag måste avvisa hans erbjudande.,I have to reject his offer.
potentiell,Det finns en potentiell lösning på problemet.,There is a potential solution to the problem.
sovjetisk,Den sovjetiska historien är fascinerande.,The Soviet history is fascinating.
ett skepp,Ett skepp seglar över havet.,A ship sails across the sea.
en utgång,Vi behöver hitta en utgång från byggnaden.,We need to find an exit from the building.
skrämmande,Det är skrämmande att gå ensam i mörkret.,It is frightening to walk alone in the dark.
omedelbar,Beslutet får omedelbar effekt.,The decision takes immediate effect.
en partner,Min vän har en partner som hon älskar mycket.,My friend has a partner that she loves very much.
rejält,Hunden är rejält stark och kan dra en vagn.,The dog is really strong and can pull a cart.
en kapacitet,En kapacitet för lärande är viktigt i skolan.,A capacity for learning is important in school.
ett genomsnitt,Ett genomsnitt av resultaten visar att vi har förbättrats.,An average of the results shows that we have improved.
värdig,Hon har alltid varit en värdig ledare.,She has always been a dignified leader.
ett gymnasium,Jag går på ett gymnasium i Stockholm.,I go to a high school in Stockholm.
att umgås,Vi gillar att umgås på helgerna.,We like to hang out on the weekends.
ett knä,Sätt dig på mitt knä så kan vi läsa en bok tillsammans.,Sit on my lap so we can read a book together.
ett element,Ett element värmer rummet på vintern.,A radiator warms the room in winter.
fredlig,Vi hoppas på en fredlig lösning på problemet.,We hope for a peaceful solution to the problem.
smal,Han har smala byxor.,He has slim pants.
en gubbe,En gubbe sitter på bänken i parken.,An old man is sitting on the bench in the park.
att arrangera,Vi måste arrangera en fest nästa vecka.,We need to arrange a party next week.
en skugga,En skugga följde mig när jag gick i parken.,A shadow followed me as I walked in the park.
att pressa,Jag ska pressa apelsiner för att göra juice.,I will press oranges to make juice.
en självständighet,En självständighet är viktigt för att växa som person.,Independence is important for personal growth.
densamma,De har densamma boken som jag.,They have the same book as I do.
slutlig,Det slutliga beslutet tas nästa vecka.,The final decision will be made next week.
ett tvivel,Det finns ett tvivel om hans oskuld.,There is a doubt about his innocence.
att fälla,Träden börjar fälla sina löv på hösten.,The trees start to shed their leaves in the autumn.
att smaka,Jag vill smaka på kakan.,I want to taste the cake.
näst,Vi ska gå till den näst största staden i Sverige.,We will go to the second biggest city in Sweden.
ett utbud,Det finns ett utbud av frukter på marknaden.,There is a range of fruits at the market.
en opinion,En opinion kan förändras snabbt.,Public opinion can change quickly.
att värdera,Det är viktigt att värdera vänskap.,It is important to value friendship.
allvarligt,Du måste ta det här allvarligt.,You need to take this seriously.
formell,Du behöver en formell klädsel till bröllopet.,You need formal clothing for the wedding.
dagligen,Jag går till gymmet dagligen.,I go to the gym daily.
ursprungligen,Ursprungligen kom jag från Göteborg.,"Originally, I came from Gothenburg."
vidare,Vi måste tänka vidare för att lösa problemet.,We need to think further to solve the problem.
att fördela,Vi måste fördela kakan rättvist.,We need to distribute the cake fairly.
ovanligt,Det är ovanligt kallt i oktober.,It is unusually cold in October.
att reducera,Vi måste reducera våra kostnader.,We need to reduce our expenses.
vanligt,Det är vanligt att vi träffas på torsdagar.,It is usual for us to meet on Thursdays.
ett skadestånd,Jag kommer att begära ett skadestånd efter olyckan.,I will sue for damages after the accident.
att kopiera,Jag behöver att kopiera några dokument till mötet.,I need to copy some documents for the meeting.
en övergång,En övergång mellan dag och natt är alltid vacker.,A transition between day and night is always beautiful.
en anhörig,Jag träffade en anhörig på begravningen.,I met a relative at the funeral.
en ångest,Jag känner en ångest inför provet.,I feel an anxiety about the exam.
en vakt,En vakt står vid entrén för att skydda byggnaden.,A guard stands at the entrance to protect the building.
att förhandla,Vi måste förhandla om priset.,We need to negotiate the price.
att koncentrera,Jag behöver att koncentrera mig för att studera bättre.,I need to concentrate to study better.
en tabell,En tabell visar resultaten tydligt.,A table shows the results clearly.
en önskan,En önskan kan bli verklighet.,A wish can come true.
en konsert,Vi ska gå på en konsert i kväll.,We are going to a concert tonight.
en teckning,Jag gjorde en teckning av min katt.,I made a drawing of my cat.
att avgå,Han bestämde sig för att avgå från sitt jobb.,He decided to resign from his job.
en grav,En grav är en plats för att minnas de som har gått bort.,A grave is a place to remember those who have passed away.
en agenda,Vi måste kolla på agendan innan mötet.,We need to check the agenda before the meeting.
ett samfund,Ett samfund av musiker träffas varje vecka för att spela tillsammans.,A community of musicians meets every week to play together.
en krets,Vi träffas alltid i en krets av vänner.,We always meet in a circle of friends.
kunglig,Den kungliga familjen bor i slottet.,The royal family lives in the castle.
en anmälan,Jag gjorde en anmälan för att delta i kursen.,I made a registration to participate in the course.
att inneha,Han innehar ett viktigt dokument.,He holds an important document.
en soffa,Vi sitter på en soffa och tittar på film.,We are sitting on a sofa and watching a movie.
en stabilitet,En stabilitet i ekonomin är viktig för tillväxt.,A stability in the economy is important for growth.
ett förnuft,Ett förnuft hjälper oss att fatta kloka beslut.,Common sense helps us make wise decisions.
därav,"Hon köpte en bok, och därav fick hon många nya idéer.","She bought a book, and thereby she got many new ideas."
en tredjedel,En tredjedel av kakan är kvar.,A third of the cake is left.
ovanstående,Ovanstående information är viktig för mötet.,The above information is important for the meeting.
trovärdig,Hon är en trovärdig vän.,She is a trustworthy friend.
att strunta,Jag väljer att strunta i vad andra tycker.,I choose to not bother about what others think.
akademisk,Akademisk utbildning är viktig för framtiden.,Academic education is important for the future.
permanent,Permanent arbete kan vara utmanande men givande.,Permanent work can be challenging but rewarding.
nyttig,Grönsaker är nyttiga för kroppen.,Vegetables are healthy for the body.
en invändning,Jag har en invändning mot förslaget.,I have an objection to the proposal.
en våning,Jag bor på en våning i staden.,I live on a floor in the city.
långsamt,Han går långsamt till skolan.,He walks slowly to school.
vild,Den vilda katten jagar i skogen.,The wild cat hunts in the forest.
en propaganda,En propaganda kan påverka många människor.,A propaganda can influence many people.
troende,Hon är en troende person.,She is a believing person.
ett exemplar,Jag vill ha ett exemplar av boken.,I want a copy of the book.
en resolution,Jag gjorde en resolution att träna mer.,I made a resolution to exercise more.
ekonomiskt,Att spara pengar är viktigt ekonomiskt.,Saving money is important economically.
därpå,Vi åt middag och därpå såg vi en film.,We had dinner and subsequently watched a movie.
en formulering,En formulering kan göra din text klarare.,A formulation can make your text clearer.
ihjäl,Jag skrattade ihjäl mig åt skämtet.,I laughed myself to death at the joke.
såväl som,Jag gillar att läsa böcker såväl som att titta på filmer.,I like to read books as well as watch movies.
att instämma,Jag instämmer med din åsikt.,I agree with your opinion.
ett halvår,Vi har planerat resan i ett halvår.,We have planned the trip for half a year.
att debattera,Vi ska debattera klimatförändringar i skolan.,We will debate climate change at school.
en idiot,Han är en idiot för att tro att han kan vinna.,He is an idiot for thinking he can win.
yttersta,Vi nådde den yttersta punkten på berget.,We reached the farthest point on the mountain.
intill,Jag sitter intill dig.,I am sitting next to you.
torr,Det är en torr dag idag.,It is a dry day today.
söt,Den här hunden är så söt!,This dog is so cute!
en socialist,En socialist vill ha rättvisa för alla.,A socialist wants justice for everyone.
att anordna,Vi ska anordna en fest på lördag.,We will arrange a party on Saturday.
besviken,Jag blev besviken när filmen var dålig.,I was disappointed when the movie was bad.
en lektion,Vi har en lektion om historia idag.,We have a lesson about history today.
ledsen,Jag är ledsen för vad som hände.,I am sad about what happened.
grattis,Grattis på födelsedagen!,Happy birthday!
sistnämnd,"Vi har två alternativ, den första är billigare, men den sistnämnd är bättre.","We have two options, the first is cheaper, but the latter is better."
tragisk,Det är tragiskt att se hur mycket skada kriget har orsakat.,It is tragic to see how much damage the war has caused.
en teater,Vi går till en teater ikväll.,We are going to a theatre tonight.
att försäkra,Jag vill försäkra mig om att allt är klart för mötet.,I want to make sure that everything is ready for the meeting.
ett ideal,Ett ideal kan vara svårt att nå.,An ideal can be hard to reach.
vice,Vice statsministern är ansvarig för många beslut.,The deputy prime minister is responsible for many decisions.
en hantering,Hanteringen av projektet gick smidigt.,The management of the project went smoothly.
en målsättning,En målsättning är viktig för att nå framgång.,An objective is important to achieve success.
att begripa,Jag kan inte riktigt begripa vad han menar.,I can't really grasp what he means.
ett upphov,Ett upphov till många idéer är kreativitet.,An origin of many ideas is creativity.
att kränka,Det är fel att kränka andra människor.,It is wrong to insult other people.
i morse,Jag drack kaffe i morse.,I drank coffee this morning.
en hals,Jag har ont i en hals.,I have a sore throat.
en mån,Vi kan stanna en mån längre om vi vill.,We can stay for a month longer if we want.
en stam,En stam av träd står i skogen.,A trunk of trees stands in the forest.
en journalistik,En journalistik är viktig för demokratin.,Journalism is important for democracy.
en intäkt,En intäkt är viktig för företagets framgång.,A revenue is important for the company's success.
mjuk,Den mjuka kudden är min favorit.,The soft pillow is my favorite.
en bruttonationalprodukt,En bruttonationalprodukt visar hur mycket ett land producerar.,A gross national product shows how much a country produces.
grå,Himlen är grå idag.,The sky is gray today.
en profil,Han gillar att hålla en profil och undvika uppståndelse.,He likes to keep a low profile and avoid attention.
att krossa,Jag behöver att krossa några nötter till kakan.,I need to crush some nuts for the cake.
en partiledare,En partiledare måste vara en bra talare.,A party leader must be a good speaker.
en centimeter,Boken är en centimeter tjock.,The book is one centimeter thick.
att övertyga,Jag försöker alltid att övertyga mina vänner om att äta hälsosamt.,I always try to convince my friends to eat healthy.
romersk,Romersk historia är fascinerande.,Roman history is fascinating.
att sörja,Det är normalt att sörja när man förlorar någon man älskar.,It is normal to grieve when you lose someone you love.
att inspirera,Konst kan verkligen inspirera människor.,Art can truly inspire people.
en övertygelse,Jag har en övertygelse om att vi kan lyckas.,I have a conviction that we can succeed.
stackars,"Stackars hunden, den ser så ledsen ut.","Poor dog, it looks so sad."
en sänkning,Det kommer en sänkning av priserna nästa vecka.,There will be a lowering of prices next week.
en potential,En potential finns i varje idé.,A potential exists in every idea.
ett antagande,Ett antagande kan vara felaktigt.,An assumption can be incorrect.
att tilldela,Läraren ska tilldela uppgifter till alla elever.,The teacher will assign tasks to all the students.
en biljett,Jag köpte en biljett till konserten.,I bought a ticket to the concert.
att motsätta sig,Jag vill inte motsätta mig dina idéer.,I don't want to oppose your ideas.
komplex,Det här problemet är mycket komplext.,This problem is very complex.
skadad,Hunden är skadad och behöver hjälp.,The dog is injured and needs help.
en begäran,Jag skickade en begäran om ledighet till min chef.,I sent a request for leave to my boss.
en arena,Vi ska gå till en arena för att se konserten.,We are going to an arena to see the concert.
en kust,Vi går till en kust för att se solnedgången.,We are going to a coast to see the sunset.
ett åtal,Ett åtal kan ta lång tid att avsluta.,An indictment can take a long time to resolve.
en dimension,En dimension av livet är att vara lycklig.,One dimension of life is to be happy.
internationellt,Sverige är känt internationellt för sin vackra natur.,Sweden is known internationally for its beautiful nature.
nationellt,Vi måste tänka nationellt för att lösa stora problem.,We must think nationally to solve big problems.
en hållning,En bra hållning kan göra dig mer självsäker.,A good posture can make you more confident.
en gen,En gen bestämmer många av våra egenskaper.,A gene determines many of our traits.
ett lugn,Jag njuter av ett lugn när jag läser en bok.,I enjoy a calm when I read a book.
att döpa,Vi ska döpa vår hund till Max.,We will name our dog Max.
en fantasi,En fantasi kan bli verklighet om du tror på den.,A fantasy can become reality if you believe in it.
en spets,En spets av kniven är väldigt vass.,The tip of the knife is very sharp.
att avsätta,Vi måste avsätta tid för att träna varje vecka.,We need to allocate time to train every week.
en fundering,Jag har alltid en fundering om livet.,I always have a thought about life.
att kombinera,Jag gillar att kombinera olika smaker i min mat.,I like to combine different flavors in my food.
att observera,Jag gillar att observera fåglar i parken.,I like to observe birds in the park.
att intressera,Jag tycker att historia är intressant.,I think history is interesting.
uppåt,Vi ser molnen sväva uppåt.,We see the clouds floating upward.
en fas,Det är en fas i livet när allt känns möjligt.,It is a phase in life when everything feels possible.
ett dop,Vi ska gå på ett dop nästa vecka.,We are going to a baptism next week.
professionell,Han är en professionell fotograf.,He is a professional photographer.
att klippa,Jag ska klippa mitt hår imorgon.,I will get my hair cut tomorrow.
trist,Det är trist att regnet aldrig slutar.,It is dismal that the rain never stops.
ombord,Vi är ombord på fartyget.,We are on board the ship.
att sparka,Jag blev tvungen att sparka hunden för att den bet mig.,I had to kick the dog because it bit me.
en klimatförändring,En klimatförändring påverkar vår planet.,A climate change affects our planet.
att undervisa,Jag älskar att undervisa barn.,I love to teach children.
dåvarande,Han var min dåvarande chef.,He was my former boss.
en varning,Det finns en varning för hunden i trädgården.,There is a warning about the dog in the garden.
ett ton,Vi har köpt ett ton potatis.,We have bought a metric ton of potatoes.
tänkbar,Det är tänkbart att vi kan åka till stranden i helgen.,It is conceivable that we can go to the beach this weekend.
villig,Hon är villig att hjälpa oss.,She is willing to help us.
en station,Vi träffas vid en station varje morgon.,We meet at a station every morning.
en släkting,Min mamma har en släkting som bor i Stockholm.,My mom has a relative who lives in Stockholm.
övrig,Vi har pizza och övrig mat kvar.,We have pizza and other food left.
giltig,Biljetten är giltig i en vecka.,The ticket is valid for a week.
gudomlig,Maten var gudomlig och alla njöt av den.,The food was divine and everyone enjoyed it.
objektiv,Att vara objektiv är viktigt i en diskussion.,Being objective is important in a discussion.
en brand,Det brinner en brand i skogen.,There is a fire in the forest.
meningslös,Det känns meningslöst att diskutera det här.,It feels pointless to discuss this.
att yttra,Det är viktigt att yttra sina åsikter.,It is important to express your opinions.
en minskning,Det var en minskning av priserna i affären.,There was a decrease in the prices at the store.
en axel,Jag har ont i en axel.,I have pain in one shoulder.
att försämra,Att försämra miljön är en allvarlig fråga.,To worsen the environment is a serious issue.
en motor,En motor är viktig för bilen.,An engine is important for the car.
i och med,Jag stannade hemma i och med att det regnade.,I stayed home since it was raining.
en konstruktion,En konstruktion av detta hus är mycket intressant.,The design of this house is very interesting.
ett arkiv,Jag besöker ett arkiv för att hitta gamla dokument.,I am visiting an archive to find old documents.
ett äventyr,Det var ett äventyr att resa till fjällen.,It was an adventure to travel to the mountains.
oj,"Oj, jag glömde min plånbok hemma!","Oh dear, I forgot my wallet at home!"
Sverige,Sverige är vackert på sommaren.,Sweden is beautiful in the summer.
en humor,Han har en fantastisk humor.,He has a fantastic sense of humour.
en like,Hon vill ha en like i sitt lag.,She wants an equal in her team.
en paragraf,Jag läste en paragraf i boken som var väldigt intressant.,I read a paragraph in the book that was very interesting.
att odla,Jag älskar att odla grönsaker i min trädgård.,I love to grow vegetables in my garden.
ett erbjudande,Jag fick ett erbjudande om ett jobb.,I got an offer for a job.
att vidga,Vi kan vidga våra vyer genom att resa till nya länder.,We can broaden our perspectives by traveling to new countries.
en volym,En volym kan vara stor eller liten.,A volume can be large or small.
att motsätta sig,Jag vill inte motsätta mig dina idéer.,I don't want to oppose your ideas.
ett missbruk,Ett missbruk kan påverka hela livet.,An abuse can affect the whole life.
att utvidga,Vi planerar att utvidga vår butik nästa år.,We plan to expand our store next year.
snarast,Jag behöver svar snarast.,I need an answer as soon as possible.
en uppmaning,Jag fick en uppmaning att delta i mötet.,I received an invitation to attend the meeting.
en kram,Ge mig en kram innan du går.,Give me a hug before you go.
att intervjua,Jag ska intervjua en kandidat imorgon.,I will interview a candidate tomorrow.
ett livsmedel,Ett livsmedel som jag alltid köper är bröd.,A grocery that I always buy is bread.
en anklagelse,En anklagelse kan förändra allt.,An accusation can change everything.
att cykla,Jag tycker om att cykla på helgerna.,I enjoy cycling on the weekends.
en samordning,En samordning mellan teamen är viktig för projektet.,A coordination between the teams is important for the project.
dessvärre,"Jag ville gå ut, men dessvärre regnade det.","I wanted to go out, but unfortunately it rained."
oklar,Frågan var oklar för alla i rummet.,The question was unclear to everyone in the room.
en företeelse,En företeelse som många ser är den snabba teknologiska utvecklingen.,A phenomenon that many see is the rapid technological development.
att offra,Ibland måste man offra något för att nå sina drömmar.,Sometimes you have to sacrifice something to reach your dreams.
ett lager,Ett lager av snö täcker marken.,A layer of snow covers the ground.
ett arbetsliv,Ett arbetsliv kan vara både utmanande och givande.,A working life can be both challenging and rewarding.
lysande,Solen är lysande idag.,The sun is bright today.
ett bränsle,Ett bränsle behövs för att bilen ska fungera.,A fuel is needed for the car to work.
en finanskris,En finanskris kan påverka många människor.,A financial crisis can affect many people.
nödvändigtvis,Du måste inte nödvändigtvis gå till mötet.,You don't necessarily have to go to the meeting.
gott om,Det finns gott om äpplen i trädgården.,There are plenty of apples in the garden.
en medeltid,En medeltid var en spännande tid i historien.,The Middle Ages was an exciting time in history.
en strävan,En strävan att lära sig nya saker är viktig för personlig utveckling.,A striving to learn new things is important for personal growth.
en hastighet,Bilen körde i en hastighet av hundra kilometer i timmen.,The car was driving at a speed of one hundred kilometers per hour.
en kö,Jag står i en kö till affären.,I am standing in a queue at the store.
ett medvetande,Ett medvetande hjälper oss att förstå världen omkring oss.,A consciousness helps us understand the world around us.
en producent,En producent skapar filmer och musik.,A producer creates movies and music.
så pass,Så pass mycket kan jag säga att jag tycker om att läsa.,This much I can tell you: I like to read.
ett vetande,Ett vetande kan förändra ditt liv.,A knowledge can change your life.
i mitten av,Boken ligger i mitten av bordet.,The book is in the middle of the table.
dylik,"Det finns många böcker om historia, filosofi och dylik.","There are many books about history, philosophy, and suchlike."
att installera,Jag behöver att installera en ny programvara.,I need to install new software.
att utge,Han planerar att utge en ny bok nästa år.,He plans to publish a new book next year.
en förberedelse,Vi behöver göra en förberedelse för mötet.,We need to make a preparation for the meeting.
en fördom,En fördom kan hindra oss från att förstå varandra.,A prejudice can prevent us from understanding each other.
synnerligen,Det är synnerligen viktigt att studera varje dag.,It is particularly important to study every day.
i närheten av,Det finns en park i närheten av mitt hus.,There is a park near my house.
ett åtagande,Jag har ett åtagande att hjälpa min vän.,I have an obligation to help my friend.
att tillkännage,Vi ska tillkännage de nya reglerna imorgon.,We will announce the new rules tomorrow.
ett kaos,Det var ett kaos på kontoret igår.,There was a chaos in the office yesterday.
en mästare,Han är en mästare på schack.,He is a master at chess.
att utmana,Jag vill utmana dig att springa ett maraton.,I want to challenge you to run a marathon.
en drift,En drift kan vara en stark önskan att resa.,An urge can be a strong desire to travel.
ett hundratal,Det finns ett hundratal fåglar i parken.,There are about a hundred birds in the park.
en måne,En måne lyser klart på natten.,A moon shines brightly at night.
att bita,Hunden gillar att bita i leksaken.,The dog likes to bite the toy.
blandad,Salladen är blandad med grönsaker och frukt.,The salad is mixed with vegetables and fruit.
en hjälte,Han är en hjälte.,He is a hero.
att skänka,Jag vill skänka mina gamla kläder till välgörenhet.,I want to donate my old clothes to charity.
tillämplig,Reglerna är tillämpliga för alla.,The rules are applicable to everyone.
betydelsefull,Det var en betydelsefull dag för oss.,It was a significant day for us.
ett synsätt,Ett synsätt kan förändra hur vi ser på världen.,A perspective can change how we view the world.
en ström,Det finns en ström i floden.,There is a current in the river.
att förse,Vi måste förse skolan med nya böcker.,We need to provide the school with new books.
en mätning,En mätning av temperaturen är viktig.,A measurement of the temperature is important.
massiv,Det stora bordet är gjort av massiv ek.,The large table is made of solid oak.
en atmosfär,Det är en mysig atmosfär på caféet.,It is a cozy atmosphere at the café.
en mall,Jag behöver en mall för mitt projekt.,I need a template for my project.
en personlighet,Hon har en stark personlighet.,She has a strong personality.
en gren,En gren bröts av i stormen.,A branch broke off in the storm.
väldig,Han har en väldig talang för musik.,He has an immense talent for music.
effektivt,Vi måste arbeta effektivt för att hinna klart i tid.,We need to work effectively to finish on time.
vanligen,Jag vanligen äter frukost klockan åtta.,I usually eat breakfast at eight.
ett koncept,Ett koncept kan förändra världen.,A concept can change the world.
välkänd,Astrid Lindgren är en välkänd författare.,Astrid Lindgren is a well-known author.
en förebild,Min lärare är en förebild för mig.,My teacher is a role model for me.
uppenbart,Det är uppenbart att solen skiner idag.,It is obvious that the sun is shining today.
ett recept,Jag följer alltid ett recept när jag lagar mat.,I always follow a recipe when I cook.
en föreläsning,Jag ska gå på en föreläsning om historia.,I am going to a lecture about history.
en antisemitism,Antisemitism är ett allvarligt problem i världen.,Anti-Semitism is a serious problem in the world.
geografisk,Geografisk kunskap är viktig för att förstå världen.,Geographical knowledge is important to understand the world.
grafisk,Grafisk design är viktig för att fånga uppmärksamhet.,Graphic design is important for capturing attention.
en upplysning,Jag behöver en upplysning om tidningen.,I need information about the newspaper.
en general,En general leder soldaterna i strid.,A general leads the soldiers in battle.
en administration,En administration är viktig för att organisera arbetet.,An administration is important for organizing the work.
ett bröst,Hon har ett bröst som gör ont.,She has a breast that hurts.
tills,Jag väntar tills du kommer.,I will wait until you arrive.
ett patent,Jag har ansökt om ett patent för min uppfinning.,I have applied for a patent for my invention.
en befogenhet,Chefen har en befogenhet att fatta viktiga beslut.,The boss has the authority to make important decisions.
skarp,Kniven är skarp.,The knife is sharp.
islamisk,Islamisk kultur är rik och varierad.,Islamic culture is rich and diverse.
vem som helst,Vem som helst kan komma till festen.,Anyone can come to the party.
att förverkliga,Det är viktigt att förverkliga sina drömmar.,It is important to realize your dreams.
en prioritering,En prioritering är viktig för att nå våra mål.,A prioritising is important to achieve our goals.
att vistas,Jag trivs när jag får vistas i naturen.,I thrive when I get to stay in nature.
regelbundet,Jag tränar regelbundet för att må bra.,I exercise regularly to feel good.
en depression,Jag känner mig nere på grund av en depression.,I feel down because of a depression.
en effektivitet,En effektivitet är viktig för att spara tid.,An efficiency is important to save time.
inne,Vi spelar fotboll inne när det regnar.,We play football indoors when it rains.
likväl,"Det regnar, likväl går vi ut på promenad.","It’s raining, yet we are going for a walk."
en blandning,Salladen är en blandning av grönsaker och frukt.,The salad is a mixture of vegetables and fruit.
att datera,Arkeologerna arbetar hårt för att datera de gamla ruinerna.,The archaeologists are working hard to date the ancient ruins.
en final,Vi ska titta på en final på lördag.,We will watch a final on Saturday.
tjock,Boken är tjock och tung.,The book is thick and heavy.
att erövra,De ville erövra världen.,They wanted to conquer the world.
en höger,Sväng till höger vid nästa korsning.,Turn right at the next intersection.
en sträcka,Vi cyklade en sträcka på tio kilometer.,We cycled a distance of ten kilometers.
att vaka,Jag måste vaka över mina barn när de sover.,I must watch over my children when they sleep.
polsk,Polsk mat är väldigt god.,Polish food is very good.
en bomb,En bomb exploderade i staden.,A bomb exploded in the city.
en tår,Hon torkade en tår från sin kind.,She wiped a tear from her cheek.
en fackförening,En fackförening hjälper arbetare att få bättre villkor.,A trade union helps workers get better conditions.
utvald,Hon blev utvald till laget.,She was selected for the team.
en placering,Jag behöver en placering för min bok på hyllan.,I need a placing for my book on the shelf.
huvudsaklig,Min huvudsakliga sysselsättning är att undervisa.,My main occupation is teaching.
ett avfall,Vi måste slänga ett avfall i soptunnan.,We need to throw a rubbish in the trash can.
gigantisk,Den gigantiska elefanten stod i parken.,The gigantic elephant stood in the park.
en väntan,Jag sitter i en väntan på bussen.,I am sitting in a wait for the bus.
en turnering,Vi ska delta i en turnering nästa vecka.,We will participate in a tournament next week.
en uppvärmning,Vi gör alltid en uppvärmning innan träningen börjar.,We always do a warm-up before the training starts.
ett djup,Vattnet har ett djup som ingen känner.,The water has a depth that no one knows.
en praxis,En praxis i vårt samhälle är att fira midsommar.,A custom in our society is to celebrate Midsummer.
okej,"Okej, vi kan börja nu.","Okay, we can start now."
maximal,Maximal vikt är viktig för att träna effektivt.,Maximal weight is important for training effectively.
en konstitution,Min konstitution har blivit bättre efter att jag började träna.,My health has improved since I started exercising.
otrolig,Det var en otrolig solnedgång igår.,It was an incredible sunset yesterday.
fruktansvärd,Det var en fruktansvärd storm igår.,It was a terrible storm yesterday.
att straffa,"Barnen fick inte gå ut för att de bråkade, och nu måste vi straffa dem.","The children couldn't go outside because they were fighting, and now we have to punish them."
sådär,Jag mår sådär idag.,I'm feeling so-so today.
en nödvändighet,En bil är en nödvändighet för många människor.,A car is a necessity for many people.
ett medlemsland,Sverige är ett medlemsland i EU.,Sweden is a member country in the EU.
en översyn,Vi behöver en översyn av vår plan.,We need an overhaul of our plan.
blind,Hon är blind men mycket klok.,She is blind but very wise.
en front,Vi måste skapa en front mot orättvisor.,We must create a front against injustices.
att fördöma,Vi måste fördöma våld i alla former.,We must condemn violence in all its forms.
synlig,Himlen är synlig genom träden.,The sky is visible through the trees.
fint,Det är så fint väder idag!,The weather is so lovely today!
en skapelse,Konst är en skapelse av fantasi.,Art is a creation of imagination.
att rasa,Hela hennes liv rasade samman efter olyckan.,Her whole life fell apart after the accident.
verksam,Han har varit verksam inom sjukvården i flera år.,He has been active in healthcare for several years.
att avlida,Min far avled förra året.,My father passed away last year.
fullkomligt,Jag är fullkomligt säker på mitt beslut.,I am completely sure of my decision.
teoretisk,Teoretisk kunskap är viktig i skolan.,Theoretical knowledge is important in school.
att flyta,Båten flyter på sjön.,The boat floats on the lake.
ett urval,Jag valde ett urval av böcker på biblioteket.,I chose a selection of books at the library.
att binda,Jag måste binda ihop snörena på mina skor.,I need to tie the laces on my shoes.
ett fett,Jag vill ha ett fett på min smörgås.,I want a fat on my sandwich.
ett erkännande,Ett erkännande kan vara viktigt för att läka gamla sår.,An acknowledgment can be important for healing old wounds.
en hälsning,Jag skickar en hälsning till dig.,I am sending a greeting to you.
en idrott,En idrott är rolig och nyttig.,A sport is fun and useful.
en debattartikel,Jag läste en debattartikel om klimatförändringar.,I read an opinion piece about climate change.
att belysa,Ljuset belyser vägen på natten.,The light illuminates the road at night.
emellan,Det finns en hemlighet emellan oss.,There is a secret between us.
att övervaka,Läraren övervakar eleverna under provet.,The teacher monitors the students during the exam.
lagom,Kaffe ska vara lagom starkt.,Coffee should be just right in strength.
en sömn,Jag behöver en sömn efter den långa dagen.,I need a sleep after the long day.
ett proletariat,Ett proletariat kämpar för sina rättigheter.,A proletariat fights for its rights.
ett önskemål,Jag har ett önskemål om att få mer tid att studera.,I have a request to have more time to study.
att förlåta,Det är viktigt att förlåta andra för att må bra.,It is important to forgive others to feel good.
sammanlagt,Sammanlagt har vi tio äpplen.,"In total, we have ten apples."
en slav,En slav kan vara en person från Östeuropa.,A Slav can be a person from Eastern Europe.
en näsa,Hon har en näsa som är lite stor.,She has a nose that is a bit big.
däribland,"Många barn leker i parken, däribland min son.","Many children are playing in the park, among them my son."
en export,En export av svenska möbler ökar varje år.,An export of Swedish furniture increases every year.
en nedgång,Solens nedgång är vacker vid havet.,The descent of the sun is beautiful by the sea.
en vinkel,Jag såg en vinkel där vägen svänger.,I saw an angle where the road bends.
ett experiment,Ett experiment kan ge oväntade resultat.,An experiment can yield unexpected results.
allierad,Vi behöver en allierad för att vinna matchen.,We need an ally to win the match.
en arbetstid,En arbetstid kan vara lång eller kort.,A working hour can be long or short.
en flagga,En flagga vajar i vinden.,A flag is waving in the wind.
att uppdatera,Jag behöver att uppdatera min telefon.,I need to update my phone.
ett block,Jag skriver mina tankar i ett block.,I write my thoughts in a pad of writing paper.
en feminism,En feminism handlar om jämlikhet.,A feminism is about equality.
en skattebetalare,En skattebetalare bidrar till samhället.,A taxpayer contributes to society.
en globalisering,Globalisering förändrar hur vi handlar.,Globalization changes how we shop.
miljontals,Det finns miljontals stjärnor på natthimlen.,There are millions of stars in the night sky.
obehaglig,Det var en obehaglig lukt i rummet.,There was an uncomfortable smell in the room.
en ondska,"Ondska finns i världen, men vi kan välja att göra gott.","Evil exists in the world, but we can choose to do good."
önskvärd,En god hälsa är alltid önskvärd.,Good health is always desirable.
anpassad,Den här planen är anpassad för nybörjare.,This plan is adapted for beginners.
mysig,Det är mysigt att sitta framför brasan på vintern.,It is cosy to sit in front of the fireplace in winter.
norr,Det är kallt i norr på vintern.,It is cold in the north in winter.
en andning,En andning kan vara lugnande.,A breath can be calming.
att motta,Jag ser fram emot att motta ditt svar.,I look forward to receiving your response.
att utspela sig,Historien utspelar sig i en liten by.,The story takes place in a small village.
exakt,Det är exakt vad jag ville ha.,That is exactly what I wanted.
en elit,En elit av spelare samlades för turneringen.,An elite of players gathered for the tournament.
en inverkan,Din vän har haft en positiv inverkan på ditt liv.,Your friend has had a positive influence on your life.
akut,Hon har en akut sjukdom och måste åka till sjukhuset.,She has an acute illness and needs to go to the hospital.
att kvarstå,Problemet kvarstår trots våra ansträngningar.,The problem remains despite our efforts.
troligtvis,Det kommer troligtvis att regna idag.,It will probably rain today.
en konkurs,Företaget gick i konkurs efter bara ett år.,The company went bankrupt after just one year.
en center,Centerpartiet vill förbättra miljön för alla svenskar.,The Centre Party wants to improve the environment for all Swedes.
än så länge,Det har varit en bra dag än så länge.,It has been a good day so far.
dramatisk,Det var en dramatisk film som fick alla att gråta.,It was a dramatic movie that made everyone cry.
att låtsas,Barnen älskar att låtsas vara superhjältar.,The children love to pretend to be superheroes.
underlig,Det var en underlig dröm jag hade i natt.,It was a strange dream I had last night.
en förlängning,Vi fick en förlängning på matchen för att det regnade.,We got an extension on the match because it was raining.
att segla,Vi älskar att segla på sjön på sommaren.,We love to sail on the lake in the summer.
försiktig,Var försiktig när du går över gatan.,Be careful when you cross the street.
himla,Det var himla kallt ute idag.,It was terribly cold outside today.
ett inbördeskrig,Det pågår ett inbördeskrig i landet.,There is a civil war happening in the country.
vid sidan av,Jag sitter vid sidan av min vän.,I am sitting alongside my friend.
grym,Den filmen var grym!,That movie was awesome!
tunn,Hennes hår är väldigt tunt.,Her hair is very thin.
en grundlag,En grundlag skyddar våra rättigheter.,A constitution protects our rights.
realistisk,Det är viktigt att ha en realistisk plan för framtiden.,It is important to have a realistic plan for the future.
att tvätta,Jag måste tvätta mina kläder idag.,I need to wash my clothes today.
enormt,Det var en enormt vacker solnedgång.,It was an enormously beautiful sunset.
litterär,Litterär konst är viktigt för kulturen.,Literary art is important for culture.
en mobiltelefon,Jag har en mobiltelefon.,I have a mobile phone.
dominerande,Hon hade en dominerande personlighet.,She had a dominating personality.
att framkomma,Sanningen började framkomma efter flera månader.,The truth began to emerge after several months.
en misshandel,En misshandel kan lämna djupa sår.,Abuse can leave deep scars.
att skildra,Konstnären skildrar naturen med vackra färger.,The artist depicts nature with beautiful colors.
förbannad,Han blev förbannad när han såg räkningen.,He was absolutely furious when he saw the bill.
en anpassning,En anpassning till de nya reglerna är nödvändig.,An adjustment to the new regulations is necessary.
en redaktör,En redaktör skriver alltid intressanta artiklar.,An editor always writes interesting articles.
behörig,Han är behörig att arbeta som läkare.,He is qualified to work as a doctor.
en last,En last kan vara tung att bära.,A burden can be heavy to carry.
en arbetarrörelse,En arbetarrörelse kämpar för rättvisa och lika villkor.,A working-class movement fights for justice and equal conditions.
en liberalism,En liberalism handlar om frihet och rättigheter.,Liberalism is about freedom and rights.
en presentation,Jag ska hålla en presentation på måndag.,I will give a presentation on Monday.
en stress,En stress kan påverka din hälsa.,A stress can affect your health.
att försörja,Jag måste arbeta hårt för att försörja min familj.,I have to work hard to support my family.
ett objekt,Ett objekt kan vara både stort och litet.,An object can be both big and small.
ett omslag,Ett omslag kan ändra hur en bok ser ut.,A cover can change how a book looks.
absurd,Det är absurt att tro att vi kan flyga utan vingar.,It is absurd to believe that we can fly without wings.
kvalificerad,Hon är en kvalificerad lärare.,She is a qualified teacher.
en trappa,Jag går upp för en trappa.,I am going up a staircase.
offentligt,Hon talade offentligt om sina idéer.,She spoke publicly about her ideas.
att röka,Han slutade att röka för sin hälsa.,He quit smoking for his health.
en valrörelse,Vi ser fram emot en valrörelse nästa år.,We are looking forward to an election campaign next year.
att anfalla,De bestämde sig för att anfalla fienden i gryningen.,They decided to attack the enemy at dawn.
rådande,Rådande omständigheter gör det svårt att planera.,Prevailing circumstances make it hard to plan.
att spåra,Jag kan spåra din telefon om du har tappat den.,I can track your phone if you have lost it.
en upplaga,Vi har släppt en ny upplaga av boken.,We have released a new edition of the book.
ordentlig,Hon gillar att ha en ordentlig plan för sin vecka.,She likes to have a proper plan for her week.
att klä,Jag älskar att klä mig i nya kläder.,I love to dress in new clothes.
en ambassad,En ambassad ligger i huvudstaden.,An embassy is located in the capital.
att konkurrera,Företag måste alltid sträva efter att konkurrera för att växa.,Companies must always strive to compete in order to grow.
ovanför,Fågeln flög ovanför träden.,The bird flew above the trees.
ett skämt,"Det var bara ett skämt, jag menade inte att såra dig.","It was just a joke, I didn't mean to hurt you."
att tända,Det är alltid roligt att tända ljus på middagen.,It is always fun to light candles at dinner.
en anslutning,Vi behöver en anslutning för att nå vårt nästa mål.,We need a connection to reach our next destination.
att backa,Han var tvungen att backa bilen för att få plats.,He had to reverse the car to make space.
loss,"Skruven är loss, så jag måste skruva på den igen.","The screw is loose, so I need to screw it back on."
ett samvete,Jag har ett samvete som alltid säger mig att göra rätt.,I have a conscience that always tells me to do the right thing.
fastän,"Fastän det regnar, går vi ut och promenerar.","Although it is raining, we go out for a walk."
ett årtionde,Det har gått ett årtionde sedan vi sågs sist.,It has been a decade since we last met.
en tomt,Vi har en tomt med många blommor.,We have a plot of land with many flowers.
avsevärt,Kostnaden har ökat avsevärt det senaste året.,The cost has increased considerably over the past year.
att rita,Jag älskar att rita djur.,I love to draw animals.
värt,Det här konstverket är verkligen värt att se.,This artwork is truly worth seeing.
ett register,Ett register över böcker finns på biblioteket.,A register of books is available at the library.
en rörlighet,En rörlighet i kroppen är viktig för att hålla sig aktiv.,Mobility in the body is important to stay active.
att ignorera,Det är inte bra att ignorera dina känslor.,It is not good to ignore your feelings.
dold,Huset hade en dold trädgård bakom muren.,The house had a hidden garden behind the wall.
att befria,Vi måste befria djuren från burarna.,We must liberate the animals from the cages.
först och främst,Först och främst behöver vi planera vår resa.,"First of all, we need to plan our trip."
en retorik,Retorik är viktigt i politiken.,Rhetoric is important in politics.
ett leende,Hon gav mig ett leende.,She gave me a smile.
olycklig,Jag känner mig olycklig idag.,I feel unhappy today.
säkerligen,Det kommer säkerligen att regna i morgon.,It will surely rain tomorrow.
en abort,Hon fick en abort förra veckan.,She had an abortion last week.
en taktik,En taktik är viktig i spelet.,A tactic is important in the game.
att beteckna,"Ordet ""vän"" betecknar någon som står dig nära.","The word ""friend"" signifies someone who is close to you."
en lärjunge,En lärjunge lär sig mycket av sin lärare.,A disciple learns a lot from his teacher.
en stadga,En stadga ger stabilitet i samhället.,A charter provides stability in society.
långsam,Hastigheten är långsam på vägen.,The speed is slow on the road.
oberoende av,Oberoende av vädret går vi alltid på promenad.,"Irrespective of the weather, we always go for a walk."
en utlänning,En utlänning besöker Sverige för första gången.,A foreigner is visiting Sweden for the first time.
en spelning,Jag ska gå på en spelning i kväll.,I am going to a concert tonight.
ett godkännande,Jag behöver ett godkännande för att börja projektet.,I need an approval to start the project.
fet,"Han är lite fet, men han är glad.","He is a bit overweight, but he is happy."
en hovrätt,En hovrätt kan ändra en dom.,A court of appeal can change a verdict.
ett tiotal,Vi kommer att ha ett tiotal gäster på festen.,We will have around ten guests at the party.
ett skivbolag,Jag jobbar för ett skivbolag i Stockholm.,I work for a record label in Stockholm.
ett stycke,"Jag skulle vilja ha ett stycke tårta, tack.","I would like a piece of cake, please."
ett tempo,Vi måste hålla ett tempo under träningen.,We need to maintain a tempo during the training.
en påve,En påve leder den katolska kyrkan.,A pope leads the Catholic Church.
en kant,Jag satte en kopp på kanten av bordet.,I placed a cup on the edge of the table.
en turist,En turist tar bilder av staden.,A tourist takes pictures of the city.
att predika,Han älskar att predika om kärlek och fred.,He loves to preach about love and peace.
att reflektera,Jag gillar att reflektera över mina beslut.,I like to reflect on my decisions.
en folkgrupp,Samerna är en folkgrupp i Sverige.,The Sámi are an ethnic group in Sweden.
en rektor,Rektorn hjälper eleverna med sina problem.,The principal helps the students with their problems.
att klargöra,Kan du hjälpa mig att klargöra detta problem?,Can you help me clarify this issue?
neutral,Han har en neutral åsikt om filmen.,He has a neutral opinion about the movie.
laglig,Är det lagligt att köra bil utan körkort?,Is it legal to drive a car without a driver's license?
att tendera,Jag tenderar att läsa varje kväll.,I tend to read every evening.
en utrikespolitik,Sveriges utrikespolitik påverkar många länder.,Sweden's foreign policy affects many countries.
att glädja,Det gläder mig att se dig le.,It makes me happy to see you smile.
rödgrön,Rödgrön politik är viktig för framtiden.,Red-green politics are important for the future.
att segra,Vi tränade hårt för att segra i matchen.,We trained hard to win the match.
att inrikta,Vi måste inrikta våra ansträngningar på att hjälpa barnen.,We need to direct our efforts towards helping the children.
ett monopol,Ett monopol kan vara svårt att bryta.,A monopoly can be hard to break.
en konkurrent,Hon har en konkurrent i tävlingen.,She has a competitor in the competition.
en plattform,Jag står på en plattform vid stationen.,I am standing on a platform at the station.
en skådespelare,En skådespelare spelar en viktig roll i filmen.,An actor plays an important role in the movie.
en störning,Jag hörde en störning i telefonlinjen.,I heard a disturbance in the phone line.
en remissinstans,Förslaget skickades till en remissinstans för granskning.,The proposal was sent to a body for consideration.
en rutin,Jag har en rutin varje morgon.,I have a routine every morning.
en dal,Vi gick ner i en dal för att plocka blommor.,We walked down into a valley to pick flowers.
en studio,Vi spelar in en låt i studion.,We are recording a song in the studio.
användbar,Den här boken är mycket användbar för studenter.,This book is very useful for students.
ett lagförslag,Jag läste ett lagförslag om miljöskydd.,I read a proposed bill about environmental protection.
självfallet,Självfallet ska vi hjälpa varandra.,"Self-evidently, we should help each other."
ömsesidig,Ömsesidig respekt är viktigt i vänskap.,Mutual respect is important in friendship.
att förvåna,Det är alltid roligt att förvåna sina vänner.,It is always fun to surprise your friends.
en flaska,Jag köpte en flaska vatten.,I bought a bottle of water.
att packa,Jag måste packa min väska innan vi åker.,I need to pack my bag before we leave.
ett reportage,Jag läste ett reportage om djurens rättigheter.,I read a news report about animal rights.
en skylt,En skylt visar vägen till skolan.,A sign shows the way to the school.
en platta,Jag lyssnar på en platta när jag lagar mat.,I listen to a record while I cook.
en välsignelse,Hennes stöd var en välsignelse för mig.,Her support was a blessing for me.
en cell,En cell i kroppen hjälper till att hålla oss friska.,A cell in the body helps keep us healthy.
i förväg,Jag köpte biljetterna i förväg.,I bought the tickets in advance.
en kopp,Jag vill ha en kopp te.,I want a cup of tea.
att bortse,Det är viktigt att inte bortse från andras känslor.,It is important not to disregard others' feelings.
en etik,En etik är viktig för att göra rätt val.,An ethics is important for making the right choices.
en mördare,En mördare är alltid rädd för att bli upptäckt.,A murderer is always afraid of being caught.
med stöd av,Hon klarade provet med stöd av sina vänner.,She passed the exam with the support of her friends.
vid,Den vid gatan är vacker.,The wide street is beautiful.
en förintelse,En förintelse är en fruktansvärd händelse i historien.,A holocaust is a terrible event in history.
att redogöra,Jag måste redogöra för vad som hände igår.,I need to describe what happened yesterday.
en auktoritet,Hon är en auktoritet inom sitt ämnesområde.,She is an authority in her field.
att avslå,Han beslutade att avslå erbjudandet.,He decided to turn down the offer.
en hud,En hud behöver skydd mot solen.,The skin needs protection from the sun.
ett välstånd,Ett välstånd skapar många möjligheter.,A prosperity creates many opportunities.
rättfärdig,Han är alltid rättfärdig i sina beslut.,He is always righteous in his decisions.
därvid,Han studerade hårt och därvid förbättrade han sina betyg.,He studied hard and thereby improved his grades.
att tillgodose,Vi måste tillgodose barnens behov av mat och trygghet.,We must meet the children's needs for food and safety.
mental,Mental hälsa är viktigt för alla.,Mental health is important for everyone.
en försvarsmakt,En försvarsmakt skyddar vårt land.,An armed force defends our country.
ett kollektivavtal,Facket förhandlar om ett kollektivavtal för arbetarna.,The union is negotiating a collective bargaining agreement for the workers.
en svaghet,En svaghet kan vara en styrka.,A weakness can be a strength.
en frågeställning,En frågeställning kan hjälpa oss att förstå problemet bättre.,A problem can help us understand the issue better.
en motsvarighet,En motsvarighet till boken är filmen.,A counterpart to the book is the movie.
i slutändan,I slutändan är vänskap det viktigaste.,"Ultimately, friendship is the most important thing."
bitter,Det var en bitter smak i min kopp kaffe.,There was a bitter taste in my cup of coffee.
ett utanförskap,Många känner ett utanförskap i stora städer.,Many feel an alienation in big cities.
åtskillig,Det finns åtskillig mat kvar i kylskåpet.,There is plenty of food left in the fridge.
en koldioxid,En koldioxid är viktig för växterna.,A carbon dioxide is important for the plants.
en mässa,Vi ska besöka en mässa i helgen.,We are going to visit a trade fair this weekend.
rå,Rått kött är inte säkert att äta.,Raw meat is not safe to eat.
att tvivla,Jag börjar att tvivla på hans löften.,I am starting to doubt his promises.
en höjning,Jag fick en höjning på jobbet.,I got a raise at work.
forn,Forn tid är fascinerande att studera.,Ancient times are fascinating to study.
en konjunktur,En konjunktur kan påverka jobben i vårt land.,An economic outlook can affect jobs in our country.
ett nöje,Det är ett nöje att träffa mina vänner.,It is a pleasure to meet my friends.
attraktiv,Den nya bilen är mycket attraktiv.,The new car is very attractive.
en reflektion,En reflektion över livet kan ge oss klarhet.,A reflection on life can give us clarity.
ett samråd,Vi hade ett samråd innan vi bestämde oss.,We had a consultation before we made our decision.
afrikansk,Afrikansk musik är väldigt vacker.,African music is very beautiful.
kontroversiell,Den nya lagen är mycket kontroversiell.,The new law is very controversial.
en ruta,Han satte sig vid rutan för att läsa en bok.,He sat by the windowpane to read a book.
folklig,Folklig musik är populär på fester.,Folk music is popular at parties.
att framträda,Hon drömmer om att framträda på scenen en dag.,She dreams of appearing on stage one day.
vis,Hon gav mig vis råd.,She gave me wise advice.
att förlänga,Jag behöver förlänga min semester med en vecka.,I need to extend my vacation by a week.
att spegla,Spegeln speglar allt som finns i rummet.,The mirror reflects everything in the room.
en frånvaro,Jag kände en frånvaro av glädje idag.,I felt an absence of joy today.
ett symptom,Ett symptom på förkylning är hosta.,A symptom of a cold is a cough.
en bokstav,En bokstav kan vara stor eller liten.,A letter can be uppercase or lowercase.
en webbläsare,Använd en webbläsare för att surfa på nätet.,Use an internet browser to surf the web.
en skrivelse,Jag fick en skrivelse från kommunen om nya regler.,I received an official letter from the municipality about new regulations.
en barndom,Jag minns min barndom med glädje.,I remember my childhood with joy.
usel,Det här är en usel film som jag aldrig vill se igen.,This is a lousy movie that I never want to see again.
ett folkmord,Ett folkmord är en fruktansvärd händelse.,A genocide is a horrific event.
ett test,Jag måste göra ett test i skolan imorgon.,I have to take a test at school tomorrow.
till känna,Jag kände att jag behövde till känna när jag kom till festen.,I felt I needed to make my presence known when I arrived at the party.
en arbetsuppgift,Jag har en arbetsuppgift att slutföra idag.,I have a task to complete today.
illegal,Det är illegal att köra utan körkort.,It is illegal to drive without a driver's license.
att städa,Vi måste städa rummet idag.,We need to clean the room today.
att uppvisa,Du måste uppvisa ditt ID för att komma in.,You must show your ID to get in.
en väska,Jag har en väska med många böcker.,I have a bag with many books.
ärligt,"Ärligt talat, jag tycker att filmen var tråkig.","To be honest, I think the movie was boring."
historiskt,Historiskt har Sverige haft många kungar.,"Historically, Sweden has had many kings."
en upphovsman,En upphovsman skapar något unikt.,A creator makes something unique.
ett lock,Jag tappade ett lock av mitt hår.,I lost a lock of my hair.
en tes,Min vän skrev en tes om klimatförändringar.,My friend wrote a thesis about climate change.
en bekostnad,Att hjälpa andra kan ibland vara en bekostnad för ens egen tid.,Helping others can sometimes be an expense of one's own time.
en info,Jag behöver en info om konserten.,I need an info about the concert.
skadlig,Rökning är skadlig för din hälsa.,Smoking is harmful to your health.
att ansöka,Jag vill ansöka om ett jobb på caféet.,I want to apply for a job at the café.
industriell,Industriell tillverkning är viktig för ekonomin.,Industrial manufacturing is important for the economy.
en köpare,En köpare vill alltid ha det bästa priset.,A buyer always wants the best price.
en börs,En börs är en plats där aktier köps och säljs.,A stock exchange is a place where stocks are bought and sold.
att beklaga,Jag beklagar sorgen över din förlust.,I am sorry for your loss.
en korruption,Korruption kan förstöra ett samhälle.,Corruption can destroy a society.
att uppföra,Vi måste uppföra ett nytt hus i sommar.,We need to build a new house this summer.
en arbetsförmedling,Jag besöker en arbetsförmedling för att hitta ett jobb.,I am visiting an employment agency to find a job.
att fria,Han planerar att fria till henne på deras årsdag.,He plans to propose to her on their anniversary.
en britt,En britt älskar te.,A Brit loves tea.
en kontinent,Sverige ligger på en kontinent som heter Europa.,Sweden is on a continent called Europe.
en låda,Jag har en låda full med leksaker.,I have a box full of toys.
att bevaka,Jag behöver att bevaka priserna på nätet.,I need to check the prices online.
en besparing,Vi gjorde en besparing på elräkningen i år.,We made a saving on the electricity bill this year.
en redovisning,Vi ska göra en redovisning av företagets resultat.,We will make a report of the company's results.
en variation,Det finns en variation av frukter på bordet.,There is a variation of fruits on the table.
detaljerad,Den detaljerade rapporten var mycket hjälpsam.,The detailed report was very helpful.
ett skratt,Ett skratt kan göra dagen ljusare.,A laugh can brighten the day.
naken,Hon stod naken vid spegeln.,She stood naked by the mirror.
ett byggande,Ett byggande kräver noggrann planering.,A building activity requires careful planning.
konstruktiv,Konstruktiv kritik hjälper oss att bli bättre.,Constructive criticism helps us become better.
att integrera,Vi behöver att integrera nya idéer i vårt projekt.,We need to integrate new ideas into our project.
återkommande,Återkommande problem kan vara frustrerande.,Recurring problems can be frustrating.
en slump,Det var bara en slump att jag träffade henne där.,It was just a chance that I met her there.
en mottagare,Jag skickade brevet till en mottagare i Stockholm.,I sent the letter to a receiver in Stockholm.
att återgå,Jag vill återgå till skolan nästa vecka.,I want to return to school next week.
i likhet med,"Barnen, i likhet med de vuxna, älskar att leka.","The children, like the adults, love to play."
en leverantör,Vi behöver en leverantör för vårt nya projekt.,We need a supplier for our new project.
noll,Noll är ett viktigt tal i matematik.,Zero is an important number in mathematics.
en storm,En storm kan vara mycket skrämmande.,A storm can be very frightening.
en pirat,En pirat seglar på havet.,A pirate sails on the sea.
att svänga,Vi måste svänga till höger vid nästa korsning.,We need to turn right at the next intersection.
ett bifall,Vi fick ett bifall från publiken efter föreställningen.,We received applause from the audience after the performance.
en instruktion,Du måste följa en instruktion för att använda maskinen.,You must follow an instruction to use the machine.
upptagen,"Jag kan inte prata nu, jag är upptagen.","I can't talk right now, I'm busy."
en paus,Vi tar en paus för att dricka kaffe.,We are taking a break to drink coffee.
rationell,Det är rationellt att spara pengar för framtiden.,It is rational to save money for the future.
att överstiga,Temperaturen förväntas att överstiga 30 grader i helgen.,The temperature is expected to exceed 30 degrees this weekend.
delad,Delad glädje är dubbel glädje.,Shared joy is double joy.
att skärpa,Jag behöver skärpa min kniv.,I need to sharpen my knife.
en tillverkare,En tillverkare gör bra produkter.,A manufacturer makes good products.
imponerande,Det var en imponerande prestation.,It was an impressive achievement.
följaktligen,"Det regnade hela dagen, och följaktligen stannade vi hemma.","It rained all day, and consequently, we stayed home."
innan,Jag ska äta frukost innan jag går till jobbet.,I will have breakfast before I go to work.
en misstanke,Jag har en misstanke om att han ljuger.,I have a suspicion that he is lying.
ett omdöme,Jag behöver ditt omdöme om filmen.,I need your judgment about the movie.
en kod,Jag behöver en kod för att komma in.,I need a code to get in.
en server,En server lagrar all vår data.,A server stores all our data.
magisk,Det var en magisk natt.,It was a magical night.
sträng,Läraren är sträng mot sina elever.,The teacher is strict with her students.
vad som helst,Jag kan göra vad som helst för dig.,I can do anything for you.
en dagbok,Jag skriver i en dagbok varje kväll.,I write in a diary every evening.
att radera,Jag måste radera filen från datorn.,I need to erase the file from the computer.
en anknytning,En anknytning mellan två personer kan vara mycket stark.,A connection between two people can be very strong.
häromdagen,Häromdagen gick jag till affären.,"The other day, I went to the store."
en innovation,En innovation kan förändra världen.,An innovation can change the world.
en gran,En gran står i vårt vardagsrum.,A spruce stands in our living room.
en uppföljning,Vi behöver göra en uppföljning på vårt möte.,We need to do a follow-up on our meeting.
en grabb,En grabb spelar fotboll i parken.,A boy is playing football in the park.
att frukta,Barnet fruktar mörkret.,The child fears the darkness.
en tvist,Det var en tvist mellan grannarna om staketet.,There was a dispute between the neighbors about the fence.
van,Jag är van vid att läsa varje dag.,I am used to reading every day.
dubbelt,Jag är dubbelt så glad idag.,I am doubly happy today.
mild,Vädret är milt och skönt idag.,The weather is mild and pleasant today.
en drivkraft,En drivkraft i mitt liv är att hjälpa andra.,A driving force in my life is to help others.
en tjänare,En tjänare öppnade dörren för gästerna.,A servant opened the door for the guests.
en nationalism,En nationalism kan förena människor.,A nationalism can unite people.
ett moln,Ett moln svävar på himlen.,A cloud floats in the sky.
ett ordförandeskap,Vi behöver ett ordförandeskap för mötet.,We need a chairmanship for the meeting.
såvitt,"Såvitt jag vet, kommer hon till festen.","As far as I know, she is coming to the party."
en mekanism,En mekanism hjälper oss att förstå hur saker fungerar.,A mechanism helps us understand how things work.
minsann,Det är minsann en vacker dag idag.,It is indeed a beautiful day today.
ett vaccin,Ett vaccin kan skydda dig mot sjukdomar.,A vaccine can protect you from diseases.
en filosof,En filosof tänker på livets stora frågor.,A philosopher thinks about the big questions of life.
en division,En division av företaget arbetar med marknadsföring.,A division of the company works with marketing.
belägen,Staden är belägen vid havet.,The city is located by the sea.
att tåla,Jag kan inte tåla höga ljud.,I can't tolerate loud noises.
ett avdrag,Jag gjorde ett avdrag på min skatteanmälan.,I made a deduction on my tax return.
en koloni,Jag har en koloni med blommor och grönsaker.,I have an allotment garden with flowers and vegetables.
sannerligen,Det är sannerligen en vacker dag idag.,It is truly a beautiful day today.
till förmån för,Vi samlar in pengar till förmån för barnens skolor.,We are collecting money for the benefit of the children's schools.
en cancer,En cancer kan drabba vem som helst.,A cancer can affect anyone.
en förföljelse,En förföljelse kan vara skrämmande och ensam.,A persecution can be scary and lonely.
en byråkrati,En byråkrati kan vara mycket frustrerande.,A bureaucracy can be very frustrating.
mobil,Min mobil är alltid med mig.,My mobile is always with me.
en tillsyn,Barnen lekte utan tillsyn i parken.,The children played unsupervised in the park.
ett,Jag har ett äpple.,I have one apple.
sur,Citatet var så sur att ingen ville läsa det.,The quote was so sour that no one wanted to read it.
en nazism,Nazism är en farlig ideologi.,Nazism is a dangerous ideology.
en rösträtt,Alla vuxna har rätt till en rösträtt.,All adults have the right to vote.
somlig,Somlig information är mycket viktig.,Some information is very important.
en utredare,En utredare letar efter ledtrådar.,An investigator is looking for clues.
ett stadium,Jag studerar på ett stadium i mitt liv där jag lär mig mycket.,I am studying at a stage in my life where I am learning a lot.
ett dagis,Barnen leker på ett dagis.,The children are playing at a daycare centre.
färsk,Färska ägg är mycket goda till frukost.,Fresh eggs are very good for breakfast.
positivt,Det är viktigt att tänka positivt.,It is important to think positively.
en livsstil,En livsstil är viktig för din hälsa.,A lifestyle is important for your health.
ett pressmeddelande,Jag läste ett pressmeddelande om den nya filmen.,I read a press release about the new movie.
en klyfta,Vi gick genom en klyfta i berget.,We walked through a cleft in the mountain.
ett skapande,Ett skapande av konst kan vara mycket givande.,The act of creating art can be very rewarding.
inlagd,Inlagd sill är en populär rätt i Sverige.,Pickled herring is a popular dish in Sweden.
konstnärlig,Hon har en konstnärlig talang.,She has an artistic talent.
pinsam,Det var pinsamt att snubbla framför hela klassen.,It was embarrassing to trip in front of the whole class.
löpande,Jag joggar löpande varje morgon.,I jog continuously every morning.
konstant,Temperaturen är konstant under hela året.,The temperature is constant throughout the year.
att åberopa,Jag måste åberopa mina rättigheter.,I must invoke my rights.
ett arrangemang,Vi har ett arrangemang för mötet på fredag.,We have an arrangement for the meeting on Friday.
avslutad,Projektet är nu avslutat.,The project is now finished.
varifrån,Varifrån kommer du?,Where do you come from?
en jurist,Jag behöver råd från en jurist.,I need advice from a legal expert.
att lagra,Vi behöver lagra maten i kylskåpet.,We need to store the food in the refrigerator.
påtaglig,Förlusten av hennes hund var påtaglig.,The loss of her dog was palpable.
en tillgänglighet,Det är viktigt att ha en tillgänglighet för alla.,It is important to have an accessibility for everyone.
pedagogisk,Pedagogisk metod hjälper eleverna att lära sig bättre.,Pedagogical methods help students learn better.
att skita,Jag måste skita nu.,I need to shit now.
ett kärnvapen,Ett kärnvapen kan orsaka stor förödelse.,A nuclear weapon can cause great devastation.
en plikt,Det är min plikt att hjälpa mina vänner.,It is my duty to help my friends.
att företräda,Jag kommer att företräda min vän på mötet.,I will represent my friend at the meeting.
en mjölk,Jag vill ha en mjölk till frukost.,I want a milk for breakfast.
en policy,Vi behöver en policy för att skydda miljön.,We need a policy to protect the environment.
att ångra,Jag ångrar att jag inte gick på festen.,I regret that I didn't go to the party.
en apostel,Jesus hade tolv apostlar.,Jesus had twelve apostles.
att ingripa,Det är viktigt att ingripa när någon behöver hjälp.,It is important to intervene when someone needs help.
att tröttna,Jag börjar tröttna på att vänta.,I'm starting to get tired of waiting.
en utvidgning,Vi planerar en utvidgning av skolan för att få plats med fler elever.,We are planning an expansion of the school to accommodate more students.
ett kvarter,Vi bor i ett kvarter nära parken.,We live in a block close to the park.
flexibel,"Jobbet är flexibelt, så jag kan arbeta hemifrån.","The job is flexible, so I can work from home."
en motionär,En motionär går alltid till gymmet på morgonen.,An exerciser always goes to the gym in the morning.
ideell,Den ideella föreningen hjälper barn i nöd.,The non-profit organization helps children in need.
en insyn,Jag har en insyn i hur företaget fungerar.,I have an insight into how the company works.
bosatt,Jag är bosatt i Stockholm.,I am settled in Stockholm.
filosofisk,Filosofisk diskussion kan vara mycket intressant.,Philosophical discussion can be very interesting.
en inspelning,Jag lyssnar på en inspelning av min favoritlåt.,I am listening to a recording of my favorite song.
reell,Det finns reella problem i världen.,There are real problems in the world.
att generera,Vi behöver att generera fler idéer för projektet.,We need to generate more ideas for the project.
att krypa,Barnet lär sig att krypa på golvet.,The child is learning to crawl on the floor.
en kränkning,Att håna någon är en kränkning.,To mock someone is an insult.
trogen,Hon är alltid trogen mot sina vänner.,She is always faithful to her friends.
att underteckna,Jag behöver att underteckna kontraktet idag.,I need to sign the contract today.
stilla,Det är alltid så stilla på morgonen.,It is always so calm in the morning.
en invasion,En invasion av fjärilar kom till trädgården.,An invasion of butterflies came to the garden.
enhetlig,Skolan har enhetliga regler för alla elever.,The school has uniform rules for all students.
en not,Jag hörde en not i musiken.,I heard a note in the music.
att förebygga,Vi måste tänka på hur vi kan förebygga olyckor.,We need to think about how we can prevent accidents.
att lukta,Blommor luktar alltid gott på våren.,Flowers always smell good in spring.
humanitär,Humanitär hjälp är viktig efter en katastrof.,Humanitarian aid is important after a disaster.
intelligent,Hon är mycket intelligent.,She is very intelligent.
ett besvär,Det var ett besvär att hitta parkering.,It was a hassle to find parking.
en flotta,En flotta av båtar seglar på sjön.,A fleet of boats sails on the lake.
turkisk,Turkisk mat är väldigt god.,Turkish food is very tasty.
en mandatperiod,En mandatperiod varar vanligtvis i fyra år.,A mandate period usually lasts four years.
en civilisation,En civilisation bygger på kunskap och kultur.,A civilization is built on knowledge and culture.
att ursäkta,Jag måste ursäkta min vän för att han kom sent.,I must excuse my friend for being late.
att demonstrera,Läraren ska demonstrera hur man löser problemet.,The teacher will demonstrate how to solve the problem.
att godta,Jag kan inte godta den här idén.,I can't accept this idea.
att andas,Det är viktigt att andas djupt.,It is important to breathe deeply.
böter,Jag fick böter för att jag parkerade fel.,I got a fine for parking incorrectly.
en lärdom,En lärdom från mitt misstag var att alltid dubbelkolla.,A lesson from my mistake was to always double-check.
en kyla,Det är en kyla i rummet som gör mig obekväm.,There is a chill in the room that makes me uncomfortable.
ordinarie,Det ordinarie mötet är på onsdag.,The regular meeting is on Wednesday.
en delegation,En delegation från Sverige besöker vårt företag.,A delegation from Sweden is visiting our company.
att suga,Barnet gillar att suga på sin napp.,The child likes to suck on its pacifier.
en tränare,Jag har en tränare som hjälper mig att bli starkare.,I have a coach who helps me get stronger.
ett användande,Ett användande av denna teknik kan göra arbetet lättare.,The use of this technology can make the work easier.
en arbetsgrupp,Vi ska bilda en arbetsgrupp för projektet.,We will form a working group for the project.
en operatör,Jag har en operatör som ger bra täckning.,I have an operator that provides good coverage.
en reporter,En reporter ställde frågor till publiken.,A reporter asked questions to the audience.
en tortyr,En tortyr kan vara mycket grym.,A torture can be very cruel.
en kapten,En kapten styr skeppet.,A captain steers the ship.
att forska,Jag älskar att forska om historia.,I love to research history.
en avkastning,En avkastning på investeringen gör att vi kan växa som företag.,A return on the investment allows us to grow as a company.
genomsnittlig,Den genomsnittliga temperaturen i Sverige är kall på vintern.,The average temperature in Sweden is cold in winter.
en jägare,En jägare går tidigt ut i skogen.,A hunter goes out early into the forest.
en makthavare,En makthavare påverkar samhället mycket.,A ruler influences society greatly.
löjlig,Det är löjligt att tro att jag kan flyga.,It's ridiculous to think that I can fly.
en skönhet,Hon är en skönhet i sin klänning.,She is a beauty in her dress.
orimlig,Det är orimlig att betala så mycket för en enkel middag.,It is unreasonable to pay so much for a simple dinner.
en matematik,Matematik är viktigt för att förstå världen.,Mathematics is important for understanding the world.
officiellt,"Det är officiellt nu, vi ska flytta till Stockholm.","It is official now, we are moving to Stockholm."
att rensa,Jag ska rensa trädgården från ogräs.,I will clear the garden of weeds.
att utvärdera,Vi behöver utvärdera resultatet av experimentet.,We need to evaluate the results of the experiment.
onekligen,Det är onekligen en vacker dag.,It is undeniably a beautiful day.
en tonåring,En tonåring älskar att spela videospel.,A teenager loves to play video games.
ett dagsläge,Vi måste acceptera dagsläget och göra det bästa av det.,We must accept the current situation and make the best of it.
en entreprenör,En entreprenör bygger alltid nya idéer.,An entrepreneur always builds new ideas.
en kines,En kines lagar god mat.,A Chinese man cooks good food.
blivande,Blivande mödrar träffas varje vecka för att dela sina erfarenheter.,Expectant mothers meet every week to share their experiences.
ett elände,Det är ett elände att vara sjuk.,It is a misery to be sick.
att glida,Barnen glider ner för backen på sina pulkor.,The children glide down the hill on their sleds.
en stiftelse,En stiftelse hjälper människor i nöd.,A foundation helps people in need.
frivilligt,Jag hjälper frivilligt till på skolan.,I help voluntarily at the school.
att introducera,Jag vill introducera min vän till dig.,I want to introduce my friend to you.
korrekt,Det är viktigt att skriva korrekt.,It is important to write correctly.
villigt,"Jag hjälper gärna till, för jag villigt lär mig nya saker.","I gladly help, because I willingly learn new things."
en friskola,En friskola ger många valmöjligheter för eleverna.,A free school offers many choices for the students.
en smula,Jag har bara en smula kvar av kakan.,I only have a tiny bit of the cake left.
att försvåra,Att försvåra arbetet kommer att göra oss stressade.,To make the work more difficult will make us stressed.
kyrklig,Vi hade en kyrklig ceremoni i somras.,We had a church ceremony last summer.
oväntad,Den oväntade överraskningen gjorde mig glad.,The unexpected surprise made me happy.
en rikedom,En rikedom av vänskap gör livet bättre.,A wealth of friendship makes life better.
en delstat,Kalifornien är en delstat i USA.,California is a member state in the USA.
gång på gång,Han glömde sina nycklar gång på gång.,He forgot his keys repeatedly.
att illustrera,Jag vill illustrera min idé med en teckning.,I want to illustrate my idea with a drawing.
en centralbank,En centralbank styr ekonomin i landet.,A central bank controls the economy of the country.
ett grannland,Sverige har ett grannland som heter Norge.,Sweden has a neighbouring country called Norway.
en rasist,En rasist är aldrig välkommen här.,A racist is never welcome here.
ett ägande,Ett ägande ger ansvar.,An ownership brings responsibility.
förvirrad,Jag känner mig förvirrad över alla instruktioner.,I feel confused about all the instructions.
en kredit,Jag behöver en kredit för att köpa en bil.,I need a credit to buy a car.
en rom,En rom på maten kan vara väldigt god.,Roe on the food can be very tasty.
en storstad,Jag bor i en storstad.,I live in a big city.
att tveka,Jag tvekar alltid innan jag gör stora beslut.,I always hesitate before making big decisions.
en överföring,Jag gör en överföring av pengar till min vän.,I am making a transfer of money to my friend.
en katolik,Han är en katolik.,He is a Catholic.
tät,Skogen är tät och full av liv.,The forest is dense and full of life.
ett fotografi,Jag tog ett fotografi av solnedgången.,I took a photograph of the sunset.
en förare,En förare kör alltid försiktigt.,A driver always drives carefully.
en historiker,En historiker studerar det förflutna.,A historian studies the past.
ett misslyckande,Ett misslyckande lär oss alltid något nytt.,A failure always teaches us something new.
en present,Jag fick en present på min födelsedag.,I got a gift on my birthday.
ett dödsstraff,Ett dödsstraff är en allvarlig fråga i samhället.,A death sentence is a serious issue in society.
en evighet,Jag väntade i en evighet på bussen.,I waited an eternity for the bus.
en enighet,En enighet mellan oss ger styrka.,Unity among us gives strength.
ett torn,Det finns ett torn i staden.,There is a tower in the city.
stigande,Temperaturen är stigande i veckan.,The temperature is rising this week.
att förkasta,Han förkastade idén om att åka till stranden.,He rejected the idea of going to the beach.
ett humör,Jag är på gott humör idag.,I am in a good mood today.
hemskt,Det är hemskt kallt ute idag.,It is terribly cold outside today.
ett moment,Vi behöver gå igenom ett moment i projektet innan vi kan fortsätta.,We need to go through a step in the project before we can continue.
allihop,"Vi ska spela fotboll, allihop!","We are going to play football, everybody!"
en fritid,Jag älskar att läsa böcker på min fritid.,I love to read books in my free time.
en rapportering,Vi behöver en rapportering om projektets framsteg.,We need a report on the project's progress.
en stöld,Det var en stöld i butiken.,There was a theft in the store.
en konkurrenskraft,En konkurrenskraft är viktig för företagens framgång.,Competitiveness is important for the success of companies.
psykologisk,Psykologisk hälsa är viktig för alla.,Psychological health is important for everyone.
alternativt,"Vi kan äta pizza, alternativt kan vi laga pasta.","We can eat pizza, alternatively we can make pasta."
en direktör,En direktör ska alltid vara en bra ledare.,A director should always be a good leader.
skeptisk,Jag är skeptisk till hans förslag.,I am skeptical about his suggestion.
bakåt,Han gick bakåt för att undvika hindret.,He walked backwards to avoid the obstacle.
en lapp,Jag skrev en lapp med min adress.,I wrote a note with my address.
att anlita,Jag behöver att anlita en taxi för att komma till flygplatsen.,I need to hire a taxi to get to the airport.
att avfärda,Det är inte bra att avfärda andras idéer utan att lyssna.,It is not good to dismiss others' ideas without listening.
likadant,Hon sjunger likadant som sin mamma.,She sings similarly to her mother.
separat,Vi har ett separat rum för möten.,We have a separate room for meetings.
att överensstämma,Det är viktigt att dina svar överensstämmer med frågorna.,It is important that your answers correspond to the questions.
en finansminister,En finansminister måste fatta svåra beslut.,A finance minister must make tough decisions.
ett format,Jag behöver ett format för min presentation.,I need a format for my presentation.
att ogilla,Jag ogillar att äta broccoli.,I dislike eating broccoli.
att omvandla,Vi kan omvandla lådan till ett bord.,We can convert the box into a table.
en argumentation,En argumentation kan förändra en människas åsikt.,An argument can change a person's opinion.
likadan,Den här stolen är likadan som min.,This chair is similar to mine.
en tavla,En tavla hänger på väggen i klassrummet.,A picture hangs on the wall in the classroom.
en kännedom,Jag har en kännedom om den nya filmen.,I have knowledge of the new movie.
en programvara,En programvara kan hjälpa dig att organisera dina uppgifter.,A software can help you organize your tasks.
en skattesänkning,En skattesänkning hjälper många familjer.,A tax reduction helps many families.
en jämlikhet,En jämlikhet är viktig för ett rättvist samhälle.,Social equality is important for a fair society.
en chefredaktör,En chefredaktör bestämmer vad som ska publiceras i tidningen.,An editor-in-chief decides what should be published in the newspaper.
en säljare,En säljare hjälper kunder att hitta det de behöver.,A seller helps customers find what they need.
att duga,Det räcker att duga för att få jobbet.,It is enough to be good enough to get the job.
negativt,Det är viktigt att tänka negativt ibland.,It's important to think negatively sometimes.
en arkitekt,En arkitekt ritar fina byggnader.,An architect designs beautiful buildings.
livad,Det var en livad fest med många skratt.,It was a merry party with lots of laughter.
en passagerare,En passagerare sitter bredvid mig på bussen.,A passenger is sitting next to me on the bus.
en finans,En finans är viktig för företag.,A finance is important for businesses.
en ekonom,En ekonom kan förutspå framtiden.,An economist can predict the future.
läsvärd,Den här boken är verkligen läsvärd.,This book is really worth reading.
obegriplig,Det var en obegriplig text i boken.,It was an incomprehensible text in the book.
en skam,Det är en skam att inte hjälpa varandra.,It is a shame not to help each other.
skicklig,Hon är en skicklig målare.,She is a skilled painter.
att störta,Fågeln störtar mot marken när den tappar sin balans.,The bird descends to the ground when it loses its balance.
att överta,Han ska överta företaget nästa månad.,He will take over the company next month.
en feminist,En feminist kämpar för jämställdhet.,A feminist fights for equality.
en orättvisa,Det är en orättvisa att vissa har mer än andra.,It is an injustice that some have more than others.
en stadsdel,Vi bor i en mysig stadsdel nära parken.,We live in a cozy district near the park.
årligen,Vi firar jul årligen med familjen.,We celebrate Christmas annually with the family.
en utbyggnad,Vi planerar en utbyggnad av biblioteket för att få mer plats.,We are planning an extension of the library to create more space.
en beskattning,En beskattning kan vara svår att förstå.,A taxation can be hard to understand.
att återge,Jag vill återge min berättelse om resan.,I want to recount my story about the trip.
att koka,Jag ska koka pastan i tio minuter.,I will boil the pasta for ten minutes.
en taliban,En taliban kan ha olika åsikter.,A taliban can have different opinions.
en skara,En skara människor samlades vid fontänen.,A troop of people gathered by the fountain.
ett bröllop,Vi ska gå på ett bröllop i helgen.,We are going to a wedding this weekend.
en mormor,Min mormor bakar goda kakor.,My grandmother bakes delicious cookies.
en pasta,Jag gillar en pasta med tomatsås.,I like a pasta with tomato sauce.
itu,Min telefon gick itu när jag tappade den.,My phone broke into two pieces when I dropped it.
en fan,Han är en fan av fotboll.,He is a fan of football.
ett syskon,Jag har ett syskon som heter Anna.,I have a sibling named Anna.
en tillverkning,En tillverkning av leksaker är en rolig process.,The manufacture of toys is a fun process.
bunden,Hon kände sig bunden av sina löften.,She felt bound by her promises.
en gitarr,Jag spelar en gitarr varje kväll.,I play a guitar every evening.
en diagnos,Läkaren gav mig en diagnos.,The doctor gave me a diagnosis.
häftig,Den där konserten var så häftig!,That concert was so cool!
att överklaga,Jag vill överklaga domen.,I want to appeal the sentence.
en strejk,Arbetarna gick ut i en strejk för bättre löner.,The workers went on a strike for better wages.
ett tvång,Ett tvång kan ibland leda till onda beslut.,A compulsion can sometimes lead to bad decisions.
ett dödsfall,Det var ett dödsfall i byn som chockade alla.,There was a death in the village that shocked everyone.
en import,En import från Japan är populär i Sverige.,An import from Japan is popular in Sweden.
formellt,Vi måste tala formellt under mötet.,We must speak formally during the meeting.
rund,Bollen är rund.,The ball is round.
en sambo,Min sambo lagar middag just nu.,My cohabitant is cooking dinner right now.
en teknologi,En teknologi förändrar världen.,A technology changes the world.
iransk,Jag träffade en iransk vän igår.,I met an Iranian friend yesterday.
någorlunda,Det är nogorlunda varmt idag.,It is fairly warm today.
en genomgång,Vi hade en genomgång av projektet idag.,We had a walkthrough of the project today.
en grundskola,Min son går i en grundskola nära vårt hem.,My son attends a primary school near our home.
en framställning,En framställning av konstverket var mycket imponerande.,A depiction of the artwork was very impressive.
en rådgivare,Jag behöver en rådgivare för mitt företag.,I need an advisor for my business.
att vrida,Jag måste vrida nyckeln för att öppna dörren.,I need to turn the key to open the door.
behaglig,Det är en behaglig dag att vara ute.,It is a pleasant day to be outside.
att fästa,Jag måste fästa bilden på väggen.,I need to attach the picture to the wall.
en målning,Jag gillar att titta på en målning i galleriet.,I like to look at a painting in the gallery.
ett underskott,Det finns ett underskott i budgeten.,There is a deficit in the budget.
framme,Vi är framme vid hotellet nu.,We are there at the hotel now.
ett imperium,Ett imperium kan vara stort och mäktigt.,An empire can be large and powerful.
lönsam,Det är viktigt att ha en lönsam verksamhet.,It is important to have a profitable business.
söder,Vi bor söder om staden.,We live south of the city.
successivt,Vi lär oss successivt mer svenska varje dag.,We are gradually learning more Swedish every day.
en hänvisning,Jag behöver en hänvisning till boken för min uppsats.,I need a reference to the book for my essay.
konsekvent,Han tränar konsekvent varje vecka.,He trains consistently every week.
isolerad,Hon kände sig isolerad i den stora staden.,She felt isolated in the big city.
en handlingsplan,Vi behöver en handlingsplan för att nå våra mål.,We need an action plan to achieve our goals.
en tvåa,Jag bor i en tvåa nära parken.,I live in a two-room apartment near the park.
att häva,Vi måste häva diskussionen för att gå vidare.,We need to end the discussion to move forward.
att upphäva,Staden beslutade att upphäva förbudet mot att åka skridskor på sjön.,The city decided to lift the ban on skating on the lake.
en färdighet,Att öva ger en färdighet.,Practice gives a skill.
ett självmord,Det finns många myter kring ett självmord.,There are many myths surrounding a suicide.
ett svärd,Han bar ett svärd i sin hand.,He carried a sword in his hand.
ett stall,Det finns hästar i ett stall.,There are horses in a stable.
ett styre,Jag behöver justera ett styre på min cykel.,I need to adjust the handlebars on my bike.
fristående,Det finns ett fristående hus i trädgården.,There is a freestanding house in the garden.
en ilska,En ilska kan vara svår att kontrollera.,An anger can be hard to control.
dumt,Det var dumt att glömma nycklarna.,It was silly to forget the keys.
att offentliggöra,Vi behöver offentliggöra resultaten snart.,We need to publish the results soon.
en privatperson,En privatperson kan göra stor skillnad i samhället.,A private person can make a big difference in the community.
att kompensera,Jag behöver att kompensera för min försening.,I need to compensate for my delay.
en överraskning,Det var en överraskning att se honom där.,It was a surprise to see him there.
stängd,Dörren är stängd nu.,The door is closed now.
en tröja,Jag har på mig en tröja idag.,I am wearing a sweater today.
en komponent,En komponent är viktig för att bygga en dator.,A component is important for building a computer.
en festival,Vi ska gå på en festival i helgen.,We will go to a festival this weekend.
en lågkonjunktur,En lågkonjunktur gör livet svårt för många människor.,An economic downturn makes life hard for many people.
att återställa,Jag behöver att återställa min telefon till fabriksinställningarna.,I need to reset my phone to factory settings.
en skandal,Det var en stor skandal i staden.,It was a big scandal in the town.
med hänvisning till,"Med hänvisning till din fråga, kan jag ge mer information.","With reference to your question, I can provide more information."
att förutse,Det är svårt att förutse vädret.,It is difficult to predict the weather.
minst sagt,Det var minst sagt en överraskning när han kom tillbaka.,"It was, to say the least, a surprise when he came back."
att stötta,Jag vill alltid stötta mina vänner.,I always want to support my friends.
fantastiskt,Det är fantastiskt väder idag.,The weather is fantastic today.
en karl,En karl står vid dörren.,A man is standing by the door.
aggressiv,Han blev aggressiv när han förlorade spelet.,He became aggressive when he lost the game.
härmed,Härmed bekräftar jag att mötet är inställt.,Hereby I confirm that the meeting is canceled.
en avsaknad,Det finns en avsaknad av glädje i rummet.,There is a lack of joy in the room.
kemisk,Kemi är en viktig del av naturvetenskapen.,Chemistry is an important part of the natural sciences.
saknad,Jag känner en stor saknad efter mina vänner.,I feel a great missing for my friends.
en raket,En raket flyger mot stjärnorna.,A rocket flies towards the stars.
en ton,Hon spelar en ton på pianot.,She plays a note on the piano.
en tunnelbana,Vi tar alltid tunnelbanan till jobbet.,We always take the subway to work.
att värma,Jag gillar att värma min mat i mikrovågsugnen.,I like to warm my food in the microwave.
ett kommunistparti,Det finns ett kommunistparti i vårt land.,There is a communist party in our country.
en marginal,En marginal är viktig för att förstå ekonomin.,A margin is important for understanding the economy.
respektive,"Anna och Lisa fick sina böcker, respektive en roman och en dikt.","Anna and Lisa received their books, respectively a novel and a poem."
gravid,Hon är gravid med sitt första barn.,She is pregnant with her first child.
en kniv,Jag skar brödet med en kniv.,I cut the bread with a knife.
att ramla,Jag ser ofta barn som ramlar när de leker.,I often see children fall when they play.
en villa,Vi bor i en villa med en stor trädgård.,We live in a villa with a large garden.
dryg,Han var dryg under mötet och pratade hela tiden.,He was pompous during the meeting and talked all the time.
en lampa,En lampa lyser i rummet.,A lamp is shining in the room.
överdriven,Hans berättelse var överdriven.,His story was exaggerated.
en back,Vi köpte en back öl till festen.,We bought a crate of beer for the party.
en kusin,Min kusin älskar att spela fotboll.,My cousin loves to play football.
en knapp,Jag tryckte på en knapp för att stänga av lampan.,I pressed a button to turn off the light.
att skynda,"Du måste skynda dig, annars missar du bussen.","You need to hurry up, or you'll miss the bus."
ett privatliv,Jag vill ha ett privatliv bortom jobbet.,I want to have a private life away from work.
en toalett,Var är en toalett?,Where is a toilet?
att bada,Jag älskar att bada i havet på sommaren.,I love to swim in the sea in the summer.
lustig,Han berättade en lustig historia som fick alla att skratta.,He told a funny story that made everyone laugh.
en provins,Skåne är en vacker provins i Sverige.,Skåne is a beautiful province in Sweden.
orättvis,Det är orättvis att alla inte får samma chans.,It is unfair that not everyone gets the same chance.
en sexualitet,En sexualitet kan vara komplex.,A sexuality can be complex.
en upptäckt,Hon gjorde en upptäckt i trädgården.,She made a discovery in the garden.
en kreativitet,Kreativitet är viktigt för att lösa problem.,Creativity is important for solving problems.
Lagrådet,Lagrådet granskar nya lagförslag.,The Council on Legislation reviews new law proposals.
en malm,En malm kan innehålla värdefulla metaller.,An ore can contain valuable metals.
att referera,Jag vill referera till den senaste forskningen i min uppsats.,I want to refer to the latest research in my essay.
en teologi,En teologi kan vara komplex och fascinerande.,A theology can be complex and fascinating.
en arkitektur,En arkitektur kan berätta en historia.,An architecture can tell a story.
att förvalta,Vi måste förvalta våra resurser noggrant.,We must manage our resources carefully.
ett rättsväsende,Ett rättsväsende skyddar våra rättigheter.,A judicial system protects our rights.
en lord,En lord bor i ett stort slott.,A lord lives in a big castle.
en poet,En poet skriver vackra dikter.,A poet writes beautiful poems.
en stuga,Vi ska åka till vår stuga i helgen.,We are going to our cottage this weekend.
att regna,Det börjar att regna nu.,It is starting to rain now.
att spekulera,Vi gillar att spekulera om framtiden.,We like to speculate about the future.
en bonus,Jag fick en bonus på mitt jobb.,I got a bonus at my job.
en längtan,Jag har en längtan efter sommarens värme.,I have a longing for the warmth of summer.
en rymd,En rymd är perfekt för att drömma.,A space is perfect for dreaming.
fruktansvärt,Det är fruktansvärt kallt ute idag.,It is terribly cold outside today.
ett bad,Jag älskar att ta ett bad efter en lång dag.,I love to take a bath after a long day.
ett förhör,Vi hade ett förhör om läxorna i skolan.,We had an inquiry about the homework at school.
likvärdig,Alla elever ska få likvärdig utbildning.,All students should receive equal education.
att upplösa,Vi måste upplösa problemet innan det blir värre.,We need to dissolve the problem before it gets worse.
att blockera,Vi måste blockera vägen för att få bilen att stanna.,We must block the road to make the car stop.
en fröken,Fröken Anna är en duktig lärare.,Miss Anna is a skilled teacher.
att hysa,Jag hyser stor respekt för mina lärare.,I have great respect for my teachers.
ett klipp,Jag fick ett klipp på min nya jacka.,I got a good deal on my new jacket.
en äganderätt,En äganderätt skyddar dina idéer.,An ownership protects your ideas.
en akademi,Jag vill gå till en akademi för att lära mig mer.,I want to go to an academy to learn more.
att benämna,Jag vill benämna min katt som Simba.,I want to name my cat Simba.
indisk,Jag älskar indisk mat.,I love Indian food.
rosa,Rosa blommor är vackra.,Pink flowers are beautiful.
ett tycke,Jag har ett tycke för att läsa böcker.,I have a fancy for reading books.
avlägsen,Byn ligger i en avlägsen dal.,The village is located in a distant valley.
konstigt,Det känns konstigt att vara ensam i rummet.,It feels strange to be alone in the room.
en marknadsekonomi,En marknadsekonomi ger människor frihet att välja.,A market economy gives people the freedom to choose.
att uppta,Att uppta ny kunskap är viktigt för personlig utveckling.,To assimilate new knowledge is important for personal growth.
ett utland,Jag drömmer om att resa till ett utland.,I dream of traveling to a foreign country.
att erinra,Jag vill erinra dig om vårt möte imorgon.,I want to remind you of our meeting tomorrow.
finanser,Finanser är viktiga för att spara pengar.,Finances are important for saving money.
ett lärande,Ett lärande är viktigt för att växa som person.,A learning is important for growing as a person.
en råvara,Kaffe är en råvara som många älskar.,Coffee is a raw material that many love.
förenlig,Dina idéer är förenliga med mina.,Your ideas are compatible with mine.
att klättra,Jag älskar att klättra i bergen.,I love to climb in the mountains.
berättigad,Du är berättigad till en belöning för ditt hårda arbete.,You are entitled to a reward for your hard work.
en brottsling,En brottsling kan inte gömma sig för alltid.,A criminal cannot hide forever.
tillhörande,Den här boken tillhörande min vän.,This book belongs to my friend.
delaktig,Han var delaktig i brottet.,He was involved in the crime.
att rusa,Jag måste rusa till bussen.,I have to rush to the bus.
en änka,Hon är en änka efter sin man.,She is a widow after her husband.
att plugga,Jag måste plugga hela helgen för mitt prov.,I have to study all weekend for my exam.
en prins,En prins rider på en vit häst.,A prince rides a white horse.
mystisk,Den gamla boken har en mystisk historia.,The old book has a mysterious story.
en same,En same lever i norra Sverige.,A Sami lives in northern Sweden.
en bar,Vi gick till en bar efter jobbet.,We went to a bar after work.
indirekt,Jag fick indirekt hjälp från min vän.,I received indirect help from my friend.
en webbsida,Jag besöker en webbsida för att lära mig svenska.,I am visiting a website to learn Swedish.
att avveckla,Företaget bestämde sig för att avveckla sin produktion.,The company decided to phase out its production.
ett bygge,Ett bygge pågår i vår gata.,A construction site is underway on our street.
ett föredrag,Jag ska hålla ett föredrag om miljön.,I will give a lecture on the environment.
att bibehålla,Det är viktigt att bibehålla god hälsa.,It is important to retain good health.
en näring,En näring är viktig för vår hälsa.,A nourishment is important for our health.
en poesi,Poesi kan uttrycka djupa känslor.,Poetry can express deep feelings.
att smyga,Jag smög in i rummet för att inte väcka dem.,I sneaked into the room to not wake them.
en förort,Jag bor i en förort nära staden.,I live in a suburb near the city.
genetisk,Genetisk forskning är viktig för medicinen.,Genetic research is important for medicine.
sorglig,Det är en sorglig historia.,It is a sad story.
en fransman,En fransman älskar baguetter.,A Frenchman loves baguettes.
en genre,Musik är en genre som förenar människor.,Music is a genre that unites people.
lat,Han är lat och vill inte gå ut.,He is lazy and doesn't want to go out.
en lastbil,En lastbil körde snabbt förbi oss.,A truck drove quickly past us.
att vårda,Vi måste vårda vår planet för framtida generationer.,We must care for our planet for future generations.
att lista,Jag ska lista mina favoritböcker.,I will list my favorite books.
inledande,Inledande ord är viktiga för att fånga läsarens intresse.,Introductory words are important to capture the reader's interest.
en debattör,Hon är en duktig debattör.,She is a skilled debater.
en premiär,Vi ska gå på en premiär i kväll.,We are going to a premiere tonight.
ett redskap,Ett redskap är viktigt när man lagar mat.,A tool is important when cooking.
en vila,Vi tar en vila efter vår långa vandring.,We take a rest after our long hike.
en novell,Jag läser en novell varje vecka.,I read a novella every week.
väsentligt,Det är väsentligt att äta hälsosamt.,It is essential to eat healthy.
en matte,Min matte hjälper mig med matten.,My owner helps me with math.
ett anförande,Jag hörde ett anförande om miljöskydd i skolan.,I heard a speech about environmental protection at school.
en hyra,Jag betalar en hyra varje månad för min lägenhet.,I pay a rent every month for my apartment.
mogen,Äpplen är mogna nu och perfekta att äta.,Apples are ripe now and perfect to eat.
osynlig,Den osynliga katten gömmer sig under sängen.,The invisible cat is hiding under the bed.
besvärlig,Det är besvärligt att hitta en parkering här.,It is difficult to find a parking spot here.
en dansk,En dansk kan prata både danska och svenska.,A Dane can speak both Danish and Swedish.
ett överskott,Vi har ett överskott av mat efter festen.,We have a surplus of food after the party.
en kompromiss,Vi måste hitta en kompromiss för att lösa problemet.,We need to find a compromise to solve the problem.
en uppskattning,En uppskattning av kostnaden är viktig.,An estimate of the cost is important.
en kvart,Vi ses om en kvart vid caféet.,We'll meet in a quarter of an hour at the café.
en spekulation,En spekulation kan leda till stora vinster.,A speculation can lead to big profits.
urban,Urban livsstil är populär bland unga människor.,Urban lifestyle is popular among young people.
begriplig,Det är viktigt att göra informationen begriplig.,It is important to make the information comprehensible.
en träff,Vi har en träff på fredag för att diskutera projektet.,We have a meeting on Friday to discuss the project.
en flykt,En flykt är ibland nödvändig för att överleva.,An escape is sometimes necessary to survive.
en poker,Jag spelar en poker med mina vänner.,I play a poker with my friends.
en uppgörelse,Vi kom överens om en uppgörelse för att lösa problemet.,We agreed on a settlement to solve the problem.
en besvikelse,Det var en besvikelse att filmen inte var bra.,It was a disappointment that the movie wasn't good.
gradvis,Vi lär oss språket gradvis.,We learn the language gradually.
acceptabel,Det är acceptabelt att komma sent till mötet.,It is acceptable to arrive late to the meeting.
att lugna,Jag försöker alltid att lugna mig själv innan jag somnar.,I always try to calm myself before I fall asleep.
en skräck,Hon kände en skräck när mörkret kom.,She felt a terror when the darkness came.
komplett,Boken är komplett med alla kapitel.,The book is complete with all the chapters.
norr om,Stockholm ligger norr om Göteborg.,Stockholm is located north of Gothenburg.
förhållandevis,Det är förhållandevis enkelt att lära sig svenska.,It is relatively easy to learn Swedish.
att hugga,Jag behöver hugga ved för att göra en brasa.,I need to chop wood to make a fire.
ett massmedium,Ett massmedium når många människor varje dag.,A mass medium reaches many people every day.
varpå,"Hon berättade en historia, varpå alla skrattade.","She told a story, whereupon everyone laughed."
att åtala,Polisen beslutade att åtala gärningspersonen.,The police decided to prosecute the perpetrator.
en gris,En gris springer på gården.,A pig is running in the yard.
en medverkan,Hon bidrog med en medverkan till projektet.,She contributed with an involvement to the project.
märkligt,Det är märkligt hur snabbt tiden går.,It is remarkable how quickly time passes.
ett uppehållstillstånd,Jag behöver ett uppehållstillstånd för att bo i Sverige.,I need a residence permit to live in Sweden.
ett original,Han är verkligen ett original med sina konstiga kläder.,He is truly an original with his strange clothes.
en utdelning,En utdelning från aktierna är alltid välkommen.,A dividend from the shares is always welcome.
en julklapp,Jag fick en julklapp av min vän.,I received a Christmas present from my friend.
en klapp,Han gav mig en klapp på axeln.,He gave me a pat on the shoulder.
långvarig,Långvarig smärta kan vara jobbigt.,Prolonged pain can be tough.
still,Hon sitter still i stolen.,She sits calmly in the chair.
en sammansättning,En sammansättning av olika färger kan skapa en vacker målning.,A combination of different colors can create a beautiful painting.
oändlig,Himlen är oändlig och full av stjärnor.,The sky is infinite and full of stars.
oerhörd,Det var en oerhörd prestation att vinna tävlingen.,It was an unheard-of achievement to win the competition.
en rast,Vi tar en rast klockan tre.,We take a break at three o'clock.
en skapare,En skapare kan göra underverk.,A creator can do wonders.
en benämning,En benämning kan vara viktig för att förstå ett ämne.,A designation can be important for understanding a subject.
att transportera,Vi behöver att transportera maten till festen.,We need to transport the food to the party.
en uppdelning,En uppdelning av rummet gjorde det mer funktionellt.,A division of the room made it more functional.
ett väsen,Ett väsen kan ibland vara osynligt för våra ögon.,A creature can sometimes be invisible to our eyes.
en islamist,En islamist kan ha olika åsikter.,An Islamist can have different opinions.
en självklarhet,Det är en självklarhet att vi ska hjälpa varandra.,It is obvious that we should help each other.
ett beaktande,Vi måste ta hänsyn till ett beaktande av allas åsikter.,We must take into consideration a regard for everyone's opinions.
i kombination med,Äpplen i kombination med päron smakar gott.,Apples in combination with pears taste good.
att reta,Hon gillar att reta sin lillebror.,She likes to tease her little brother.
en trakt,Jag bor i en trakt med många sjöar.,I live in a region with many lakes.
inledningsvis,Inledningsvis vill jag tacka alla för att ni kom.,"To begin with, I want to thank everyone for coming."
en krog,Vi går till en krog för att äta middag.,We are going to a pub to have dinner.
enig,Vi var eniga om att åka till stranden.,We were unanimous about going to the beach.
att ärva,Jag ska ärva min mormors smycken.,I will inherit my grandmother's jewelry.
en jätte,En jätte bor i skogen.,A giant lives in the forest.
en börda,En börda kan kännas tung ibland.,A burden can feel heavy sometimes.
att föregå,Mötet kommer att föregå lunchen.,The meeting will precede the lunch.
en publicering,Jag såg en publicering om nya böcker.,I saw a publication about new books.
ett skifte,Det var ett skifte i vädret när hösten kom.,There was a change in the weather when autumn arrived.
en aktivist,En aktivist kämpar för rättvisa.,An activist fights for justice.
en guide,Jag behöver en guide för att utforska staden.,I need a guide to explore the city.
att smälta,Snön börjar smälta när solen skiner.,The snow starts to melt when the sun shines.
att styrka,Vi behöver styrka våra argument med bevis.,We need to strengthen our arguments with evidence.
att frysa,Det är så kallt att jag börjar frysa.,It is so cold that I am starting to freeze.
noggrann,Hon är noggrann med sina uppgifter.,She is precise with her tasks.
systematisk,Jag gillar att göra en systematisk plan för mina studier.,I like to make a systematic plan for my studies.
ett tillträde,Jag fick ett tillträde till den nya lägenheten igår.,I got an entry to the new apartment yesterday.
en val,En val simmar i havet.,A whale swims in the sea.
oväntat,Det regnade oväntat igår.,It rained unexpectedly yesterday.
kompetent,Han är en kompetent lärare.,He is a competent teacher.
en prostitution,Prostitution är ett viktigt ämne i samhället.,Prostitution is an important topic in society.
ett skick,Huset är i ett skick som behöver renoveras.,The house is in a condition that needs renovation.
mätt,Jag är så mätt efter middagen.,I am so full after dinner.
ett inköp,Jag gjorde ett inköp av frukt och grönsaker.,I made a purchase of fruits and vegetables.
en ficka,Jag har en ficka i min jacka.,I have a pocket in my jacket.
ett nederlag,Det var ett nederlag för laget i finalen.,It was a defeat for the team in the final.
en ansökning,Jag har skickat in en ansökning till universitetet.,I have submitted an application to the university.
verkligt,Det här är verkligt viktigt.,This is really important.
en story,Jag älskar att läsa en story innan jag går till sängs.,I love to read a story before I go to bed.
en byrå,Jag har en byrå i mitt rum.,I have a bureau in my room.
en dryck,"Jag vill ha en dryck, tack.","I would like a drink, please."
smidig,Hennes dansrörelser är så smidiga.,Her dance movements are so supple.
en synvinkel,Jag ser saken från en annan synvinkel.,I see the matter from another viewpoint.
så gott som,Det är så gott som klart nu.,It is as good as done now.
att försvaga,Kylan kan försvaga ditt immunförsvar.,The cold can weaken your immune system.
ett gräs,Det finns ett gräs i parken.,There is a grass in the park.
förfluten,Det förflutna är en viktig del av vår historia.,The past is an important part of our history.
att simma,Jag älskar att simma i havet.,I love to swim in the sea.
en fysik,En fysik är viktigt för att förstå världen.,A physics is important to understand the world.
en hockey,Jag gillar att spela en hockey med mina vänner.,I like to play hockey with my friends.
en produktivitet,En hög produktivitet gör arbetet lättare.,High productivity makes work easier.
ett incitament,Ett incitament kan motivera människor att arbeta hårdare.,An incentive can motivate people to work harder.
en kontrast,En kontrast mellan ljus och mörker är vacker.,A contrast between light and darkness is beautiful.
progressiv,Progressiv musik är väldigt intressant.,Progressive music is very interesting.
anmärkningsvärd,Hans prestation var anmärkningsvärd.,His performance was remarkable.
en mobil,Jag köpte en mobil för att ringa mina vänner.,I bought a mobile phone to call my friends.
en tull,Jag måste betala en tull när jag reser till utlandet.,I have to pay a customs duty when I travel abroad.
att fotografera,Jag älskar att fotografera naturen.,I love to photograph nature.
en skärm,Jag sitter framför en skärm hela dagen.,I sit in front of a screen all day.
en databas,Jag behöver en databas för mitt projekt.,I need a database for my project.
ett fynd,Jag gjorde ett fynd på loppmarknaden.,I found a bargain at the flea market.
ett bekymmer,Ett bekymmer för mig är min klocka som alltid är försenad.,A worry for me is my clock that is always late.
ett underhåll,Vi behöver göra ett underhåll på bilen innan resan.,We need to do maintenance on the car before the trip.
i gång,Vi måste få bilen i gång innan vi åker.,We need to get the car running before we leave.
tätt,Träden växer tätt tillsammans i skogen.,The trees grow closely together in the forest.
överlägsen,Hon är överlägsen i schack.,She is superior in chess.
en grek,En grek älskar god mat.,A Greek loves good food.
en kedja,Jag behöver en kedja för att laga cykeln.,I need a chain to fix the bike.
ett sår,Jag har fått ett sår på knäet.,I have a wound on my knee.
en uppenbarelse,En uppenbarelse kom till mig i drömmen.,A revelation came to me in the dream.
ett utfall,Ett utfall av spelet var oväntat.,An outcome of the game was unexpected.
naiv,Hon är naiv att tro på allt.,She is naive to believe everything.
en morgondag,En morgondag ger alltid hopp.,A tomorrow always brings hope.
en nöd,Jag känner en nöd av att hjälpa andra.,I feel a need to help others.
en motorväg,Vi körde snabbt på en motorväg.,We drove fast on a motorway.
ett utvecklingsland,Ett utvecklingsland behöver ofta hjälp från andra länder.,A developing country often needs help from other countries.
en avhandling,Jag skriver en avhandling om miljöskydd.,I am writing a thesis on environmental protection.
ett godis,Jag vill ha ett godis efter middagen.,I want a candy after dinner.
en ko,En ko står på ängen.,A cow is standing in the meadow.
att påvisa,Hon försökte påvisa att hennes idé var bäst.,She tried to show that her idea was the best.
att trampa,Jag älskar att trampa i löven på hösten.,I love to tramp in the leaves in autumn.
en ambassadör,En ambassadör representerar sitt land.,An ambassador represents their country.
att torka,Jag behöver torka disken efter middagen.,I need to dry the dishes after dinner.
så att säga,"Det var, så att säga, en överraskning för alla.","It was, so to say, a surprise for everyone."
en titt,Kan du ta en titt på den här boken?,Can you take a look at this book?
att spränga,Bilen sprängde i luften efter olyckan.,The car exploded in the air after the accident.
en halva,Jag vill ha en halva av kakan.,I want a half of the cake.
att känneteckna,Kreativitet kännetecknar många konstnärer.,Creativity characterizes many artists.
ett ombud,Vi behöver ett ombud för att representera oss på mötet.,We need a representative to represent us at the meeting.
ortodox,Många människor följer ortodoxa traditioner.,Many people follow orthodox traditions.
problematisk,Den här situationen är verkligen problematisk.,This situation is really problematic.
ett virus,Ett virus kan spridas snabbt.,A virus can spread quickly.
himmelsk,Maten var himmelsk och jag ville ha mer.,The food was heavenly and I wanted more.
en uppsats,Jag skriver en uppsats om miljön.,I am writing an essay about the environment.
strålande,Solen skiner strålande på himlen.,The sun shines brilliantly in the sky.
bindande,Kontraktet är bindande för alla parter.,The contract is binding for all parties.
alltjämt,Han är alltjämt min bästa vän.,He is still my best friend.
jämt,Jag äter jämt frukost klockan sju.,I always eat breakfast at seven.
hungrig,Jag är hungrig efter skolan.,I am hungry after school.
elak,Hon var elak mot katten.,She was mean to the cat.
en bosättning,Det finns en bosättning vid floden.,There is a settlement by the river.
miljövänlig,Mina nya skor är miljövänliga.,My new shoes are eco-friendly.
ett förfogande,Jag har ett förfogande över bilen hela helgen.,I have the car at my disposal all weekend.
en lucka,Det finns en lucka i väggen där katten gömmer sig.,There is a gap in the wall where the cat is hiding.
en procentenhet,Räntan ökade med en procentenhet.,The interest rate increased by one percentage point.
ett sammanträde,Vi har ett sammanträde klockan tre.,We have a meeting at three o'clock.
musikalisk,Musikalisk musik gör mig glad.,Musical music makes me happy.
ett självförtroende,Ett självförtroende hjälper dig att nå dina mål.,A self-confidence helps you achieve your goals.
cool,Det är så coolt att du lär dig svenska!,It's so cool that you're learning Swedish!
att fördjupa,Jag vill fördjupa mina kunskaper i svenska.,I want to deepen my knowledge of Swedish.
en ingång,Vi behöver hitta en ingång till byggnaden.,We need to find an entrance to the building.
en sed,En sed i vårt land är att ge varandra blommor på födelsedagar.,A custom in our country is to give each other flowers on birthdays.
en taxi,Jag tar en taxi till jobbet.,I take a taxi to work.
att vänja,Barnen vänjer sig vid skolan snabbt.,The children get used to school quickly.
en författning,En författning skyddar våra rättigheter.,A constitution protects our rights.
en huvudperson,En huvudperson i boken är väldigt modig.,The main character in the book is very brave.
en hypotes,En hypotes kan vara svår att bevisa.,A hypothesis can be hard to prove.
en panik,Jag kände en panik när jag missade bussen.,I felt a panic when I missed the bus.
en stämma,Vi har en stämma i parken varje söndag.,We have a meeting in the park every Sunday.
en avslutning,Vi avslutade konserten med en avslutning som alla älskade.,We ended the concert with an ending that everyone loved.
en deklaration,Jag måste skicka in en deklaration innan deadline.,I need to submit a declaration before the deadline.
en sväng,Vi svänger vänster vid nästa sväng.,We turn left at the next turn.
ett presidentval,Vi ska rösta i ett presidentval nästa månad.,We will vote in a presidential election next month.
att undgå,Hon försöker alltid undgå problem.,She always tries to avoid problems.
en illusion,En illusion kan vara svår att se igenom.,An illusion can be hard to see through.
en international,En international kan vara en spännande upplevelse.,An international can be an exciting experience.
ett intrång,Ett intrång i privatlivet är aldrig okej.,An intrusion into privacy is never okay.
skattepengar,Skattepengar används för att bygga skolor.,Tax money is used to build schools.
en stolthet,Min familj är min stolthet.,My family is my pride.
ett utnyttjande,Ett utnyttjande av resurser kan vara bra för miljön.,An exploitation of resources can be good for the environment.
en överlevnad,En överlevnad i vildmarken kräver mycket kunskap.,A survival in the wilderness requires a lot of knowledge.
en problematik,Det finns en problematik kring miljöförändringar.,There is a problematic issue regarding climate change.
sällsynt,Sällsynta fåglar finns i denna skog.,Rare birds are found in this forest.
en dumhet,Hans kommentar var en dumhet.,His comment was a stupidity.
ett flöde,Det finns ett flöde av idéer i vårt samtal.,There is a flow of ideas in our conversation.
jättebra,Det här är jättebra!,This is very good!
i jämförelse med,Priserna har ökat i jämförelse med förra året.,Prices have increased in comparison with last year.
ett medborgarskap,Jag har ett medborgarskap i Sverige.,I have a citizenship in Sweden.
ett snack,Jag vill ta ett snack med dig senare.,I want to have a chat with you later.
parallellt,Vi kan arbeta parallellt för att bli klara snabbare.,We can work in parallel to finish faster.
en påföljd,"Om du bryter mot reglerna, får du en påföljd.","If you break the rules, you will get a penalty."
söder om,Jag bor söder om staden.,I live south of the city.
strax efter,Vi åt middag strax efter klockan sex.,We had dinner shortly after six o'clock.
en talang,Hon har en talang för att måla.,She has a talent for painting.
varmt,Han hälsade mig varmt.,He greeted me warmly.
en pjäs,Jag såg en pjäs på teatern igår.,I saw a play at the theater yesterday.
ett kansli,Det finns ett kansli i staden.,There is a government office in the city.
lagligt,Det är lagligt att köra bil när du är myndig.,It is legal to drive a car when you are of age.
en sand,En sand ligger på stranden.,A sand is lying on the beach.
en fildelare,En fildelare kan enkelt dela sina filer på nätet.,A file sharer can easily share their files online.
en liga,Vi spelar i en liga varje söndag.,We play in a league every Sunday.
parlamentarisk,Sverige har ett parlamentariskt system.,Sweden has a parliamentary system.
ett vittnesbörd,Ett vittnesbörd från överlevarna är viktigt för att förstå vad som hände.,A testimony from the survivors is important to understand what happened.
att avrätta,Det är fruktansvärt att avrätta någon.,It is terrible to execute someone.
ett fiske,Jag gillar ett fiske vid sjön.,I enjoy a fishing by the lake.
gynnsam,Det är gynnsam väder för en picknick.,The weather is favorable for a picnic.
en dokumentär,Jag såg en dokumentär om djur i Afrika.,I watched a documentary about animals in Africa.
dödlig,Den dödliga sjukdomen spred sig snabbt.,The deadly disease spread quickly.
en beteckning,En beteckning kan vara väldigt viktig för att förstå information.,A designation can be very important for understanding information.
jämte,Jämte boken ligger en penna.,Beside the book lies a pencil.
uttryckligen,Vi behöver uttryckligen följa reglerna.,We need to explicitly follow the rules.
ett distrikt,Vi bor i ett distrikt nära parken.,We live in a district near the park.
en påse,Jag köpte en påse med äpplen.,I bought a bag of apples.
en baksida,Det finns alltid en baksida med varje beslut.,There is always a drawback to every decision.
en plånbok,Jag har en plånbok i min väska.,I have a wallet in my bag.
en uppsägning,Jag fick en uppsägning från mitt jobb igår.,I received a notice of termination from my job yesterday.
att fullfölja,Det är viktigt att fullfölja sina mål.,It is important to complete your goals.
att foga,Jag måste foga till min rapport några bilder.,I need to add some pictures to my report.
en psykologi,Psykologi handlar om hur vi tänker och känner.,Psychology is about how we think and feel.
ett hjul,Ett hjul rullar snabbt på vägen.,A wheel rolls quickly on the road.
en klänning,Jag har köpt en klänning till festen.,I bought a dress for the party.
en anteckning,Jag skrev en anteckning i min anteckningsbok.,I wrote a note in my notebook.
ett trä,Ett trä kan användas för att bygga möbler.,Wood can be used to make furniture.
ett belägg,Ett belägg för hans teori är en gammal bok.,A proof for his theory is an old book.
att blunda,Barnet gillar att blunda när det är dags att sova.,The child likes to shut its eyes when it's time to sleep.
en vik,Vi seglade in i en vik för att njuta av solnedgången.,We sailed into a bay to enjoy the sunset.
ett bråk,Det var ett bråk på skolan idag.,There was a trouble at school today.
att värva,Vi behöver värva fler volontärer till vårt projekt.,We need to recruit more volunteers for our project.
biblisk,Den bibliska berättelsen är mycket intressant.,The biblical story is very interesting.
att sikta,Jag siktar på målet med bågen.,I aim at the target with the bow.
uteslutande,Vi äter uteslutande grönsaker på måndagar.,We eat exclusively vegetables on Mondays.
en pryl,Jag köpte en pryl som gör matlagningen enklare.,I bought a gadget that makes cooking easier.
en begravning,Vi ska gå på en begravning nästa vecka.,We are going to a funeral next week.
naturligt,Han pratar naturligt om sina känslor.,He talks naturally about his feelings.
en bredd,En bredd av floden är imponerande.,The breadth of the river is impressive.
en frälsning,En frälsning kan komma när du minst anar det.,A salvation can come when you least expect it.
ett funktionshinder,"Han har ett funktionshinder, men det hindrar honom inte från att leva ett fullt liv.","He has a disability, but it doesn't stop him from living a full life."
såvida,"Såvida det inte regnar, ska vi gå ut.","If it doesn't rain, we will go out."
att avvika,Han avvek från den vanliga rutinen.,He deviated from the usual routine.
en influensa,Jag har en influensa och kan inte gå till jobbet.,I have an influenza and can't go to work.
en medvetenhet,En medvetenhet om miljön är viktig för framtiden.,An awareness of the environment is important for the future.
en muskel,En muskel hjälper oss att lyfta saker.,A muscle helps us lift things.
ointressant,Den filmen var helt ointressant.,That movie was completely uninteresting.
samhällelig,Samhällelig förändring är viktig för framtiden.,Social change is important for the future.
apropå,"Apropå vädret, ska vi gå ut och promenera?","Speaking of the weather, shall we go out for a walk?"
en cirkel,En cirkel har inget hörn.,A circle has no corners.
ett rekord,Han satte ett rekord i löpning.,He set a record in running.
en bemärkelse,"Ordet ""frihet"" har en bemärkelse som handlar om självständighet.","The word ""freedom"" has a sense that relates to independence."
en djävul,Han är en djävul när han spelar poker.,He is a devil when he plays poker.
ett tålamod,Ett tålamod är viktigt när man lär sig något nytt.,A patience is important when learning something new.
ett utspel,Ett utspel från företaget överraskade alla.,A move from the company surprised everyone.
att verkställa,Vi måste verkställa planen innan deadline.,We need to carry out the plan before the deadline.
ett hjälpmedel,Ett hjälpmedel kan göra livet enklare.,A means can make life easier.
ett riksdagsval,Ett riksdagsval är viktigt för demokratin.,A general election is important for democracy.
att svära,Han svor när han tappade sin telefon.,He swore when he dropped his phone.
en tagg,En ros har en tagg som kan göra ont.,A rose has a thorn that can hurt.
att deklarera,Jag måste deklarera mina inkomster varje år.,I have to declare my income every year.
meningsfull,Att hjälpa andra är meningsfullt.,Helping others is meaningful.
i anslutning till,Vi diskuterade viktiga frågor i anslutning till projektet.,We discussed important issues in connection with the project.
rimligen,Det rimligen borde bli soligt imorgon.,It will reasonably be sunny tomorrow.
en minut,Jag kommer tillbaka om en minut.,I will be back in a minute.
annanstans,Vi kan hitta det någon annanstans.,We can find it somewhere else.
knäpp,Hon har en knäpp idé om att flyga till månen.,She has a weird idea about flying to the moon.
ett kvartal,Vi har en viktig presentation varje kvartal.,We have an important presentation every quarter.
ett party,Vi ska ha ett party på lördag.,We are having a party on Saturday.
att imponera,Han försöker alltid att imponera på sina vänner.,He always tries to impress his friends.
innanför,Jag ställer min väska innanför dörren.,I put my bag just inside the door.
en expansion,Företaget planerar en expansion nästa år.,The company is planning an expansion next year.
vaken,Jag är vaken nu.,I am awake now.
kunnig,Hon är mycket kunnig inom sitt ämne.,She is very knowledgeable in her field.
ett scenario,Ett scenario kan förändras snabbt.,A scenario can change quickly.
en leverans,En leverans kom idag till mitt hus.,A delivery arrived today at my house.
medelstor,Den här hunden är medelstor.,This dog is middle-sized.
ett salt,Jag behöver ett salt till maten.,I need a salt for the food.
sannolik,Det är sannolik att det regnar imorgon.,It is likely that it will rain tomorrow.
en vänskap,En vänskap är värdefull.,A friendship is valuable.
en farmor,Min farmor gör alltid god mat.,My grandmother always makes good food.
tiotusentals,Tiotusentals människor samlades för konserten.,Tens of thousands of people gathered for the concert.
lokalt,Vi handlar lokalt för att stödja våra grannar.,We shop locally to support our neighbors.
att frigöra,Det är viktigt att frigöra sig från stress.,It is important to free oneself from stress.
en prestation,Hon gjorde en fantastiskt prestation på tävlingen.,She made a fantastic achievement at the competition.
olämplig,Det är olämpligt att skratta under en begravning.,It is unsuitable to laugh during a funeral.
en belöning,Hon fick en belöning för sitt hårda arbete.,She received a reward for her hard work.
en styrning,En styrning är viktig för att nå våra mål.,A guidance is important to reach our goals.
ett säte,Jag har ett säte i bilen.,I have a seat in the car.
en sjukförsäkring,Jag har en sjukförsäkring.,I have health insurance.
att upplysa,Jag vill upplysa dig om mötet imorgon.,I want to inform you about the meeting tomorrow.
en halvtimme,Vi kan gå till parken om en halvtimme.,We can go to the park in half an hour.
en uppsättning,Vi behöver en uppsättning nya stolar till mötet.,We need a set of new chairs for the meeting.
ett sms,Jag har fått ett sms från min vän.,I received a text message from my friend.
elektrisk,Min cykel är elektrisk.,My bike is electric.
en folkbildning,En folkbildning hjälper vuxna att lära sig nya färdigheter.,An adult education helps adults learn new skills.
en kriminalitet,En kriminalitet ökar i staden varje år.,The crime rate is increasing in the city every year.
en födelse,En födelse är en glad händelse.,A birth is a happy event.
en registrering,Jag behöver en registrering för att delta i kursen.,I need a registration to participate in the course.
en nord,En nord är kall och blåsig.,A north is cold and windy.
att färdas,Vi älskar att färdas till nya platser varje sommar.,We love to travel to new places every summer.
en världsbild,En världsbild kan förändras med erfarenhet.,A world picture can change with experience.
att brista,Ballongen började att brista när jag höll den för hårt.,The balloon started to burst when I held it too tightly.
en prinsessa,En prinsessa bor i ett slott.,A princess lives in a castle.
att överlåta,Jag ska överlåta mitt rum till min vän.,I will hand over my room to my friend.
att konsumera,Jag gillar att konsumera god mat.,I like to consume good food.
vardaglig,Vardaglig mat kan vara riktigt god.,Everyday food can be really good.
en besättning,En besättning arbetar hårt för att hålla fartyget säkert.,A crew works hard to keep the ship safe.
ett manus,Jag skriver ett manus för min film.,I am writing a screenplay for my movie.
mestadels,Mestadels är det soligt i sommar.,"Mostly, it is sunny in the summer."
glädjande,Det är glädjande att se så många människor le.,It is gratifying to see so many people smile.
en imperialism,Imperialism påverkar många länder idag.,Imperialism affects many countries today.
ett departement,Ett departement ansvarar för utbildning i Sverige.,A department is responsible for education in Sweden.
att förfölja,Han kände att mörka tankar förföljde honom.,He felt that dark thoughts haunted him.
operativ,Den operativa planen är klar.,The operative plan is ready.
en fullmäktige,Hon valde en fullmäktige att representera henne på mötet.,She chose a delegate to represent her at the meeting.
en kommunfullmäktige,En kommunfullmäktige träffas varje månad för att diskutera viktiga frågor.,A municipal council meets every month to discuss important issues.
nyliberal,Nyliberal politik fokuserar på frihandel och marknadsfrihet.,Neoliberal policy focuses on free trade and market freedom.
ett sparande,Ett sparande är viktigt för framtiden.,A saving is important for the future.
en interpellation,Jag ska ställa en interpellation till min lärare.,I will ask a question to my teacher.
en marxism,Marxism är en viktig teori för att förstå samhället.,Marxism is an important theory for understanding society.
trång,Rummet är trångt och vi får knuffas.,The room is cramped and we have to push against each other.
en angelägenhet,Det här är en angelägenhet som vi måste ta itu med.,This is a matter that we need to address.
en potatis,Jag ska koka en potatis.,I will boil a potato.
medeltida,Medeltida slott är mycket vackra.,Medieval castles are very beautiful.
underhållande,Filmen var verkligen underhållande.,The movie was really entertaining.
en ensamhet,En ensamhet kan ibland kännas tung.,A solitude can sometimes feel heavy.
noggrant,Jag mätte noggrant ingredienserna till kakan.,I measured the ingredients for the cake accurately.
en sprit,En sprit kan vara rolig på en fest.,A liquor can be fun at a party.
en panna,En panna kan bli varm när man lagar mat.,A pan can get hot when cooking.
en sakfråga,Det är en sakfråga vi måste diskutera.,It is a point at issue that we need to discuss.
brun,Hunden är brun.,The dog is brown.
en kind,Hon kramade honom och kände värmen på hans kind.,She hugged him and felt the warmth on his cheek.
en förekomst,En förekomst av fåglar är vanlig här på våren.,An occurrence of birds is common here in the spring.
härifrån,Vi kan gå härifrån nu.,We can leave from here now.
okunnig,Han är okunnig om politik.,He is ignorant about politics.
oförändrad,Priserna förblir oförändrade nästa månad.,Prices will remain unchanged next month.
sedermera,Vi träffades på kaféet och sedermera gick vi på bio.,We met at the café and later on we went to the cinema.
möjligtvis,Möjligtvis kommer det att regna imorgon.,Possibly it will rain tomorrow.
att fordra,Jag måste fordra mer tid för att slutföra projektet.,I must demand more time to complete the project.
ett förhållningssätt,Ett förhållningssätt kan göra stor skillnad i livet.,An approach can make a big difference in life.
en hall,Vi möts i hallen varje morgon.,We meet in the hall every morning.
regelbunden,Jag tränar regelbundet för att må bra.,I train regularly to feel good.
en klassiker,Harry Potter är en klassiker.,Harry Potter is a classic.
en uppkomst,En uppkomst av nya idéer kan förändra världen.,An origin of new ideas can change the world.
en vägledning,En vägledning hjälper oss att fatta bra beslut.,A guidance helps us make good decisions.
att kika,Kan jag få kika på din bok?,Can I take a peek at your book?
en dos,Jag behöver en dos medicin för att må bättre.,I need a dose of medicine to feel better.
försiktigt,Jag går försiktigt på den hala isen.,I walk cautiously on the slippery ice.
blodig,Han fick en blodig näsa efter att ha fallit.,He got a bloody nose after falling.
dynamisk,Ditt arbete är mycket dynamiskt och spännande.,Your work is very dynamic and exciting.
en portion,"Jag skulle vilja ha en portion pasta, tack.","I would like a portion of pasta, please."
smutsig,Golvet är smutsigt efter festen.,The floor is dirty after the party.
att svika,Han kände att han svikade sina vänner.,He felt that he was letting down his friends.
smått,Det regnar smått idag.,It is drizzling a little bit today.
bortsett från,Bortsett från regnet hade vi en fantastisk dag.,"Apart from the rain, we had a fantastic day."
en förstärkning,Jag behöver en förstärkning av ljudet i rummet.,I need a reinforcement of the sound in the room.
en förteckning,Jag skrev en förteckning över alla mina böcker.,I made a list of all my books.
narkotika,Narkotika är ett stort problem i samhället.,Narcotics are a big problem in society.
en björn,En björn sover i skogen.,A bear is sleeping in the forest.
en engelsman,En engelsman älskar te.,An Englishman loves tea.
att utropa,Han utropade av glädje när han vann.,He cried out in joy when he won.
en fascism,En fascism sprider hat och rädsla.,A fascism spreads hate and fear.
att gnälla,Barnen gnäller när de är trötta.,The children whine when they are tired.
underbart,Det är underbart att vara ute i solen.,It is wonderfully nice to be outside in the sun.
en ankomst,Vi väntar på en ankomst av tåget.,We are waiting for an arrival of the train.
ett barnbarn,Jag har ett barnbarn som heter Emma.,I have a grandchild named Emma.
en gudstjänst,Vi går till en gudstjänst på söndag.,We are going to a church service on Sunday.
en pott,Vi satsade alla våra pengar i potten.,We bet all our money in the kitty.
en regissör,En regissör skapar fantastiska filmer.,A director creates fantastic movies.
en turk,En turk lagar god mat.,A Turk makes good food.
en hylla,Böckerna står på en hylla.,The books are on a shelf.
tillfälligt,Jag jobbar tillfälligt på ett kafé.,I work temporarily at a café.
ett ungdomsförbund,Jag är medlem i ett ungdomsförbund.,I am a member of a youth league.
att eftersträva,Jag strävar alltid efter att bli bättre på svenska.,I always strive to improve my Swedish.
att förflytta,Vi behöver förflytta bordet till ett annat rum.,We need to move the table to another room.
en sekreterare,Hon arbetar som en sekreterare på kontoret.,She works as a secretary in the office.
missnöjd,Jag är missnöjd med min lunch idag.,I am dissatisfied with my lunch today.
värdelös,Den här boken är värdelös.,This book is worthless.
en doft,En doft av blommor sprider sig i luften.,A scent of flowers spreads in the air.
passiv,Hon är alltid passiv när vi spelar spel.,She is always passive when we play games.
en uppfinning,En uppfinning kan förändra världen.,An invention can change the world.
språklig,Språklig kunskap är viktig för att förstå andra kulturer.,Linguistic knowledge is important for understanding other cultures.
att härska,Kungen härskar över landet med visdom.,The king rules over the country with wisdom.
ett kast,Jag gjorde ett kast med bollen.,I made a throw with the ball.
en sympati,Jag kände en sympati för hennes situation.,I felt a sympathy for her situation.
en behörighet,Jag behöver en behörighet för att kunna undervisa.,I need a qualification to be able to teach.
att förknippa,Många människor förknippar sommar med sol och bad.,Many people associate summer with sun and swimming.
en insändare,Jag skrev en insändare till tidningen om miljöfrågor.,I wrote a letter to the editor about environmental issues.
en judendom,Judendom är en gammal religion.,Judaism is an ancient religion.
en sjuksköterska,En sjuksköterska hjälper patienter varje dag.,A nurse helps patients every day.
ett tält,Vi ska sova i ett tält i helgen.,We will sleep in a tent this weekend.
en uppgång,Det finns en uppgång till lägenheterna på andra våningen.,There is an entrance to the apartments on the second floor.
att inskränka,Det är viktigt att inskränka våra resurser för att skydda miljön.,It is important to limit our resources to protect the environment.
att prestera,Det är viktigt att prestera bra i skolan.,It is important to perform well in school.
udda,Tre är ett udda tal.,Three is an odd number.
en journal,Jag skriver i en journal varje dag.,I write in a journal every day.
diplomatisk,Hans diplomatiska förmåga hjälpte till att lösa konflikten.,His diplomatic skills helped to resolve the conflict.
tillfredsställande,Resultatet av provet var tillfredsställande.,The result of the test was satisfactory.
ett förakt,Han kände ett förakt för lögner.,He felt a contempt for lies.
att regera,Det är viktigt att regera med rättvisa.,It is important to rule with justice.
gyllene,Det finns tre gyllene regler för att lyckas.,There are three golden rules for success.
söderut,Vi åker söderut på semester.,We are going southwards on vacation.
en kapitalist,En kapitalist vill tjäna pengar.,A capitalist wants to make money.
ett genomslag,Det var ett genomslag i media som fick alla att prata.,It was an impact in the media that got everyone talking.
teologisk,Teologisk diskussion är viktig för många människor.,Theological discussion is important for many people.
en matta,Jag köpte en matta till vardagsrummet.,I bought a rug for the living room.
en medelklass,En medelklass har ofta stabila jobb.,A middle class often has stable jobs.
en målgrupp,Vi måste identifiera en målgrupp för vår nya produkt.,We need to identify a target group for our new product.
att sortera,Jag behöver sortera mina böcker efter ämne.,I need to sort my books by subject.
en säkerhetspolitik,En säkerhetspolitik är viktig för alla länder.,A security policy is important for all countries.
en födelsedag,Jag firar en födelsedag varje år.,I celebrate a birthday every year.
att misshandla,Att misshandla någon är aldrig okej.,To assault someone is never okay.
ett mynt,Jag har hittat ett mynt på gatan.,I found a coin on the street.
rörlig,Barn är rörliga och älskar att leka.,Children are mobile and love to play.
ett gods,Vi besökte ett gods på landet.,We visited a manor in the countryside.
en beredning,Vi har en beredning på måndag för att diskutera nya idéer.,We have a meeting on Monday to discuss new ideas.
traditionellt,Traditionellt firar vi jul med familjen.,"Traditionally, we celebrate Christmas with the family."
att bliva,Han drömde om att bliva en stor konstnär.,He dreamed of becoming a great artist.
en agent,En agent hjälper människor att hitta jobb.,An agent helps people find jobs.
exklusiv,Denna klubb är exklusiv för medlemmar.,This club is exclusive to members.
ett handlande,Ett handlande kan vara både en affär och en viktig beslut.,An action can be both a business and an important decision.
ett socker,Jag lägger ett socker i mitt te.,I am adding a sugar to my tea.
ett upplopp,Det blev ett upplopp efter matchen.,There was a riot after the match.
en kaka,Jag vill ha en kaka till mitt te.,I want a cookie with my tea.
en kollektivtrafik,Jag tar alltid en kollektivtrafik till jobbet.,I always take a public transportation to work.
att anlägga,Vi ska anlägga en ny park i staden.,We are going to lay out a new park in the city.
en upphandling,Vi behöver göra en upphandling för nya datorer.,We need to make a procurement for new computers.
att breda,Jag gillar att breda smör på brödet.,I like to spread butter on the bread.
en realitet,En dröm kan bli en realitet.,A dream can become a reality.
att marknadsföra,Det är viktigt att marknadsföra din produkt på rätt sätt.,It is important to market your product the right way.
vitt,"Vitt som jag vet, så kommer de att anlända imorgon.","As far as I know, they will arrive tomorrow."
en vrede,En vrede kan förstöra vänskap.,A wrath can destroy friendship.
satan,"Satan, vad irriterande det här är!","Satan, how irritating this is!"
statistisk,Statistisk information är viktig för att göra kloka beslut.,Statistical information is important for making wise decisions.
ödmjuk,"Han är alltid ödmjuk, oavsett framgångar.","He is always humble, regardless of success."
i natt,Jag sov bra i natt.,I slept well overnight.
en klarhet,Vi behöver en klarhet i denna fråga.,We need a clarity in this matter.
långsiktigt,Vi måste tänka långsiktigt för att nå våra mål.,We need to think long-term to achieve our goals.
att anstränga,Jag måste anstränga mig för att klara provet.,I have to exert myself to pass the exam.
generös,Hon är alltid generös mot sina vänner.,She is always generous to her friends.
ett mellanrum,Det finns ett mellanrum mellan stolarna.,There is a gap between the chairs.
ett sken,Det var ett sken av hopp i hennes ögon.,There was an appearance of hope in her eyes.
en upplösning,En upplösning av problemet kom snabbt.,A dissolution of the problem came quickly.
en vistelse,Jag ser fram emot min vistelse i Stockholm.,I look forward to my stay in Stockholm.
att växla,Jag behöver växla några dollar till kronor.,I need to exchange some dollars for kronor.
strukturell,Strukturell förändring är viktig för samhällets utveckling.,Structural change is important for society's development.
att förvärva,Jag vill förvärva en ny bil.,I want to acquire a new car.
en regi,En regi kan göra stor skillnad i en film.,A direction can make a big difference in a film.
en redogörelse,Hon gav en redogörelse för sin resa.,She gave a report of her trip.
en statsmakt,En statsmakt har ansvar för lagar och regler.,A governmental power is responsible for laws and regulations.
en etta,Jag bor i en etta i stan.,I live in a one-room apartment in the city.
relativ,Släktingar är alltid relativt viktiga i livet.,Relatives are always relatively important in life.
en vindkraft,En vindkraft kan ge oss ren energi.,A wind power can give us clean energy.
imperialistisk,Imperialistisk politik påverkar många länder.,Imperialist policy affects many countries.
en måltid,En måltid är alltid trevlig att dela med vänner.,A meal is always nice to share with friends.
till synes,"Till synes är han glad, men jag tror att han är ledsen.","Apparently, he is happy, but I think he is sad."
att belöna,Jag vill belöna dig för ditt hårda arbete.,I want to reward you for your hard work.
att importera,Vi planerar att importera varor från Sverige.,We plan to import goods from Sweden.
en liter,Jag köpte en liter mjölk.,I bought a litre of milk.
rentav,Det är rentav en fantastisk dag idag.,It is indeed a fantastic day today.
en stormakt,Sverige var en stormakt för länge sedan.,Sweden was a great power a long time ago.
samtida,Samtida konst är ofta inspirerande.,Contemporary art is often inspiring.
legal,Det är viktigt att följa legal regler.,It is important to follow legal rules.
principiell,Det är en principiell fråga för oss alla.,It is a question of principle for all of us.
en valfrihet,Vi har en valfrihet att välja vår egen väg.,We have a freedom of choice to choose our own path.
en tydlighet,En tydlighet i texten gör den lättare att förstå.,A clarity in the text makes it easier to understand.
en växthusgas,Koldioxid är en växthusgas som påverkar klimatet.,Carbon dioxide is a greenhouse gas that affects the climate.
ett evenemang,Vi ska gå på ett evenemang i helgen.,We are going to an event this weekend.
ett lösenord,Jag glömde mitt lösenord igen.,I forgot my password again.
en dialekt,Hon pratar en dialekt som är svår att förstå.,She speaks a dialect that is hard to understand.
att behärska,Att behärska språket tar tid och övning.,Mastering the language takes time and practice.
en föregångare,En föregångare inom teknologi förändrade världen.,A precursor in technology changed the world.
en homosexualitet,En homosexualitet är en del av mångfalden i vårt samhälle.,A homosexuality is a part of the diversity in our society.
seg,Den här gummibjörnen är seg och svår att bita sönder.,This gummy bear is tough and hard to bite through.
en licens,Jag behöver en licens för att köra bil.,I need a license to drive a car.
platt,Min TV är platt och hänger på väggen.,My TV is flat and hangs on the wall.
en iver,Hon arbetar med en iver för att hjälpa andra.,She works with a zeal to help others.
en resenär,En resenär behöver alltid ett giltigt pass.,A traveler always needs a valid passport.
att utrota,Vi måste utrota sjukdomen för att rädda liv.,We must eradicate the disease to save lives.
att uppfinna,Barn älskar att uppfinna nya leksaker.,Children love to invent new toys.
en cup,Vi vann en cup i fotboll.,We won a cup in football.
omvänd,Omvänd bilen för att parkera.,Reverse the car to park.
en dagordning,Vi behöver en dagordning för mötet.,We need an agenda for the meeting.
perfekt,Det här är perfekt!,This is perfect!
en splittring,En splittring i gruppen gjorde att vi inte kunde arbeta tillsammans.,A disruption in the group meant we couldn't work together.
att inbilla,Hon inbillade sig att hon kunde flyga.,She imagined that she could fly.
att avge,Växter avger syre under dagen.,Plants emit oxygen during the day.
ett partnerskap,Vi har ett partnerskap som hjälper oss att växa.,We have a partnership that helps us grow.
att löna sig,Det lönar sig att spara pengar för framtiden.,It is profitable to save money for the future.
brutal,Den filmen var brutal och skrämmande.,That movie was brutal and scary.
att konstruera,Vi ska konstruera en ny bro i stan.,We are going to construct a new bridge in the city.
en ärlighet,En ärlighet är viktig i en vänskap.,Honesty is important in a friendship.
bekväm,Soffan är så bekväm att jag alltid somnar där.,The couch is so comfortable that I always fall asleep there.
en presskonferens,Det kommer att hållas en presskonferens i morgon.,There will be a press conference tomorrow.
osannolik,Det känns osannolikt att det regnar i sommar.,It feels unlikely that it will rain this summer.
totalitär,Ett totalitärt styre kan vara mycket farligt.,A totalitarian regime can be very dangerous.
att åtgärda,Vi måste åtgärda problemet innan det blir värre.,We need to address the problem before it gets worse.
en flickvän,Min flickvän älskar att laga mat.,My girlfriend loves to cook.
norrut,Vi åker norrut till fjällen.,We are going northwards to the mountains.
ett arbetstillfälle,Jag fick ett arbetstillfälle som jag inte kan missa.,I got a job opportunity that I can't miss.
ett inträde,Ett inträde till konserten kostar hundra kronor.,An entrance to the concert costs one hundred kronor.
att släpa,Jag måste släpa den tunga lådan över golvet.,I have to drag the heavy box across the floor.
ett övervägande,Jag gjorde ett övervägande innan jag bestämde mig.,I made a consideration before I made my decision.
en skilsmässa,"En skilsmässa kan vara svår, men det blir bättre med tiden.","A divorce can be hard, but it gets better with time."
att utforska,Jag älskar att utforska nya platser.,I love to explore new places.
bildande,Bildande aktiviteter är viktiga för barn.,Educational activities are important for children.
en tyngd,En tyngd hänger i luften när vi pratar om våra drömmar.,A weight hangs in the air when we talk about our dreams.
en frälsare,Jesus är en frälsare för många troende.,Jesus is a savior for many believers.
att invadera,Fjällen invaderades av många turister i somras.,The mountains were invaded by many tourists last summer.
en personuppgift,En personuppgift måste skyddas noggrant.,Personal data must be protected carefully.
en förhand,Vi behöver planera en förhand för att undvika problem.,We need to plan in advance to avoid problems.
en gruppering,Vi behöver en gruppering för att organisera våra idéer.,We need a grouping to organize our ideas.
tekniskt,Tekniskt sett är det en bra idé.,"Technically speaking, it's a good idea."
en dagstidning,Jag läser en dagstidning varje morgon.,I read a daily newspaper every morning.
oacceptabel,Det är oacceptabelt att vara oartig mot andra.,It is unacceptable to be rude to others.
en serb,Han träffade en serb på festen.,He met a Serb at the party.
flytande,Språket blir mer flytande med övning.,The language becomes more fluent with practice.
att justera,Vi måste justera protokollet innan vi skickar det.,We need to adjust the protocol before we send it.
en adel,En adel hade stor makt i det förflutna.,A nobility had great power in the past.
en konsult,Jag behöver hjälp av en konsult.,I need help from a consultant.
nervös,Jag känner mig nervös inför provet.,I feel nervous before the exam.
en sekt,En sekt kan vara farlig för människor.,A sect can be dangerous for people.
en slöja,Hon bar en slöja på bröllopet.,She wore a veil at the wedding.
välkommen,Välkommen till vårt hem!,Welcome to our home!
att läcka,Vattnet började läcka från taket.,The water started to leak from the roof.
en afton,Vi ska fira en afton med våra vänner.,We will celebrate an evening with our friends.
en introduktion,En introduktion till svenska språket är spännande.,An introduction to the Swedish language is exciting.
en livstid,En livstid är kortare än vi tror.,A lifetime is shorter than we think.
en demonstrant,En demonstrant håller en skylt.,A demonstrator is holding a sign.
en flexibilitet,En flexibilitet i arbetsschemat är viktigt.,A flexibility in the work schedule is important.
en hed,Vi gick på en hed och njöt av utsikten.,We walked on a moor and enjoyed the view.
ett kol,Ett kol brinner i elden.,A coal burns in the fire.
en uppväxt,Jag minns min uppväxt med glädje.,I remember my childhood with joy.
att efterlysa,Jag vill efterlysa min försvunna katt.,I want to inquire about my missing cat.
en grönsak,Morot är en grönsak.,Carrot is a vegetable.
att samordna,Vi måste samordna våra scheman för att träffas.,We need to coordinate our schedules to meet.
ett järn,Ett järn är starkt och hållbart.,An iron is strong and durable.
en distribution,En distribution av böcker är viktig för skolan.,A distribution of books is important for the school.
automatisk,Det finns en automatisk dörr på hotellet.,There is an automatic door at the hotel.
en transaktion,Jag gjorde en transaktion på banken idag.,I made a transaction at the bank today.
ett däck,Ett däck rullar snabbt på vägen.,A tire rolls quickly on the road.
en observation,En observation av fåglar kan vara mycket intressant.,An observation of birds can be very interesting.
typiskt,Typiskt svenskt väder är kallt och regnigt.,Typically Swedish weather is cold and rainy.
en inskränkning,En inskränkning av friheten är aldrig bra.,A limitation of freedom is never good.
att mata,Jag ska mata katten nu.,I will feed the cat now.
ett paradis,Det här stället är ett paradis för alla som älskar naturen.,This place is a paradise for everyone who loves nature.
en ingenjör,Min vän är en ingenjör.,My friend is an engineer.
en koncentration,Jag behöver en koncentration för att studera.,I need a concentration to study.
ett plus,Ett plus för mig är att jag får träffa nya människor.,A plus for me is that I get to meet new people.
ett dugg,"Det spelar ingen roll, jag bryr mig inte ett dugg.","It doesn't matter, I don't care a jot."
en samtid,Konstnärer skapar ofta verk som speglar en samtid.,Artists often create works that reflect a contemporary time.
en uppståndelse,Det blev en uppståndelse när filmen slutade.,There was an uproar when the movie ended.
ett slaveri,Ett slaveri är en grymhet mot människan.,A slavery is a cruelty against humanity.
att ålägga,Domaren ålade honom att betala böter.,The judge enjoined him to pay a fine.
att framkalla,Det kan vara svårt att framkalla gamla minnen ibland.,It can be difficult to summon old memories sometimes.
ett utkast,Jag behöver skriva ett utkast till min uppsats.,I need to write a draft for my essay.
framträdande,Hans framträdande tal gjorde ett stort intryck på publiken.,His prominent speech made a big impression on the audience.
desperat,Hon kände sig desperat efter att ha letat hela dagen.,She felt desperate after searching all day.
någon som helst,Jag kan hjälpa någon som helst.,I can help anyone.
flitigt,Hon studerar flitigt varje dag.,She studies diligently every day.
en offensiv,Lagets offensiv var mycket stark i matchen.,The team's offensive was very strong in the match.
en sångare,En sångare sjunger vackert på scenen.,A singer sings beautifully on stage.
ett ingrepp,Ett ingrepp kan vara nödvändigt för att förbättra hälsan.,A procedure may be necessary to improve health.
otalig,Det finns otaliga stjärnor på natthimlen.,There are countless stars in the night sky.
ett diagram,Jag ritade ett diagram för min presentation.,I drew a diagram for my presentation.
att inbjuda,Jag vill inbjuda mina vänner till min födelsedag.,I want to invite my friends to my birthday.
en motivation,En motivation kan hjälpa dig att nå dina mål.,A motivation can help you reach your goals.
att utplåna,Vi måste utplåna allt hat i världen.,We must exterminate all hate in the world.
en gymnasieskola,Jag går till en gymnasieskola varje dag.,I go to a secondary school every day.
att bearbeta,Vi måste bearbeta träet innan vi bygger bordet.,We need to work the wood before we build the table.
en förlåtelse,Jag bad om en förlåtelse för mitt misstag.,I asked for a pardon for my mistake.
att snurra,Barnet snurrar runt i trädgården.,The child spins around in the garden.
en skildring,En skildring av naturen kan vara vacker.,A depiction of nature can be beautiful.
en sändning,Jag såg en sändning om djur på TV.,I watched a broadcast about animals on TV.
en baby,En baby sover i vagnen.,A baby is sleeping in the stroller.
att förvara,Jag behöver ett skåp att förvara mina böcker i.,I need a cabinet to store my books in.
en rabatt,Jag köpte blommor till rabatten.,I bought flowers for the flower bed.
att rota,Katten gillar att rota i blomkrukan.,The cat likes to poke around in the flower pot.
en apa,En apa sitter i trädet.,A monkey sits in the tree.
att sammanställa,Jag ska sammanställa en lista över böcker.,I will compile a list of books.
att stirra,Han gillar att stirra på stjärnorna.,He likes to stare at the stars.
ett avgörande,Det var ett avgörande ögonblick för vårt lag.,It was a deciding moment for our team.
en manifestation,En manifestation av kärlek kan förändra världen.,A manifestation of love can change the world.
att uppenbara,Hon vill uppenbara sanningen för alla.,She wants to reveal the truth to everyone.
att maila,Jag ska maila dig informationen senare.,I will email you the information later.
en medmänniska,En medmänniska hjälper alltid i svåra tider.,A fellow human being always helps in difficult times.
ett genombrott,Det var ett genombrott för forskarna.,It was a breakthrough for the researchers.
proletär,Proletären arbetar hårt för att försörja sin familj.,The proletarian works hard to support his family.
en fika,Vi ska ta en fika på kaféet efter jobbet.,We will have a snack and coffee at the café after work.
en spaning,Polisen gjorde en spaning efter den försvunna personen.,The police conducted a search for the missing person.
att beordra,Chefen beordrade oss att slutföra projektet snabbt.,The boss ordered us to finish the project quickly.
att förbinda,Jag måste förbinda mitt sår med ett bandage.,I need to bandage my wound with a bandage.
jämförbar,Denna bil är jämförbar med min gamla bil.,This car is comparable to my old car.
socialt,Det är viktigt att vara socialt aktiv.,It is important to be socially active.
att fullgöra,Han måste fullgöra sina plikter varje dag.,He must fulfill his duties every day.
förr eller senare,Förr eller senare kommer vi att träffas igen.,"Sooner or later, we will meet again."
en palm,En palm växer vid stranden.,A palm tree grows by the beach.
en förvirring,Det var en förvirring i rummet när alla pratade samtidigt.,There was a confusion in the room when everyone was talking at the same time.
en privatisering,En privatisering kan ge mer effektivitet.,A privatization can lead to more efficiency.
en chock,Det var en chock när jag hörde nyheterna.,It was a shock when I heard the news.
oundviklig,Det är oundviklig att vi alla måste växa upp.,It is inevitable that we all must grow up.
ett samtycke,Vi behöver ett samtycke för att börja projektet.,We need a consent to start the project.
ett förband,Jag behöver ett förband för mitt sår.,I need a bandage for my wound.
att missbruka,Det är fel att missbruka alkohol.,It is wrong to abuse alcohol.
att förvärra,Att förvärra en redan dålig situation är aldrig en bra idé.,To make an already bad situation even worse is never a good idea.
en investerare,En investerare söker alltid efter bra möjligheter.,An investor is always looking for good opportunities.
vackert,Himlen är vacker idag.,The sky is beautiful today.
utbredd,Många har en utbredd åsikt om att klimatförändringar är ett viktigt ämne.,Many have a widely held opinion that climate change is an important issue.
en bio,Vi går till en bio ikväll.,We are going to a cinema tonight.
en oförmåga,Hans oförmåga att simma gör honom nervös vid sjön.,His inability to swim makes him nervous by the lake.
sammanlagd,Den sammanlagda kostnaden är högre än vi trodde.,The total cost is higher than we thought.
en klippa,En klippa står stadigt mot stormen.,A rock stands firm against the storm.
en cd,Jag lyssnar på en cd varje kväll.,I listen to a CD every evening.
en knut,Jag knöt en knut på snöret.,I tied a knot in the string.
en fras,Jag har lärt mig en fras på svenska.,I have learned a phrase in Swedish.
att indikera,Det är viktigt att indikera dina känslor.,It is important to indicate your feelings.
vardera,Vardera person fick en gåva.,Each person received a gift.
en arrangör,En arrangör planerar alltid detaljerna noggrant.,An organizer always plans the details carefully.
en profetia,En profetia kan förändra framtiden.,A prophecy can change the future.
därutöver,Därutöver gillar jag att läsa böcker.,"Additionally, I like to read books."
att förnya,Vi behöver förnya våra möbler i vardagsrummet.,We need to renew our furniture in the living room.
hederlig,Han är en hederlig man.,He is an honest man.
att inhämta,Jag behöver inhämta information för mitt projekt.,I need to obtain information for my project.
skånsk,Skånsk mat är väldigt god.,Skåne food is very tasty.
abstrakt,Konsten kan vara abstrakt.,Art can be abstract.
att dämpa,Musik kan dämpa stress och oro.,Music can dampen stress and anxiety.
en tillhörighet,Jag känner en tillhörighet till min hemstad.,I feel a belonging to my hometown.
en möbel,Jag behöver köpa en möbel till mitt rum.,I need to buy a piece of furniture for my room.
ringa,Hans hus är litet och ringa.,His house is small and poor.
en sky,En sky av stjärnor lyste över oss.,A sky of stars shone above us.
en anvisning,Följ anvisningen för att laga maten rätt.,Follow the instructions to cook the food correctly.
en hatt,Jag har en hatt på mitt huvud.,I have a hat on my head.
tokig,Hon är tokig i hästar.,She is crazy about horses.
ett förvärv,Vi gjorde ett förvärv av ett litet företag.,We made an acquisition of a small company.
med flera,"Jag träffade Anna, Lars, med flera vänner igår.","I met Anna, Lars, and several friends yesterday."
omgående,Vi behöver svara omgående på mejlet.,We need to reply immediately to the email.
ett bedrägeri,Ett bedrägeri kan kosta dig mycket pengar.,A fraud can cost you a lot of money.
att mobilisera,Vi måste mobilisera våra resurser för att hjälpa dem.,We must mobilize our resources to help them.
en signatur,Min mamma har alltid en signatur på sina brev.,My mom always has a signature on her letters.
skälig,Det är skälig att begära en rimlig lön för ditt arbete.,It is reasonable to ask for a fair salary for your work.
att expandera,Företaget planerar att expandera till nya marknader.,The company plans to expand to new markets.
att förkunna,Pastorn förkunnar kärlek och hopp varje söndag.,The pastor preaches love and hope every Sunday.
att böja,Vi måste böja verben för att förstå grammatiken.,We need to conjugate the verbs to understand the grammar.
att förenkla,Det är viktigt att förenkla svåra idéer.,It is important to simplify difficult ideas.
att viga,Vi ska viga oss i sommar.,We will marry this summer.
en justitieminister,En justitieminister måste se till att lagarna följs.,A justice minister must ensure that the laws are followed.
en fjärdedel,Jag har ätit en fjärdedel av kakan.,I have eaten a quarter of the cake.
en substans,En substans kan vara både fast och flytande.,A substance can be both solid and liquid.
att tömma,Jag måste tömma min ryggsäck.,I need to empty my backpack.
att utmärka,Hon vill utmärka sig i sitt arbete.,She wants to distinguish herself in her work.
ende,Hon är den ende vännen jag har.,She is the only friend I have.
en förnyelse,En förnyelse i livet kan vara spännande.,A renewal in life can be exciting.
subjektiv,Det är subjektivt vad som är vackert.,It is subjective what is beautiful.
en burk,Jag har en burk med sylt i skafferiet.,I have a jar of jam in the pantry.
human,Human behandling är viktigt för alla.,Humane treatment is important for everyone.
att mista,Jag vill inte mista min bästa vän.,I don’t want to lose my best friend.
en sanktion,En sanktion kan påverka handeln mellan länder.,A sanction can affect trade between countries.
fler och fler,Fler och fler människor går till gymmet.,More and more people are going to the gym.
en omsättning,Företaget har en omsättning på miljoner kronor varje år.,The company has a turnover of millions of kronor every year.
att besitta,Hon besitter stor kunskap om historia.,She possesses great knowledge of history.
att initiera,Vi behöver att initiera ett nytt projekt.,We need to initiate a new project.
ett skrivande,Ett skrivande kan vara en bra terapi.,A writing can be a good therapy.
ett hänseende,Det finns ett hänseende i varje argument som vi måste överväga.,There is an aspect in every argument that we must consider.
att härstamma,Många språk härstammar från samma ursprung.,Many languages originate from the same root.
en censur,Censur kan begränsa yttrandefriheten.,Censorship can limit freedom of speech.
ett kollektiv,Vi bor tillsammans i ett kollektiv.,We live together in a collective.
att promenera,Vi ska promenera i parken idag.,We are going to walk in the park today.
att supa,Han gillar att supa med sina vänner på helgerna.,He likes to drink alcohol with his friends on the weekends.
en legitimitet,En legitimitet är viktig för varje regering.,A legitimacy is important for every government.
ett befäl,Ett befäl leder soldaterna i strid.,A commanding officer leads the soldiers in battle.
en sökande,En sökande kom till intervjun idag.,An applicant came to the interview today.
en pojkvän,Jag har en pojkvän som heter Erik.,I have a boyfriend named Erik.
att poängtera,Jag vill poängtera att vi måste samarbeta.,I want to emphasize that we need to cooperate.
en överträdelse,En överträdelse av reglerna kan leda till straff.,A transgression of the rules can lead to punishment.
en klimatfråga,En klimatfråga påverkar hela världen.,A climate problem affects the whole world.
ett telefonsamtal,Jag fick ett telefonsamtal från min vän.,I received a telephone call from my friend.
en beredskap,Vi måste alltid ha en beredskap för oväntade händelser.,We must always have a readiness for unexpected events.
en vers,Jag skrev en vers om våren.,I wrote a verse about spring.
en monarki,Sverige är en monarki med en kung.,Sweden is a monarchy with a king.
att ockupera,Soldaterna började att ockupera staden efter striden.,The soldiers began to occupy the city after the battle.
skum,Skummet på havet glittrade i månskenet.,The foam on the sea sparkled in the moonlight.
en turism,Turism är viktigt för ekonomin.,Tourism is important for the economy.
en befrielse,En befrielse från stress är viktig för vår hälsa.,A release from stress is important for our health.
"en byxa, byxor",Jag köpte en ny byxa igår.,I bought a new pair of pants yesterday.
att rekrytera,Vi behöver att rekrytera fler medarbetare till vårt team.,We need to recruit more employees to our team.
ett sökande,Ett sökande efter lycka kan ibland vara svårt.,A quest for happiness can sometimes be difficult.
en förmögenhet,Hon ärver en förmögenhet från sin far.,She inherits a fortune from her father.
gången,Gången var mycket trevlig.,The past was very pleasant.
liksom,Han sjunger liksom en professionell sångare.,He sings just like a professional singer.
ett äpple,Jag äter ett äpple varje dag.,I eat an apple every day.
en höjdpunkt,Konserten var en höjdpunkt för hela året.,The concert was a highlight of the whole year.
en sammanställning,Jag gjorde en sammanställning av våra bästa recept.,I made a compilation of our best recipes.
en underhållning,En underhållning kan vara en bra film.,An entertainment can be a good movie.
en uppbyggnad,Det finns en uppbyggnad av nya bostäder i staden.,There is a construction of new housing in the city.
ett etablissemang,Ett etablissemang kan påverka många beslut i samhället.,An establishment can influence many decisions in society.
kontinuerligt,Vi lär oss kontinuerligt nya saker.,We continuously learn new things.
att krama,Jag älskar att krama mina vänner.,I love to hug my friends.
ett missförstånd,Det var ett missförstånd mellan oss.,There was a misunderstanding between us.
nationalistisk,Nationalistisk politik kan skapa spänningar.,Nationalist politics can create tensions.
en obalans,Det finns en obalans i projektet som vi måste åtgärda.,There is an imbalance in the project that we need to address.
ett nyår,Ett nyår är en tid för nya början.,A new year is a time for new beginnings.
produktiv,Jag vill vara mer produktiv på jobbet.,I want to be more productive at work.
att komma till rätta,Jag hoppas att min bok kommer till rätta snart.,I hope my book turns up soon.
en avveckling,Företaget planerar en avveckling av sin verksamhet.,The company plans a liquidation of its operations.
att provocera,Han gillar att provocera sina vänner för att få dem att skratta.,He likes to provoke his friends to make them laugh.
erfaren,Hon är en erfaren lärare.,She is an experienced teacher.
blank,Hennes skor var så blanka att de speglade ljuset.,Her shoes were so shiny that they reflected the light.
en singel,Jag lyssnar på en singel som är väldigt bra.,I am listening to a single that is very good.
en försörjning,Det är viktigt att ha en försörjning för att kunna leva bra.,It is important to have a provision to live well.
irländsk,Jag älskar irländsk musik.,I love Irish music.
en kurd,En kurd är stolt över sin kultur.,A Kurd is proud of their culture.
en psykolog,Jag ska träffa en psykolog imorgon.,I will meet a psychologist tomorrow.
att samtala,Vi gillar att samtala om våra drömmar.,We like to discuss our dreams.
ett sekel,Ett sekel har gått sedan vi såg en sådan förändring.,A century has passed since we saw such a change.
federal,Federal lagar gäller i hela landet.,Federal laws apply throughout the country.
en frustration,En frustration kan ibland vara svår att hantera.,A frustration can sometimes be hard to manage.
fundamental,Det är fundamentalt att förstå grunderna.,It is fundamental to understand the basics.
att omge,Träd omger sjön med sina gröna blad.,Trees surround the lake with their green leaves.
att företa,Jag måste företa en resa till Stockholm.,I have to undertake a trip to Stockholm.
ett utdrag,Jag läste ett utdrag ur boken igår.,I read an excerpt from the book yesterday.
fram och tillbaka,Han gick fram och tillbaka på stranden.,He walked back and forth on the beach.
lågt,Han talade lågt för att inte väcka barnet.,He spoke lowly to avoid waking the baby.
ett skal,Ett skal skyddar frukten från skador.,A shell protects the fruit from damage.
irakisk,Han är irakisk och bor i Sverige.,He is Iraqi and lives in Sweden.
en parallell,Det finns en parallell mellan konst och musik.,There is a parallel between art and music.
ett avslag,Jag fick ett avslag på mitt jobbansökan.,I received a rejection on my job application.
emellanåt,Jag går emellanåt på bio med mina vänner.,I occasionally go to the movies with my friends.
en källare,Jag har en källare där jag förvarar mina cyklar.,I have a cellar where I store my bicycles.
en merpart,En merpart av befolkningen älskar att resa.,A bulk of the population loves to travel.
en vetskap,Jag har en vetskap om vad som händer i staden.,I have knowledge of what is happening in the city.
en delägare,Sara är en delägare i företaget.,Sara is a part owner of the company.
en distans,Jag kan se en distans mellan oss.,I can see a distance between us.
att eliminera,Vi måste eliminera alla onödiga kostnader.,We need to eliminate all unnecessary expenses.
i motsats till,"Jag älskar sommar, i motsats till vinter.","I love summer, in contrast to winter."
en tolerans,En tolerans är viktig i samhället.,A tolerance is important in society.
en krigare,En krigare kämpar för sitt folk.,A warrior fights for his people.
att bosätta,Vi planerar att bosätta oss i Stockholm nästa år.,We plan to settle down in Stockholm next year.
att filma,Jag älskar att filma mina resor.,I love to film my travels.
ett upplägg,Ett upplägg för festen är klart.,A plan for the party is ready.
en föda,En föda är viktig för vår hälsa.,Food is important for our health.
en överläggning,Vi hade en överläggning om framtiden.,We had a discussion about the future.
en miss,Han gjorde en miss på provet.,He made a mistake on the exam.
en moské,Vi besöker en moské i staden.,We are visiting a mosque in the city.
en passion,Jag har en passion för att måla.,I have a passion for painting.
en zon,Vi måste gå in i en zon utan störningar.,We need to enter a zone without interruptions.
en tunga,Jag har en tunga som gör ont.,I have a tongue that hurts.
vass,Kniven är vass och skär lätt genom brödet.,The knife is sharp and cuts easily through the bread.
en klient,En klient väntar på sitt möte.,A client is waiting for their appointment.
att spana,Jag spana efter en ny bok på biblioteket.,I am on the lookout for a new book at the library.
en utbetalning,Jag väntar på en utbetalning från jobbet.,I am waiting for a pay-out from work.
obetydlig,Det är en obetydlig detalj.,It is an insignificant detail.
kurdisk,Kurdisk mat är mycket god.,Kurdish food is very good.
en relevans,En relevans i vårt samtal är viktig.,A relevance in our conversation is important.
förutsatt att,"Vi går på picknick, förutsatt att det inte regnar.","We will go on a picnic, provided that it doesn't rain."
att motarbeta,Vi måste motarbeta orättvisor i samhället.,We must oppose injustices in society.
en påtryckning,En påtryckning från medborgarna kan förändra politiken.,Pressure from the citizens can change politics.
efterföljande,Efterföljande vecka ska vi åka till Stockholm.,The following week we will go to Stockholm.
ett nyhetsbrev,Jag läser ett nyhetsbrev varje vecka.,I read a newsletter every week.
ett årsskifte,Vi firar ett årsskifte med fest och fyrverkerier.,We celebrate a turn of the year with a party and fireworks.
en avvikelse,Det finns en avvikelse i resultaten från undersökningen.,There is an anomaly in the results of the survey.
att tilltala,Den nya filmen tilltalar många ungdomar.,The new movie appeals to many young people.
ett stift,Jag behöver ett stift för att rita.,I need a pencil to draw.
hemlös,En hemlös man sitter på gatan.,A homeless man is sitting on the street.
att splittra,Att splittra en grupp kan vara svårt.,To split a group can be difficult.
att bosätta sig,Vi planerar att bosätta oss i Stockholm nästa år.,We plan to settle down in Stockholm next year.
en bekräftelse,Jag behöver en bekräftelse på min bokning.,I need a confirmation of my booking.
en försvarsminister,En försvarsminister måste fatta svåra beslut.,A defence minister has to make tough decisions.
att dokumentera,Jag behöver dokumentera mina resor.,I need to document my travels.
en lydnad,En lydnad är viktig för alla hundar.,Obedience is important for all dogs.
en tragedi,En tragedi kan förändra liv för alltid.,A tragedy can change lives forever.
en organism,En organism kan vara mycket liten.,An organism can be very small.
en socialtjänst,En socialtjänst hjälper familjer i nöd.,Social services help families in need.
att tillskriva,Det är fel att tillskriva alla problem till vädret.,It is wrong to attribute all problems to the weather.
en humanist,En humanist älskar att läsa böcker om mänskliga rättigheter.,A humanist loves to read books about human rights.
snett,Boken ligger snett på bordet.,The book is askew on the table.
en firma,En firma kan hjälpa dig att starta ditt eget företag.,A firm can help you start your own business.
en förankring,Vi behöver en förankring för att nå enighet.,We need a consensus to reach an agreement.
en reporänta,Reporäntan påverkar låneräntorna i landet.,The prime rate affects loan interest rates in the country.
sekulär,Sverige är ett sekulärt land.,Sweden is a secular country.
fortsättningsvis,Fortsättningsvis kommer vi att träffas varje vecka.,"Henceforth, we will meet every week."
att erfara,Jag vill erfara mer om svensk kultur.,I want to learn more about Swedish culture.
en inblandning,Hans inblandning i deras problem gjorde allt mer komplicerat.,His meddling in their problems made everything more complicated.
en signalspaning,En signalspaning hjälper oss att förstå kommunikationen.,A signals intelligence helps us understand communication.
en svininfluensa,En svininfluensa kan vara farlig för vissa människor.,A swine flu can be dangerous for some people.
en liknelse,En liknelse kan göra en berättelse mer levande.,A simile can make a story more vivid.
beväpnad,Han var beväpnad med en pistol.,He was armed with a gun.
härligt,Det är härligt att vara ute i solen.,It is lovely to be outside in the sun.
ett ingripande,Det var ett ingripande som förändrade allt.,It was an intervention that changed everything.
pigg,Jag är pigg och redo för en lång promenad.,I am lively and ready for a long walk.
en bebyggelse,Det finns en bebyggelse vid sjön.,There is a settlement by the lake.
fysiskt,Jag tränar fysiskt varje dag.,I train physically every day.
romantisk,Det var en romantisk middag vid havet.,It was a romantic dinner by the sea.
ingående,Vi hade en ingående diskussion om framtiden.,We had a detailed discussion about the future.
en märkning,Det finns en märkning på lådan.,There is a marking on the box.
en lojalitet,En lojalitet är viktig i en vänskap.,A loyalty is important in a friendship.
en penna,Jag behöver en penna för att skriva.,I need a pen to write.
ett får,Ett får står på ängen.,A sheep is standing in the meadow.
en illustration,En illustration kan göra texten mer intressant.,An illustration can make the text more interesting.
en rock,Jag älskar att lyssna på rockmusik när jag går ut med min rock.,I love listening to rock music when I go out with my coat.
ett innehav,Jag har ett innehav av böcker som jag älskar att läsa.,I have a possession of books that I love to read.
innan,Jag ska äta lunch innan jag går till mötet.,I will have lunch before I go to the meeting.
still,Det är fortfarande kallt ute.,It is still cold outside.
indirekt,Hon gav mig ett indirekt svar.,She gave me an indirect answer.
en lapp,Jag hittade en lapp med ett telefonnummer på golvet.,I found a piece of paper with a phone number on the floor.
en änka,Hon är en änka som bor i byn.,She is a widow who lives in the village.
en tilltro,Jag har en tilltro till mina vänner.,I have confidence in my friends.
en dvd,Jag tittar på en dvd ikväll.,I am watching a DVD tonight.
en bensin,Bilen behöver en bensin för att köra.,The car needs gasoline to drive.
att bromsa,Jag måste bromsa bilen innan vi når korsningen.,I have to brake the car before we reach the intersection.
att bråka,"De brukade bråka om småsaker, men nu är de bästa vänner.","They used to argue about small things, but now they are best friends."
en kula,Kasta kulan till mig!,Throw the ball to me!
en svält,En svält drabbade många länder i historien.,A famine affected many countries in history.
en klo,Katten fångade musen med sin klo.,The cat caught the mouse with its claw.
en sektion,Vi ska dela in klassen i en sektion för varje ämne.,We will divide the class into a section for each subject.
ett avskaffande,Ett avskaffande av skatter skulle göra livet lättare för många.,An abolition of taxes would make life easier for many.
en examen,Jag studerar hårt för att klara en examen.,I am studying hard to pass an exam.
en religionsfrihet,En religionsfrihet är viktig för alla människor.,A freedom of religion is important for all people.
utåt,Han pekade utåt mot havet.,He pointed outward toward the sea.
att balansera,Det är viktigt att balansera arbete och fritid.,It is important to balance work and leisure.
en heltid,Jag jobbar heltid på kontoret.,I work full-time at the office.
hemifrån,Jag saknar att vara hemifrån.,I miss being away from home.
att stifta,Vi behöver stifta nya lagar för att skydda miljön.,We need to create new laws to protect the environment.
verkställande,Den verkställande direktören leder företaget.,The chief executive officer leads the company.
en asyl,Många människor söker en asyl för att hitta trygghet.,Many people seek an asylum to find safety.
en graviditet,En graviditet varar vanligtvis i nio månader.,A pregnancy usually lasts for nine months.
att korsa,Jag måste korsa gatan för att komma dit.,I need to cross the street to get there.
att avlägsna,Vi måste avlägsna skräpet från parken.,We need to remove the trash from the park.
en beställning,Jag har lagt en beställning på en ny cykel.,I have placed an order for a new bicycle.
en fasad,Fasaden på huset är mycket vacker.,The façade of the house is very beautiful.
att infinna sig,Jag måste infinna mig till mötet klockan tre.,I must attend the meeting at three o'clock.
hyfsat,Det gick hyfsat bra på provet.,It went pretty well on the test.
en julafton,En julafton är alltid full av glädje.,A Christmas Eve is always full of joy.
organisk,Jag köper alltid organisk mat.,I always buy organic food.
att åtnjuta,Jag älskar att åtnjuta en god bok på en solig dag.,I love to enjoy a good book on a sunny day.
för alltid,Du kommer alltid att vara min vän för alltid.,You will always be my friend forever.
en hemmaplan,Fotboll laget spelar alltid bäst på en hemmaplan.,The soccer team always plays best on home ground.
ett kloster,Det finns ett kloster i bergen.,There is a monastery in the mountains.
att förlita sig på,Jag kan alltid förlita mig på mina vänner.,I can always rely on my friends.
att förlägga,Vi måste förlägga mötet till nästa vecka.,We need to move the meeting to next week.
spontan,Att vara spontan är roligt.,Being spontaneous is fun.
informell,Vi hade en informell träff på kaféet.,We had an informal meeting at the café.
en förvåning,Det var en förvåning att se honom där.,It was an astonishment to see him there.
att iaktta,Jag försöker alltid att iaktta fåglarna i parken.,I always try to observe the birds in the park.
ett körkort,Jag ska ta mitt körkort nästa vecka.,I will take my driving test next week.
ett försäkringsbolag,Jag har en försäkring hos ett försäkringsbolag.,I have an insurance with an insurance company.
ett missnöje,Det finns ett missnöje bland folket över de höga priserna.,There is a dissatisfaction among the people over the high prices.
en etnicitet,Många människor har en etnicitet som de stolta över.,Many people have an ethnicity that they are proud of.
en inbjudan,Jag fick en inbjudan till festen.,I received an invitation to the party.
dyster,Dagen var dyster och regnig.,The day was gloomy and rainy.
en okunskap,En okunskap kan leda till missförstånd.,A lack of knowledge can lead to misunderstandings.
garanterat,Det kommer att bli garanterat soligt i helgen.,It will definitely be sunny this weekend.
sammanfattningsvis,Sammanfattningsvis är det viktigt att studera varje dag.,"In summary, it is important to study every day."
en spark,Han fick en spark från jobbet efter att ha kommit för sent flera gånger.,He got fired from his job after being late several times.
en arbetsdag,En arbetsdag börjar tidigt på morgonen.,A work day starts early in the morning.
ett silver,Jag har ett silver i min hand.,I have a silver in my hand.
organisatorisk,Organisatorisk struktur är viktigt för framgång.,Organizational structure is important for success.
slutgiltig,Det här är den slutgiltiga versionen av rapporten.,This is the final version of the report.
tungt,Det regnar tungt idag.,It is raining heavily today.
att bekänna,Jag måste bekänna att jag är ett fan av klassisk musik.,I must confess that I am a fan of classical music.
en kostym,Han köpte en kostym till bröllopet.,He bought a suit for the wedding.
ett schema,Jag har ett schema för mina studier.,I have a schedule for my studies.
långtgående,Beslutet hade långtgående konsekvenser för företaget.,The decision had far-reaching consequences for the company.
en mask,En mask kryper i jorden.,A worm crawls in the soil.
en materiel,Vi behöver köpa en materiel till projektet.,We need to buy equipment for the project.
en mobbning,Mobbning är ett stort problem i skolor.,Bullying is a big problem in schools.
en leksak,Barnet leker med en leksak.,The child plays with a toy.
spridd,Kunskap är spridd över hela världen.,Knowledge is spread all over the world.
att stava,Kan du stava till ditt namn?,Can you spell your name?
en tillit,Jag har en tillit till mina vänner.,I have a trust in my friends.
modig,Hon är modig när hon hjälper andra.,She is brave when she helps others.
ett utbrott,Det var ett utbrott av sjukdomen i staden.,There was an outbreak of the disease in the city.
en apparat,En apparat kan laga mat på ett enkelt sätt.,A device can cook food in a simple way.
en disk,Vi måste diska en disk innan vi kan äta.,We need to wash the dishes before we can eat.
ett drama,Det var ett drama på teatern igår.,There was a drama at the theater yesterday.
att exportera,Företaget planerar att exportera sina produkter till Europa.,The company plans to export its products to Europe.
en försoning,Efter många samtal kom de till en försoning.,"After many conversations, they reached a reconciliation."
universell,Den universella sanningen är enkel.,The universal truth is simple.
ett beroende,Ett beroende kan vara svårt att bryta.,An addiction can be hard to break.
att surfa,Jag älskar att surfa på vågorna.,I love to surf on the waves.
en diktator,En diktator kan styra med skräck.,A dictator can rule with fear.
en passage,En passage i boken fångade min uppmärksamhet.,A passage in the book caught my attention.
inbyggd,Den nya telefonen har en inbyggd kamera.,The new phone has a built-in camera.
att plåga,Hela natten plågade tankarna mig.,"All night, thoughts plagued me."
strikt,Läraren är mycket strikt med sina regler.,The teacher is very strict with his rules.
att utlova,Jag lovar att utlova min hjälp imorgon.,I promise to offer my help tomorrow.
en riksbank,Sveriges riksbank styr landets ekonomi.,Sweden's central bank controls the country's economy.
att återta,Jag vill återta min gamla bok från biblioteket.,I want to regain my old book from the library.
en dokumentation,Vi behöver en dokumentation för projektet.,We need a documentation for the project.
en ingrediens,Socker är en ingrediens i många bakverk.,Sugar is an ingredient in many baked goods.
att inträda,Vi är glada att inträda i den nya skolan.,We are happy to join the new school.
en show,Vi ska gå på en show i kväll.,We are going to a show tonight.
bak,Boken ligger bak soffan.,The book is lying behind the sofa.
en delaktighet,En delaktighet i samhället är viktig för alla.,Involvement in society is important for everyone.
i viss mån,"Jag förstår, i viss mån, varför du känner så.","I understand, to some extent, why you feel that way."
en odling,En odling av grönsaker kräver mycket vatten.,A cultivation of vegetables requires a lot of water.
ett vardagsrum,Vi sitter i ett vardagsrum och pratar.,We are sitting in a living room and talking.
fascinerande,Det är fascinerande att se hur naturen förändras.,It is fascinating to see how nature changes.
en kontext,En kontext kan förändra betydelsen av en text.,A context can change the meaning of a text.
en lina,Jag behöver en lina för att fiska.,I need a line to go fishing.
en folkhögskola,Jag går på en folkhögskola för att lära mig mer.,I am attending an adult education college to learn more.
ett glasögon,Jag behöver ett glasögon för att se bättre.,I need glasses to see better.
att inviga,Jag vill inviga dig i min hemlighet.,I want to confide in you my secret.
ett rop,Ett rop hördes i natten.,A cry was heard in the night.
varannan,Vi träffas varannan vecka för att spela spel.,We meet every other week to play games.
en disciplin,En disciplin är viktig för att nå sina mål.,A discipline is important to achieve your goals.
en europé,En europé älskar att resa.,A European loves to travel.
en härskare,En härskare bestämmer över sitt folk.,A ruler decides over his people.
en återkomst,En återkomst till barndomen känns alltid speciell.,A return to childhood always feels special.
i fred,Låt oss vara i fred en stund.,Let us be in peace for a while.
en kompensation,Jag fick en kompensation för mina utgifter.,I received a compensation for my expenses.
representativ,Den här gruppen är representativ för hela klassen.,This group is representative of the whole class.
att strömma,Jag gillar att strömma filmer på helgen.,I like to stream movies on the weekend.
att kartlägga,Vi behöver kartlägga området innan vi bygger huset.,We need to survey the area before we build the house.
systematiskt,Han arbetar systematiskt varje dag.,He works systematically every day.
i relation till,Priserna har ökat i relation till förra året.,Prices have increased relative to last year.
uppe,Jag är uppe tidigt varje morgon.,I am up early every morning.
en yxa,Jag behöver en yxa för att hugga trä.,I need an axe to chop wood.
en bevakning,Vi behöver en bevakning av gränsen för att öka säkerheten.,We need a guard of the border to increase security.
en missionär,En missionär reser till olika länder för att sprida sitt budskap.,A missionary travels to different countries to spread their message.
ett rätta,Vi måste ta honom till ett rätta för hans lögner.,We have to take him to court for his lies.
en bekännelse,Hon gjorde en bekännelse om sina känslor för honom.,She made a confession about her feelings for him.
ensidig,Hans åsikter är ensidiga och tar inte hänsyn till andra perspektiv.,His opinions are one-sided and do not consider other perspectives.
en högtid,Midsommar är en högtid som firas i juni.,Midsummer is a holiday celebrated in June.
institutionell,Vi behöver en institutionell lösning för att lösa problemet.,We need an institutional solution to solve the problem.
psykiskt,Att må bra psykiskt är viktigt för hälsan.,Feeling good mentally is important for health.
en skjorta,Jag har på mig en skjorta.,I am wearing a shirt.
under förutsättning att,Jag kommer till festen under förutsättning att du också kommer.,I will come to the party on the proviso that you also come.
en rehabilitering,En rehabilitering hjälper människor att återfå sin styrka.,A rehabilitation helps people regain their strength.
en skärgård,Vi ska besöka en skärgård i sommar.,We will visit a coastal archipelago this summer.
att övervinna,Det är viktigt att övervinna sina rädslor.,It is important to overcome your fears.
en enkät,Jag ska fylla i en enkät om mina studier.,I will fill out a questionnaire about my studies.
en garderob,Jag har en garderob i mitt rum.,I have a wardrobe in my room.
en läxa,Jag har en läxa att göra ikväll.,I have a homework assignment to do tonight.
med avseende på,Med avseende på vädret ska vi ha picknick imorgon.,"With regard to the weather, we will have a picnic tomorrow."
en trumma,Jag spelar på en trumma i bandet.,I play a drum in the band.
en pol,Jag såg en pol i parken.,I saw a pole in the park.
en choklad,Jag vill ha en choklad.,I want a chocolate.
en återhämtning,En återhämtning efter krisen tar tid.,A recovery after the crisis takes time.
en bakterie,En bakterie kan orsaka sjukdom.,A bacterium can cause illness.
en exploatering,Exploateringen av naturresurser måste ske på ett ansvarsfullt sätt.,The exploitation of natural resources must be done responsibly.
ett kärnkraftverk,Ett kärnkraftverk producerar mycket energi.,A nuclear power plant produces a lot of energy.
en stig,Vi går längs en stig i skogen.,We walk along a path in the forest.
primär,Primär utbildning är viktig för alla barn.,Primary education is important for all children.
en republikan,En republikan tycker om frihet.,A republican values freedom.
en gestalt,En gestalt i boken var mycket intressant.,A character in the book was very interesting.
konstitutionell,Konstitutionell lag är viktig för demokratin.,Constitutional law is important for democracy.
avslutningsvis,Avslutningsvis vill jag tacka alla för att ni kom hit idag.,"In conclusion, I want to thank everyone for coming here today."
en indian,En indian berättade en spännande historia.,An Indian told an exciting story.
ingenstans,Ingenstans kan jag hitta min nyckel.,Nowhere can I find my key.
nu för tiden,Nu för tiden är det vanligt att arbeta hemifrån.,"Nowadays, it is common to work from home."
en runda,Vi kan ta en runda i parken.,We can take a walk in the park.
baltisk,Baltisk kultur är fascinerande.,Baltic culture is fascinating.
en farfar,Min farfar berättar alltid roliga historier.,My grandfather always tells funny stories.
att förtydliga,Kan du förtydliga din fråga?,Can you clarify your question?
en gärningsman,Polisen letar efter en gärningsman i området.,The police are looking for a perpetrator in the area.
en succé,Konserten blev en succé.,The concert was a success.
en tröst,En kram kan vara en tröst i svåra tider.,A hug can be a comfort in difficult times.
en epok,En epok av förändring har börjat.,An epoch of change has begun.
en intention,Hon har en intention att hjälpa oss.,She has an intention to help us.
en nedskärning,Företaget gjorde en nedskärning av sina anställda.,The company made a cutback of its employees.
tillika,"Hon är känd som Lisa, tillika en fantastisk sångerska.","She is known as Lisa, also a fantastic singer."
en remiss,Läkaren gav mig en remiss till en specialist.,The doctor gave me a referral to a specialist.
att skåda,Att skåda stjärnorna är magiskt.,To behold the stars is magical.
att bevittna,Jag fick möjlighet att bevittna solnedgången vid havet.,I had the chance to witness the sunset by the sea.
en främling,En främling kom till vår by idag.,A stranger came to our village today.
en juridik,Han studerar en juridik på universitetet.,He is studying law at the university.
en utvisning,En utvisning kan vara mycket svår för en familj.,A deportation can be very hard for a family.
en folkrätt,En folkrätt skyddar människors rättigheter.,An international law protects people's rights.
legitim,Det är legitim att söka hjälp när man behöver det.,It is legitimate to seek help when you need it.
ett bostadsområde,Vi bor i ett bostadsområde med många träd.,We live in a residential area with many trees.
egyptisk,Egyptisk mat är mycket god.,Egyptian food is very tasty.
glatt,Hon skrattade glatt när hon hörde skämtet.,She laughed happily when she heard the joke.
en hyresgäst,En hyresgäst betalar alltid sin hyra i tid.,A tenant always pays their rent on time.
radikalt,Ändringarna i skolan var radikalt nödvändiga.,The changes in the school were radically necessary.
en vinge,Fågeln flög högt med en vinge utsträckt.,The bird flew high with one wing extended.
att klassa,Jag gillar att klassa filmer efter deras genrer.,I like to classify movies by their genres.
en legend,En legend berättas om en hjälte som räddade staden.,A legend is told about a hero who saved the city.
ett öre,Ett öre kan vara mycket värt för den som sparar.,A single öre can be very valuable for someone who saves.
nazistisk,Nazistiska idéer är farliga.,Nazi ideas are dangerous.
varsin,Vi har varsin bok att läsa.,We each have our own book to read.
att begrava,Vi ska begrava vår hund i trädgården.,We will bury our dog in the garden.
en funktionsnedsättning,"Hon har en funktionsnedsättning, men det hindrar henne inte från att vara glad.","She has a disability, but it doesn't stop her from being happy."
kontra,Kontra fotboll är basket min favorit sport.,"Versus football, basketball is my favorite sport."
persisk,Persisk mat är väldigt god.,Persian food is very tasty.
ett tillskott,Ett tillskott av vitaminer kan förbättra din hälsa.,A supplement of vitamins can improve your health.
ett klagomål,Jag har lämnat in ett klagomål till chefen.,I have submitted a complaint to the manager.
ett konstverk,Det här är ett konstverk av en berömd konstnär.,This is a work of art by a famous artist.
kortsiktig,Kortsiktig planering kan leda till problem.,Short-term planning can lead to problems.
avliden,Min avlidne far var en snäll man.,My deceased father was a kind man.
en backe,Vi cyklade nerför en backe i solen.,We rode down a hill in the sun.
en förespråkare,Han är en förespråkare för miljövänliga lösningar.,He is an advocate for eco-friendly solutions.
en indikator,En indikator visar pH-nivån i vattnet.,An indicator shows the pH level in the water.
nutida,Nutida konst är ofta mycket spännande.,Modern art is often very exciting.
en textstorlek,Jag behöver ändra en textstorlek på dokumentet.,I need to change a text size in the document.
att åta,Jag vill åta mig ansvaret för projektet.,I want to take upon myself the responsibility for the project.
asiatisk,Asiatisk mat är mycket god.,Asian food is very tasty.
en meny,"Kan jag få en meny, tack?","Can I have a menu, please?"
muntlig,Muntlig kommunikation är viktig i skolan.,Oral communication is important in school.
nedre,Den nedre hyllan är full av böcker.,The lower shelf is full of books.
en regeringsform,En regeringsform påverkar hur ett land styrs.,A form of government affects how a country is governed.
otrevlig,Hon var otrevlig mot mig igår.,She was unpleasant to me yesterday.
en publikation,Jag läste en publikation om miljöskydd.,I read a publication about environmental protection.
en halt,Vi stannade för en halt vid vägkanten.,We stopped for a halt at the roadside.
en borg,Det finns en gammal borg på toppen av berget.,There is an old castle on top of the mountain.
en pedofil,En pedofil är en farlig person.,A pedophile is a dangerous person.
ett porträtt,Jag målade ett porträtt av min vän.,I painted a portrait of my friend.
en utomstående,Hon kände sig som en utomstående i gruppen.,She felt like an outsider in the group.
en ironi,Det är en ironi att jag glömde min egen födelsedag.,It is an irony that I forgot my own birthday.
att manipulera,Det är inte bra att manipulera andra människor.,It is not good to manipulate other people.
afghansk,Afghansk mat är väldigt smakrik.,Afghan food is very flavorful.
ett jag,Jag är ett jag som älskar att läsa.,I am a self that loves to read.
utomhus,Vi ska leka utomhus i parken.,We will play outside in the park.
ett privilegium,Att få resa är ett privilegium.,To be able to travel is a privilege.
en rensning,Vi gjorde en rensning i förrådet och slängde allt skräp.,We did a clearance in the storage and threw away all the junk.
en etapp,Vi har nått en etapp i projektet som vi är stolta över.,We have reached a phase of the project that we are proud of.
att minimera,Vi bör alltid försöka att minimera våra utgifter.,We should always try to minimize our expenses.
till fullo,Vi ska leva livet till fullo varje dag.,We should live life to the full every day.
en representation,En representation av konstverket hänger på väggen.,A representation of the artwork hangs on the wall.
ett latin,Ett latin är en gammal språk.,A Latin is an ancient language.
måhända,Måhända kommer det att regna i morgon.,Maybe it will rain tomorrow.
serbisk,Jag lär mig serbisk musik.,I am learning Serbian music.
estetisk,Estetisk undervisning är viktigt för kreativitet.,Aesthetic education is important for creativity.
att explodera,Bomba kan explodera om den inte hanteras försiktigt.,The bomb can explode if not handled carefully.
en folkrörelse,En folkrörelse kan förändra samhället.,A popular national movement can change society.
en grundare,Hon är en grundare av företaget.,She is a founder of the company.
en konspiration,Det finns en konspiration i staden.,There is a conspiracy in the city.
kritiskt,Det är kritiskt att vi agerar nu.,It is critical that we act now.
en kurva,Det finns en kurva vid nästa väg.,There is a bend in the next road.
att operera,Läkarna måste operera patienten i morgon.,The doctors have to operate on the patient tomorrow.
en turné,De ska åka på en turné i sommar.,They are going on a tour this summer.
en åskådare,En åskådare såg matchen från läktaren.,A spectator watched the match from the stands.
en forntid,En forntid är spännande att upptäcka.,A prehistoric time is exciting to explore.
en alliansregering,En alliansregering kan skapa stabilitet i landet.,A coalition government can create stability in the country.
framgångsrikt,Hon lyckades framgångsrikt med sitt projekt.,She successfully completed her project.
ovan,Jag är ovan vid att simma i djupa vatten.,I am unaccustomed to swimming in deep waters.
en robot,En robot kan hjälpa oss i hemmet.,A robot can help us at home.
en försvarare,Hon anlitade en försvarare för att hjälpa henne i rätten.,She hired a defender to help her in court.
ett landslag,Många drömmer om att spela i ett landslag.,Many dream of playing in a national team.
en proportion,En proportion av kakan var försvunnen.,A proportion of the cake was missing.
en verkstad,Min bil är i verkstaden för reparation.,My car is in the workshop for repairs.
en ask,Jag har en ask med choklad.,I have a box of chocolate.
att bomba,Jag gillar att bomba mina vänner med roliga videor.,I like to bomb my friends with funny videos.
en jeans,Jag köpte en jeans igår.,I bought a pair of jeans yesterday.
en jordbävning,En jordbävning kan vara skrämmande.,An earthquake can be scary.
en ratt,Jag håller i en ratt när jag kör bil.,I hold the steering wheel when I drive a car.
brant,Backen är väldigt brant.,The hill is very steep.
en befälhavare,En befälhavare leder sitt team på sjön.,A commander leads his team at sea.
en bot,Jag behöver en bot för min huvudvärk.,I need a remedy for my headache.
en dusch,Jag tar en dusch innan jag går till jobbet.,I take a shower before I go to work.
en konsensus,Vi nådde en konsensus om mötet.,We reached a consensus about the meeting.
könsneutral,Kläder kan vara könsneutrala.,Clothes can be gender-neutral.
att våldta,Det är fruktansvärt att våldta någon.,It is horrifying to rape someone.
att skruva,Jag behöver skruva på lampan för att den inte fungerar.,I need to screw the lamp because it doesn't work.
att slutföra,Jag behöver slutföra mitt arbete innan deadline.,I need to complete my work before the deadline.
att återspegla,Boken återspeglar författarens känslor.,The book reflects the author's emotions.
ett eko,Det var ett eko när jag ropade i dalen.,There was an echo when I shouted in the valley.
en horisont,Vi såg en horisont när solen gick ner.,We saw a horizon as the sun set.
att inkomma,Klagomål måste inkomma inom sex månader.,Complaints must be submitted within six months.
ett ministerråd,Ett ministerråd träffas varje månad för att diskutera viktiga frågor.,A council of ministers meets every month to discuss important issues.
en beslutsfattare,En beslutsfattare måste tänka på alla alternativ.,A decision maker must consider all options.
en suck,Hon drog en suck av lättnad när provet var över.,She let out a sigh of relief when the exam was over.
att utlösa,Att utlösa en reaktion kan vara svårt.,Triggering a reaction can be difficult.
ett flygbolag,Jag flyger ofta med ett flygbolag.,I often fly with an airline.
en spegel,Jag såg mig själv i en spegel.,I saw myself in a mirror.
konventionell,Konventionell mat är ofta mycket god.,Conventional food is often very tasty.
en metall,En metall kan vara stark och hållbar.,A metal can be strong and durable.
återstående,Det finns tre återstående platser i bussen.,There are three remaining seats on the bus.
i fjol,Vi reste till Stockholm i fjol.,We traveled to Stockholm last year.
en lönsamhet,En lönsamhet är viktig för varje företag.,Profitability is important for every business.
vari,Det finns en plats vari vi kan träffas.,There is a place wherein we can meet.
balanserad,En balanserad kost är viktig för hälsan.,A balanced diet is important for health.
en antik,En antik skulptur står i museet.,An antique sculpture stands in the museum.
innovativ,Den innovativa idén förändrade allt.,The innovative idea changed everything.
att utnämna,Vi ska utnämna en ny chef nästa vecka.,We will appoint a new manager next week.
islamistisk,Islamistisk tro är viktig för många människor.,Islamic faith is important for many people.
att pricka,Du måste pricka rätt svar på provet för att få godkänt.,You need to hit the right answer on the test to pass.
en tunnel,Vi åker genom en tunnel med tåget.,We are traveling through a tunnel with the train.
en avreglering,En avreglering kan leda till mer konkurrens.,A deregulation can lead to more competition.
bristfällig,Hans plan var bristfällig och fungerade inte.,His plan was deficient and didn't work.
ensamstående,Hon är en ensamstående mamma som arbetar hårt för sina barn.,She is a single mother who works hard for her children.
inomhus,Vi stannar inomhus när det regnar.,We stay indoors when it rains.
kapabel,Hon är kapabel att lösa svåra problem.,She is capable of solving difficult problems.
autonom,Robotar kan vara autonoma.,Robots can be autonomous.
mekanisk,Mekanisk teknik är viktigt i dagens samhälle.,Mechanical technology is important in today's society.
övertygande,Hans argument var mycket övertygande.,His argument was very convincing.
kvarvarande,Det finns kvarvarande frågor som vi måste besvara.,There are remaining questions that we need to answer.
vägnar,Jag pratar för vägnar av mina vänner.,I speak on behalf of my friends.
att befara,Jag befara att jag kommer att missa bussen.,I fear that I will miss the bus.
att beundra,Jag beundrar din konst.,I admire your art.
ett förfall,Ett förfall kan ibland leda till nya möjligheter.,A decay can sometimes lead to new opportunities.
ett toppmöte,Det kommer att hållas ett toppmöte nästa vecka.,There will be a summit meeting next week.
ett trakasseri,Ett trakasseri är aldrig okej.,Harassment is never okay.
en kupp,En kupp kan förändra ett lands framtid.,A coup can change a country's future.
att bistå,Jag är här för att bistå dig i svåra tider.,I am here to support you in difficult times.
att sno,Han måste sno sig genom trafiken för att komma i tid.,He has to hurry himself through the traffic to arrive on time.
genuin,Han har en genuin passion för musik.,He has a genuine passion for music.
ett nuläge,Vi måste förstå ett nuläge innan vi kan göra förändringar.,We need to understand the current situation before we can make changes.
en ros,Jag gav henne en ros.,I gave her a rose.
en tittare,En tittare kan alltid ge feedback.,A viewer can always give feedback.
trasig,Min gamla cykel är trasig.,My old bike is broken.
en check,Jag fick en check från min vän.,I received a cheque from my friend.
irrelevant,Det är irrelevant att oroa sig för småsaker.,It is irrelevant to worry about small things.
moraliskt,Moraliskt val är viktigt för samhället.,Moral choices are important for society.
överlag,Överlag är vädret bra i Sverige.,"Overall, the weather is good in Sweden."
ett förstånd,Ett förstånd hjälper oss att fatta kloka beslut.,A mind helps us make wise decisions.
en blockad,En blockad kan stoppa all handel.,A blockade can stop all trade.
en nutid,En nutid är fylld med möjligheter.,The present time is filled with opportunities.
en omställning,En omställning kan vara svår men nödvändig.,A changeover can be difficult but necessary.
en rumpa,Jag har ont i min rumpa efter att ha cyklat.,I have pain in my backside after cycling.
förebyggande,Förebyggande åtgärder är viktiga för att hålla oss friska.,Preventive measures are important to keep us healthy.
en notis,Jag såg en notis om en konsert i tidningen.,I saw a notice about a concert in the newspaper.
ett mejl,Jag skickar ett mejl till min vän.,I am sending an e-mail to my friend.
en moms,En moms ingår alltid i priset i butiken.,A sales tax is always included in the price in the store.
ett samspel,Ett samspel mellan musiker gör musiken bättre.,An interaction between musicians makes the music better.
ett aktiebolag,Ett aktiebolag kan vara en bra investering.,A stock company can be a good investment.
en jävel,Han var en jävel när han blev arg.,He was a devil when he got angry.
en ledighet,Jag ser fram emot min ledighet nästa vecka.,I am looking forward to my time off next week.
ett prat,Vi hade ett prat om vädret igår.,We had a chat about the weather yesterday.
uppför,Vi går uppför backen varje morgon.,We walk up the hill every morning.
ett riksdagsbeslut,Ett riksdagsbeslut kan påverka hela landet.,A resolution made by the Swedish parliament can affect the whole country.
en balkong,Jag sitter på en balkong och dricker kaffe.,I am sitting on a balcony and drinking coffee.
en glass,Jag vill ha en glass.,I want an ice cream.
en kallelse,Jag fick en kallelse till mötet nästa vecka.,I received a summons to the meeting next week.
att omsätta,Vi behöver omsätta våra idéer i verklighet.,We need to turn our ideas into reality.
destruktiv,Destruktiv kritik kan skada relationer.,Destructive criticism can harm relationships.
en för,En för är viktig för båtens stabilitet.,A bow is important for the boat's stability.
att sy,Jag tycker om att sy kläder.,I like to sew clothes.
virtuell,Jag gillar att spela virtuella spel med mina vänner.,I like to play virtual games with my friends.
en ärkebiskop,En ärkebiskop leder många kyrkor.,An archbishop leads many churches.
att invända,Jag måste invända mot ditt förslag.,I must object to your suggestion.
en restriktion,Det finns en restriktion på hur många personer som kan delta.,There is a restriction on how many people can participate.
snar,Vi måste åka snar för att hinna till mötet.,We need to leave soon to make it to the meeting.
upprörd,Jag blev upprörd när jag hörde nyheten.,I was upset when I heard the news.
en koncern,Företaget är en stor koncern med många anställda.,The company is a large group of companies with many employees.
minimal,Designen är minimal och elegant.,The design is minimal and elegant.
ett konvent,Vi ska gå på ett konvent nästa vecka.,We are going to a convention next week.
fientlig,Katten ser fientlig ut mot hunden.,The cat looks hostile towards the dog.
en förfader,Min förfader kom från Sverige.,My forefather came from Sweden.
att underhålla,Jag gillar att underhålla mina vänner med roliga historier.,I enjoy entertaining my friends with funny stories.
vansinnig,Han blev vansinnig när han förlorade sitt jobb.,He went mad when he lost his job.
en biografi,Jag läser en biografi om en känd författare.,I am reading a biography about a famous author.
en räddning,En räddning kom i sista minuten.,A rescue came at the last minute.
ett rör,Ett rör leder vattnet till trädgården.,A pipe carries the water to the garden.
att fiska,Jag älskar att fiska på sommaren.,I love to fish in the summer.
en försämring,Det finns en försämring i vädret idag.,There is a worsening in the weather today.
ett mode,Ett mode kan förändras snabbt.,A fashion can change quickly.
en programledare,Han är en programledare för det populära tv-programmet.,He is a host for the popular TV show.
ytlig,Hans intresse för konst är ytlig.,His interest in art is superficial.
genomgående,Den nya rapporten visar en genomgående förändring i företaget.,The new report shows a thorough change in the company.
en tron,Kungen sitter på en tron.,The king sits on a throne.
ett efternamn,Jag har ett efternamn som är svårt att uttala.,I have a surname that is hard to pronounce.
en hämnd,Hon sökte en hämnd för vad de gjorde mot henne.,She sought revenge for what they did to her.
en puls,Jag kan känna en puls i min handled.,I can feel a pulse in my wrist.
en tidsperiod,En tidsperiod kan vara mycket intressant att studera.,A time period can be very interesting to study.
en medelålder,Många människor i en medelålder känner sig osäkra på framtiden.,Many people in middle age feel uncertain about the future.
en nyfikenhet,En nyfikenhet kan leda till nya upptäckter.,A curiosity can lead to new discoveries.
en barnomsorg,En bra barnomsorg är viktigt för små barn.,Good childcare is important for young children.
gånger,Två gånger tre är sex.,Two times three is six.
framstående,Sveriges framstående författare har inspirerat många.,Sweden's prominent authors have inspired many.
en innehavare,En innehavare av butiken hjälper alltid sina kunder.,The owner of the store always helps his customers.
funktionshindrad,Mina vänner hjälper mig eftersom jag är funktionshindrad.,My friends help me because I am handicapped.
en isolering,En isolering håller huset varmt på vintern.,Insulation keeps the house warm in the winter.
ett kreditkort,Jag betalade med ett kreditkort.,I paid with a credit card.
otillräcklig,Mina pengar är otillräckliga för att köpa en ny bil.,My money is insufficient to buy a new car.
en arbetsmiljö,En bra arbetsmiljö är viktig för alla anställda.,A good work environment is important for all employees.
ett fusk,Det var ett fusk när han inte gjorde sitt arbete ordentligt.,It was a cheat when he didn't do his work properly.
ett lik,Ett lik låg på stranden och skrämde alla.,A corpse lay on the beach and scared everyone.
en nationalitet,Min vän har en nationalitet som är svensk.,My friend has a nationality that is Swedish.
ett smör,Jag vill ha ett smör på mitt bröd.,I want a butter on my bread.
att tillträda,Hon beslutade att tillträda det nya jobbet i januari.,She decided to accede to the new job in January.
en bänk,Jag sitter på en bänk i parken.,I am sitting on a bench in the park.
en korthet,En korthet är viktig när du skriver.,Brevity is important when you write.
ett kungarike,Det finns ett kungarike med många drakar.,There is a kingdom with many dragons.
en målvakt,En målvakt räddar bollen från att gå in i målet.,A goalkeeper saves the ball from going into the goal.
en svans,Katten svingade sin svans när den blev glad.,The cat waved its tail when it got happy.
att utvisa,Vi måste utvisa personen som inte har rätt att stanna.,We must deport the person who does not have the right to stay.
lite grann,Jag förstår lite grann svenska.,I understand a little Swedish.
en efterträdare,Hon blev en efterträdare efter sin far.,She became a successor after her father.
en led,En led i skogen leder oss till sjön.,A path in the forest leads us to the lake.
närstående,Mina närstående betyder allt för mig.,My close friends and family mean everything to me.
parallell,Parallell betyder att två linjer aldrig möts.,Parallel means that two lines never meet.
plötslig,Det kom en plötslig storm igår.,A sudden storm came yesterday.
en rök,"Kan jag få en rök, tack?","Can I have a smoke, please?"
att skälla,Hunden började skälla när någon kom till dörren.,The dog started to bark when someone came to the door.
en valp,En valp sover på mattan.,A puppy is sleeping on the rug.
en fruktan,Hon kände en fruktan när hon gick ensam i skogen.,She felt a strong fear when she walked alone in the forest.
en rekrytering,En rekrytering kan ta tid.,A recruitment can take time.
en förövare,En förövare kan dömas till fängelse.,A perpetrator can be sentenced to prison.
en popularitet,Musik har en stor popularitet bland unga.,Music has a great popularity among young people.
att symbolisera,Rosen att symbolisera kärlek.,The rose symbolizes love.
en kollaps,Byggnaden fick en kollaps efter stormen.,The building had a collapse after the storm.
en kändis,Hon träffade en kändis på caféet.,She met a celebrity at the café.
ett ont,Jag har ett ont i ryggen.,I have a pain in my back.
en termin,Vi har en termin kvar innan sommarlovet.,We have one term left before the summer break.
tills vidare,Vi stannar hemma tills vidare.,We are staying home until further notice.
ett dilemma,Jag står inför ett dilemma.,I am facing a dilemma.
smärtsam,Det är smärtsamt att förlora en vän.,It is painful to lose a friend.
holländsk,Jag älskar holländsk ost.,I love Dutch cheese.
att klämma,Jag råkade klämma min tå när jag gick in i rummet.,I accidentally pinched my toe when I walked into the room.
en ateist,En ateist tror inte på Gud.,An atheist does not believe in God.
en fotnot,Jag skrev en fotnot i min uppsats.,I wrote a footnote in my essay.
att samverka,Att samverka med andra gör arbetet roligare.,Collaborating with others makes the work more enjoyable.
antik,Den antika stolen är mycket vacker.,The antique chair is very beautiful.
krånglig,Det är krånglig att förstå alla regler i spelet.,It is tricky to understand all the rules in the game.
en förpackning,Jag köpte en förpackning med kakor.,I bought a package of cookies.
att överskrida,Han fick böter för att han överskred hastighetsgränsen.,He was fined for exceeding the speed limit.
att aktivera,Jag behöver att aktivera mitt konto.,I need to activate my account.
en flytt,Vi ska ha en flytt nästa vecka.,We are having a move next week.
vida,Det gick vida sämre än vi trodde under resan.,It went far worse than we thought during the trip.
en älg,Jag såg en älg i skogen.,I saw an elk in the forest.
en förstörelse,En förstörelse av skogen gjorde många ledsna.,The destruction of the forest made many sad.
elegant,Hennes klänning var mycket elegant.,Her dress was very elegant.
en avgång,En avgång från stationen är alltid i tid.,A departure from the station is always on time.
att montera,Jag ska montera hyllorna i rummet.,I will assemble the shelves in the room.
en polisman,En polisman hjälper människor.,A policeman helps people.
preliminär,Den preliminära planen behöver godkännas först.,The preliminary plan needs to be approved first.
primitiv,Kultur kan vara både avancerad och primitiv.,Culture can be both advanced and primitive.
en avrättning,En avrättning är alltid en tragisk händelse.,An execution is always a tragic event.
nedåt,Himlen är blå och molnen rör sig nedåt.,The sky is blue and the clouds are moving downwards.
real,Det finns många reala problem i världen.,There are many real problems in the world.
överväldigande,Känslan av kärlek kan vara överväldigande.,The feeling of love can be overwhelming.
ett gym,Jag går till ett gym varje vecka.,I go to a gym every week.
en federation,Sverige är en federation av olika regioner.,Sweden is a federation of different regions.
en mötesplats,Vi träffas alltid på en mötesplats nära parken.,We always meet at a meeting place near the park.
en öster,En öster är riktningen där solen går upp.,An east is the direction where the sun rises.
ett beslutsfattande,Ett beslutsfattande kan vara svårt ibland.,A decision-making can be difficult sometimes.
en psykiatri,En psykiatri hjälper människor att må bättre.,A psychiatry helps people feel better.
en handläggning,En handläggning av ärendet tar tid.,Processing the case takes time.
att utbryta,Ett oväder kan snabbt utbryta på sommaren.,A storm can quickly break out in the summer.
en fientlighet,Det finns en fientlighet mellan de två grupperna.,There is a hostility between the two groups.
en inredning,En inredning kan göra ett rum mer hemtrevligt.,An interior design can make a room more cozy.
ett troll,Ett troll bor i skogen.,A troll lives in the forest.
identisk,De två kläderna är identiska.,The two clothes are identical.
ett riksförbund,Ett riksförbund samlar lärare från hela landet.,A national association brings together teachers from all over the country.
en sal,Vi ska ha ett möte i en sal.,We are going to have a meeting in a large room.
förtjust,Jag är förtjust i choklad.,I am fond of chocolate.
en generalsekreterare,En generalsekreterare leder organisationens arbete.,A Secretary General leads the organization's work.
att genomsyra,Musik kan genomsyra våra liv och göra dem mer färgglada.,Music can pervade our lives and make them more colorful.
en öppning,Det finns en öppning i väggen.,There is an opening in the wall.
obefintlig,Hans intresse för ämnet var obefintligt.,His interest in the subject was non-existent.
tillförlitlig,Min vän är alltid tillförlitlig när jag behöver hjälp.,My friend is always reliable when I need help.
en näringsminister,En näringsminister måste fatta viktiga beslut för landet.,A minister for enterprise and energy must make important decisions for the country.
ett protein,Ett protein hjälper musklerna att växa.,A protein helps the muscles grow.
en applåd,Efter föreställningen fick skådespelarna en applåd.,"After the performance, the actors received an applause."
en ersättare,Jag behöver en ersättare för min kollega.,I need a substitute for my colleague.
onödigt,Det är onödigt att oroa sig för småsaker.,It's unnecessary to worry about small things.
att tjänstgöra,Jag ska tjänstgöra som volontär på lördagen.,I will serve as a volunteer on Saturday.
att fastslå,Vi måste fastslå reglerna innan spelet börjar.,We need to establish the rules before the game starts.
slut,Filmen är slut nu.,The movie is over now.
solig,Det är en solig dag idag.,It is a sunny day today.
en gåta,En gåta är svårt att lösa.,A mystery is hard to solve.
en härlighet,En härlighet är att se solen gå ner.,A glory is watching the sun set.
att återuppta,Vi ska återuppta mötet efter lunchen.,We will resume the meeting after lunch.
att fördriva,Vi fördriver tiden med att spela spel.,We waste time by playing games.
en hertig,En hertig bor i ett stort slott.,A duke lives in a big castle.
en påsk,En påsk är en tid för familjen.,Easter is a time for family.
ett komplement,Ett komplement till din kost är viktigt för hälsan.,A complement to your diet is important for health.
ett modersmål,Svenska är mitt modersmål.,Swedish is my mother tongue.
ett beröm,Hon fick ett beröm för sitt hårda arbete.,She received a commendation for her hard work.
ett frö,Ett frö kan växa till en stor planta.,A seed can grow into a large plant.
en installation,En installation av solpaneler kan spara mycket energi.,An installation of solar panels can save a lot of energy.
att släcka,Kom ihåg att släcka ljuset innan du går hem.,Remember to turn off the light before you go home.
ett odds,Ett odds är emot oss i den här matchen.,The odds are against us in this match.
ett årsmöte,Vi ska ha ett årsmöte nästa vecka.,We will have an annual meeting next week.
arm,Mina armar känns arm efter allt arbete.,My arms feel poor after all the work.
en kommunstyrelse,En kommunstyrelse bestämmer om stadens budget.,A municipal executive board decides on the city's budget.
mångkulturell,Sverige är ett mångkulturellt land.,Sweden is a multicultural country.
varaktig,Den varaktiga möbeln klarar alla väder.,The durable furniture withstands all weather.
ett horn,Jag hörde ett horn från bilen.,I heard a horn from the car.
en sedel,Jag hittade en sedel på gatan.,I found a banknote on the street.
en valsedel,Jag skrev min röst på en valsedel.,I wrote my vote on a ballot paper.
en merit,En merit kan hjälpa dig att få ett jobb.,A qualification can help you get a job.
ett skinn,Jag köpte ett skinn till min nya jacka.,I bought a leather for my new jacket.
ett badrum,Jag behöver ett badrum för att tvätta mig.,I need a bathroom to wash myself.
att inbegripa,Mötet kommer att inbegripa alla viktiga punkter.,The meeting will include all the important points.
ett sovrum,Jag har ett sovrum med en stor säng.,I have a bedroom with a big bed.
att uppehålla,Jag måste uppehålla mig här en stund.,I need to stay here for a while.
opassande,Det var opassande att skratta under mötet.,It was inappropriate to laugh during the meeting.
en hårddisk,Jag behöver en hårddisk för att spara mina filer.,I need a hard drive to save my files.
en insamling,Vi har en insamling för att hjälpa de hemlösa.,We have a collection to help the homeless.
oändligt,Kärleken är oändligt viktig i våra liv.,Love is infinitely important in our lives.
en påminnelse,Jag behöver en påminnelse om vårt möte.,I need a reminder about our meeting.
marin,Marin biologi är viktigt för att skydda havet.,Marine biology is important for protecting the ocean.
en opera,Vi ska gå och se en opera i helgen.,We are going to see an opera this weekend.
en aktieägare,En aktieägare får rösta på årsstämman.,A shareholder gets to vote at the annual meeting.
en panel,Vi satte upp en panel på väggen.,We put up a panel on the wall.
på något vis,Jag kan på något vis förstå hur du känner.,I can somehow understand how you feel.
inflytelserik,Hon har alltid varit en inflytelserik ledare.,She has always been an influential leader.
en polismyndighet,En polismyndighet hjälper oss att känna oss säkra.,A police authority helps us feel safe.
en vetenskapsman,En vetenskapsman studerar stjärnor.,A scientist studies stars.
begåvad,Hon är en begåvad musiker.,She is a talented musician.
en miljöfråga,En miljöfråga är viktig för framtiden.,An environmental issue is important for the future.
att gå miste om,Jag vill inte gå miste om chansen att se konserten.,I don't want to miss the chance to see the concert.
att nicka,Barnen nickade när de hörde musiken.,The children nodded when they heard the music.
övervägande,Övervägande av eleverna gillar matematik.,Most of the students like math.
en förtjänst,En förtjänst är viktigt för att bygga ett framgångsrikt företag.,A profit is important for building a successful business.
att inge,Läraren försökte inge eleverna självförtroende.,The teacher tried to instill confidence in the students.
stolt,Jag är stolt över min familj.,I am proud of my family.
en undergång,En undergång av samhället är alltid sorglig.,The downfall of society is always sad.
ambitiös,Hon är en ambitiös student.,She is an ambitious student.
hebreisk,Hebreisk är ett gammalt språk.,Hebrew is an ancient language.
en växelkurs,Växelkursen mellan dollar och kronor ändras ofta.,The exchange rate between the dollar and the crown changes often.
en möda,Städning är alltid en möda för mig.,Cleaning is always a chore for me.
anklagad,Han blev anklagad för brottet.,He was accused of the crime.
ett klassrum,Det finns många böcker i ett klassrum.,There are many books in a classroom.
kontinuerlig,Vi behöver en kontinuerlig plan för projektet.,We need a continuous plan for the project.
si och så,Det gick si och så med mitt prov.,It went not so good with my exam.
en entusiasm,En entusiasm för musik gör livet roligare.,An enthusiasm for music makes life more enjoyable.
en respons,Jag väntar på en respons från dig.,I am waiting for a response from you.
ett monster,Det finns ett monster under sängen.,There is a monster under the bed.
ett rån,Det var ett rån på banken igår.,There was a robbery at the bank yesterday.
en självkänsla,En självkänsla är viktig för att må bra.,Self-esteem is important for feeling good.
en sammanhållning,En sammanhållning i gruppen är viktig för att nå våra mål.,Cohesion in the group is important to achieve our goals.
att sammanfalla,Möten kan ibland sammanfalla med andra aktiviteter.,Meetings can sometimes coincide with other activities.
bara,"Bara du kommer i tid, så blir allt bra.","As long as you arrive on time, everything will be fine."
intensivt,Jag studerar intensivt inför provet.,I study intensively for the exam.
optimal,Det är viktigt att hitta den optimala lösningen.,It is important to find the optimal solution.
suverän,Det var en suverän film som vi såg igår.,It was a superb movie that we watched yesterday.
upp och ner,Boken låg upp och ner på bordet.,The book was upside-down on the table.
ett apotek,Jag behöver gå till ett apotek.,I need to go to a pharmacy.
att hälla,Jag ska hälla mjölk i kaffet.,I will pour milk into the coffee.
att käka,Ska vi käka pizza ikväll?,Shall we eat pizza tonight?
ett fäste,Vi behöver ett fäste för att bygga vår koja.,We need an attachment to build our fort.
hastigt,Hon sprang hastigt till bussen.,She ran hurriedly to the bus.
livslång,Hon drömmer om en livslång vänskap.,She dreams of a lifelong friendship.
att svälta,Jag vill inte svälta mig själv.,I don’t want to starve myself.
att välta,Jag såg hunden välta över en kulle.,I saw the dog tip over a hill.
en arbetsgivaravgift,En arbetsgivaravgift är en del av kostnaden för att anställa någon.,An employment tax is part of the cost of hiring someone.
en demon,En demon kan skrämma många människor.,A demon can scare many people.
en fastighetsskatt,En fastighetsskatt kan vara hög i stora städer.,A property tax can be high in large cities.
en korridor,Vi gick längs en korridor i skolan.,We walked down a corridor in the school.
en stridsvagn,En stridsvagn rullar fram på slagfältet.,A tank rolls forward on the battlefield.
att ta tillvara på,Vi bör ta tillvara på alla möjligheter vi får.,We should make the best use of all the opportunities we get.
ett vittnesmål,Ett vittnesmål kan förändra allt i en rättegång.,A testimony can change everything in a trial.
ansvarsfull,Att vara ansvarsfull är viktigt på jobbet.,Being responsible is important at work.
ett bagage,Jag har ett bagage som är tungt.,I have a baggage that is heavy.
evigt,Kärleken är evigt stark.,Love is eternally strong.
ett koldioxidutsläpp,Ett koldioxidutsläpp påverkar klimatet.,A carbon dioxide emission affects the climate.
att fängsla,Boken fängslade mig med sin spännande historia.,The book captivated me with its exciting story.
en utflykt,Vi ska ha en utflykt till sjön i helgen.,We are going on an excursion to the lake this weekend.
att gratulera,Jag vill gratulera dig till din examen!,I want to congratulate you on your graduation!
en studerande,En studerande läser en bok varje dag.,A student reads a book every day.
ett upprop,Vi gjorde ett upprop för att hjälpa de hemlösa.,We made an appeal to help the homeless.
en utgåva,Jag läser en utgåva av min favoritbok.,I am reading an edition of my favorite book.
att vädja,Han började vädja om hjälp när han såg att ingen lyssnade.,He started to plead for help when he saw that no one was listening.
finländsk,Jag träffade en finländsk vän igår.,I met a Finnish friend yesterday.
en morfar,Min morfar berättar alltid roliga historier.,My grandfather always tells funny stories.
en norrman,En norrman gillar att åka skidor.,A Norwegian likes to ski.
skandinavisk,Skandinavisk design är väldigt populär.,Scandinavian design is very popular.
en tumme,Jag visade honom en tumme av min hand.,I showed him a thumb from my hand.
ett utslag,Jag har fått ett utslag på armen.,I have gotten a rash on my arm.
en familjemedlem,Hon träffade en familjemedlem på festen.,She met a family member at the party.
att lasta,Vi måste lasta bilen innan vi åker.,We need to load the car before we leave.
en ledarsida,Jag läste en intressant artikel på en ledarsida idag.,I read an interesting article on an editorial page today.
ett skräp,Ett skräp ligger på gatan.,A piece of junk is lying on the street.
att smitta,Han kan smitta andra med sin förkylning.,He can infect others with his cold.
att påtala,Det är viktigt att påtala problem när de uppstår.,It is important to complain about problems when they arise.
stort,Det är stort att hjälpa andra.,It is largely important to help others.
en levnadsstandard,En levnadsstandard påverkar vår livskvalitet.,A standard of living affects our quality of life.
ett palats,Det finns ett palats i staden.,There is a palace in the city.
en tyska,Hon är en tyska som älskar att laga mat.,She is a German woman who loves to cook.
en opinionsundersökning,En opinionsundersökning visar att många gillar kaffe.,An opinion poll shows that many people like coffee.
vetenskapligt,Vi måste undersöka detta vetenskapligt.,We need to investigate this scientifically.
att revidera,Vi behöver revidera dokumenten innan vi skickar dem.,We need to revise the documents before we send them.
lovande,Hon har en lovande framtid.,She has a promising future.
oroligheter,Oroligheter bröt ut i staden efter protesterna.,Unrest broke out in the city after the protests.
en brud,Jag såg en brud dansa på festen.,I saw a girl dancing at the party.
ett tillvägagångssätt,Ett tillvägagångssätt för att lösa problemet är att arbeta tillsammans.,A way to go about solving the problem is to work together.
att klistra,Jag ska klistra bilder i min scrapbook.,I will glue pictures in my scrapbook.
ett trams,Det där är bara ett trams.,That is just ridiculous nonsense.
isär,Han drog sönder pappret i två bitar och spred dem isär.,He tore the paper into two pieces and spread them apart.
kärleksfull,Mina föräldrar är alltid kärleksfulla mot mig.,My parents are always loving towards me.
usch,"Usch, jag gillar inte spindlar.","Yuck, I don't like spiders."
ett avslöjande,Det var ett avslöjande om företagets hemligheter.,It was a disclosure about the company's secrets.
att beskatta,Regeringen beslutade att beskatta de rika mer.,The government decided to tax the rich more.
ett skrivbord,Jag sitter vid ett skrivbord och arbetar.,I am sitting at a desk and working.
utrikespolitisk,Utrikespolitisk diskussion är viktigt för fred.,Foreign policy discussion is important for peace.
att vakta,Jag måste vakta hunden när vi är ute.,I have to watch over the dog when we are outside.
en arbetskamrat,Min arbetskamrat hjälper mig alltid.,My workmate always helps me.
idiotisk,Det var en idiotisk idé att gå ut i regnet.,It was an idiotic idea to go out in the rain.
spontant,Vi kan åka på en resa spontant.,We can go on a trip spontaneously.
en tillställning,Vi ska gå på en tillställning i helgen.,We are going to a gathering this weekend.
tvärs,Vi gick tvärs över gatan.,We walked across the street.
ett budgetår,Vi planerar för ett budgetår som börjar i januari.,We are planning for a budget year that starts in January.
att förtrycka,Det är fel att förtrycka andra människor.,It is wrong to oppress other people.
passande,Det är alltid passande att säga tack efter en middag.,It is always appropriate to say thank you after a dinner.
en atom,En atom är en mycket liten del av allt.,An atom is a very small part of everything.
att avta,Regnet börjar avta nu.,The rain is starting to lessen now.
ett chips,Jag äter ett chips medan jag tittar på filmen.,I eat a chip while watching the movie.
en markering,Jag gjorde en markering i boken för att komma ihåg sidan.,I made a mark in the book to remember the page.
tillåten,Det är tillåten att leka i parken.,It is allowed to play in the park.
en öken,Det finns en öken i Afrika.,There is a desert in Africa.
sammanhängande,Hans idéer var sammanhängande och lätta att förstå.,His ideas were cohesive and easy to understand.
en fläck,Det finns en fläck på min tröja.,There is a stain on my shirt.
retorisk,Retorisk fråga kan få oss att tänka efter.,A rhetorical question can make us think twice.
en borgmästare,En borgmästare leder staden med klokskap.,A mayor leads the city with wisdom.
en förlorare,Han känner sig som en förlorare efter förlusten.,He feels like a loser after the loss.
en melodi,Hon sjunger en melodi varje morgon.,She sings a melody every morning.
en senat,En senat beslutar om lagar.,A senate decides on laws.
skarpt,Solen sken skarpt på himlen.,The sun shone sharply in the sky.
en sjöman,En sjöman älskar havet.,A sailor loves the sea.
att bläddra,Jag gillar att bläddra i böcker på kaféet.,I like to browse through books at the café.
en bärare,En bärare av goda nyheter är alltid välkommen.,A bearer of good news is always welcome.
en gissning,Jag har en gissning om vad svaret är.,I have a guess about what the answer is.
i onödan,Du oroade dig i onödan för provet.,You worried unnecessarily about the exam.
ett stryk,Jag fick ett stryk i fotbollsmatchen.,I got a beating in the football match.
en strålning,En strålning kan vara farlig för hälsan.,A radiation can be harmful to health.
en terräng,Vi ska vandra i en terräng med många backar.,We will hike in a terrain with many hills.
att väva,Mormor älskar att väva fina mattor.,Grandma loves to weave beautiful rugs.
skönt,Det är skönt att sitta i soffan med en varm kopp te.,It is cozy to sit on the couch with a warm cup of tea.
att spricka,Glaset kan spricka om du tappar det.,The glass can crack if you drop it.
en äldreomsorg,En äldreomsorg är viktig för våra kära.,Elderly care is important for our loved ones.
att övertala,Hon försökte övertala mig att gå på festen.,She tried to persuade me to go to the party.
känslomässig,Känslomässig musik kan påverka våra känslor.,Emotional music can affect our feelings.
en feber,Jag har en feber och känner mig trött.,I have a fever and feel tired.
att härja,Stormen härjade i staden hela natten.,The storm ravaged the city all night.
en spelregel,En spelregel är viktig för att spela rättvist.,A rule of the game is important to play fairly.
bekymrad,Jag är bekymrad över provresultaten.,I am worried about the exam results.
att annonsera,Vi behöver att annonsera vårt evenemang i tidningen.,We need to advertise our event in the newspaper.
en belastning,Att bära en belastning kan vara svårt.,Carrying a load can be difficult.
en flock,En flock fåglar flög över sjön.,A flock of birds flew over the lake.
en inspektion,En inspektion av skolan ägde rum i går.,An inspection of the school took place yesterday.
en laddning,Jag behöver en laddning till min telefon.,I need a charge for my phone.
en sammanslutning,En sammanslutning av volontärer hjälper till i vår stad.,An association of volunteers helps out in our city.
ett svek,Ett svek kan skada en vänskap för alltid.,A betrayal can hurt a friendship forever.
en aska,Askan låg kvar efter elden.,The ashes remained after the fire.
att bekymra,Jag bekymrar mig för min väns hälsa.,I worry about my friend's health.
en finanspolitik,En finanspolitik kan påverka ekonomin mycket.,A financial policy can greatly influence the economy.
godtycklig,Reglerna känns godtyckliga ibland.,The rules feel arbitrary at times.
en bluff,En bluff kan ibland vara svår att upptäcka.,A bluff can sometimes be hard to detect.
att distribuera,Vi behöver att distribuera broschyrerna till alla hushåll.,We need to distribute the brochures to all households.
from,Hon är en from kvinna som alltid hjälper andra.,She is a pious woman who always helps others.
ett förlopp,Ett förlopp kan ta tid att förstå.,A process can take time to understand.
en nedläggning,Företaget meddelade en nedläggning av sin butik.,The company announced a closing down of its store.
att bestrida,Jag vill bestrida den informationen.,I want to contest that information.
en huvudman,En huvudman ansvarar för projektets framgång.,A principal is responsible for the project's success.
ikapp,Jag sprang ikapp med min vän i parken.,I raced to catch up with my friend in the park.
en empati,En empati är viktig för att förstå andra.,Empathy is important to understand others.
sammansatt,Matematik kan vara sammansatt och svårt att förstå.,Mathematics can be complex and hard to understand.
en avlyssning,Polisen använde en avlyssning för att följa brottslingarna.,The police used a wiretap to track the criminals.
dessförinnan,"Jag åt frukost, dessförinnan drack jag kaffe.","I had breakfast; beforehand, I drank coffee."
en golf,En golf är vacker vid solnedgången.,A gulf is beautiful at sunset.
rasande,Han blev rasande när han såg filmen.,He was absolutely furious when he saw the movie.
reaktionär,Reaktionärer vill ofta bevara det gamla.,Reactionaries often want to preserve the old.
att vifta,Barnet viftar med sina armar när det är glad.,The child waves its arms when it is happy.
ett överklagande,Jag skickade in ett överklagande till domstolen.,I submitted an appeal to the court.
anor,Mina anor kommer från Sverige.,My ancestors come from Sweden.
en dominans,Det finns en dominans av fotboll i Sverige.,There is a dominance of football in Sweden.
en lax,Jag såg en lax simma i ån.,I saw a salmon swimming in the river.
en organisering,En organisering av evenemanget är viktig för att allt ska gå bra.,An organizing of the event is important for everything to go well.
ett gift,Ett gift kan vara farligt för hälsan.,A poison can be dangerous to health.
prostituerad,Hon såg en prostituerad på gatan.,She saw a prostitute on the street.
att återupprätta,Vi behöver att återupprätta förtroendet mellan oss.,We need to re-establish trust between us.
att hacka,Jag ska hacka grönsakerna till salladen.,I will chop the vegetables for the salad.
medial,Medial information är viktig för att förstå berättelsen.,Medial information is important to understand the story.
en entré,Vi står vid en entré och väntar på våra vänner.,We are standing at an entrance and waiting for our friends.
en farbror,Min farbror har en stor trädgård.,My uncle has a big garden.
livlig,Barnen är livliga när de leker i parken.,The children are lively when they play in the park.
en packning,Jag packar min packning för resan.,I am packing my luggage for the trip.
en essä,Jag skriver en essä om naturen.,I am writing an essay about nature.
en magi,Magi finns överallt i filmer och böcker.,Magic is everywhere in movies and books.
självständigt,Jag kan arbeta självständigt.,I can work independently.
en trötthet,Jag känner en trötthet efter en lång dag.,I feel a tiredness after a long day.
konsekvent,Han är konsekvent i sina åsikter.,He is consistent in his opinions.
en rådgivning,Jag behöver en rådgivning om mina studier.,I need a consultation about my studies.
att smälla,Han smällde dörren hårt när han gick ut.,He slammed the door hard when he left.
journalistisk,Journalistisk forskning är viktig för samhällsinformation.,Journalistic research is important for public information.
en officerare,En officerare leder soldaterna.,An officer leads the soldiers.
en tjuv,En tjuv stjäl alltid i mörkret.,A thief always steals in the dark.
en vidd,En vidd av floden gör den vacker.,A width of the river makes it beautiful.
en belysning,En belysning kan förändra stämningen i ett rum.,A light can change the mood in a room.
att hänföra,Hon hänförde alla med sin sång.,She captivated everyone with her singing.
en nationalstat,Sverige är en nationalstat i Norden.,Sweden is a nation state in the Nordics.
en nedladdning,Jag väntar på en nedladdning av spelet.,I am waiting for a download of the game.
en växthuseffekt,En växthuseffekt gör jorden varmare.,A greenhouse effect makes the Earth warmer.
en grotta,Vi utforskade en grotta i bergen.,We explored a cave in the mountains.
matematisk,Matematisk kunskap är viktig för ingenjörer.,Mathematical knowledge is important for engineers.
ovanpå,Boken ligger ovanpå bordet.,The book is on top of the table.
en pärla,En pärla ligger på botten av havet.,A pearl lies at the bottom of the sea.
en värk,Jag har en värk i min rygg.,I have an ache in my back.
en halvlek,Vi tar en paus under en halvlek.,We take a break during a half-time.
påtagligt,Det är påtagligt hur mycket vädret har förändrats.,It is evident how much the weather has changed.
benägen,Jag är benägen att hjälpa dig med läxorna.,I am inclined to help you with your homework.
att recensera,Jag ska recensera den nya boken i tidningen.,I will review the new book in the newspaper.
att diskriminera,Det är fel att diskriminera människor.,It is wrong to discriminate against people.
en pilot,Jag vill bli en pilot när jag blir stor.,I want to be a pilot when I grow up.
en eftertanke,Jag tänkte på en eftertanke när jag såg filmen.,I had an afterthought when I watched the movie.
fiktiv,Fiktiva karaktärer finns i många böcker.,Fictitious characters exist in many books.
närliggande,Den närliggande parken är perfekt för picknick.,The nearby park is perfect for a picnic.
pålitlig,Min vän är mycket pålitlig.,My friend is very trustworthy.
en korv,Jag äter en korv till lunch.,I am eating a sausage for lunch.
att reformera,Vi behöver reformera vårt skolsystem.,We need to reform our school system.
en pop,Jag lyssnar på en pop varje dag.,I listen to a pop song every day.
att fördubbla,Jag vill fördubbla min träning för att bli starkare.,I want to double my training to become stronger.
militant,Den militanta gruppen gjorde en stor påverkan på samhället.,The militant group had a significant impact on society.
sammantaget,Sammantaget var det en bra dag.,"In conclusion, it was a good day."
en tillkomst,Konsten har en tillkomst som är full av känslor.,Art has a genesis that is full of emotions.
en incident,Det hände en incident på skolan igår.,An incident happened at the school yesterday.
intill,Jag sitter intill min vän.,I am sitting next to my friend.
en underrättelse,Jag fick en underrättelse från polisen.,I received an intelligence report from the police.
att redigera,Jag behöver redigera min uppsats innan inlämningen.,I need to edit my essay before the submission.
stadigt,Hon gick stadigt framåt.,She walked steadily forward.
att baka,Jag älskar att baka kakor på helgerna.,I love to bake cookies on the weekends.
gud,"Gud, vad gott det smakar!","God, how good it tastes!"
herregud,"Herregud, vad varmt det är idag!","Oh my god, how hot it is today!"
en observatör,En observatör ser allt som händer.,An observer sees everything that happens.
ett facit,Jag behöver ett facit för att kontrollera mina svar.,I need an answer key to check my answers.
en gruva,Vi besökte en gruva i fjällen.,We visited a mine in the mountains.
obekväm,Det var obekväm att sitta på den hårda stolen.,It was uncomfortable to sit on the hard chair.
fossil,Ett fossil kan berätta mycket om vår jordens historia.,A fossil can tell us a lot about the Earth's history.
en verkning,En verkning av träning är bättre hälsa.,An effect of exercise is better health.
att kompromissa,Vi måste kompromissa för att lösa problemet.,We need to compromise to solve the problem.
en konspirationsteori,En konspirationsteori kan vara svår att tro på.,A conspiracy theory can be hard to believe.
en nacke,Jag har ont i nacken efter att ha suttit länge vid datorn.,I have a pain in my neck after sitting long at the computer.
att svälja,Det är svårt att svälja en stor bit mat.,It is hard to swallow a big piece of food.
att tillstyrka,Jag vill tillstyrka förslaget om att förbättra parken.,I want to recommend the proposal to improve the park.
en rättfärdighet,En rättfärdighet är viktig för ett fredligt samhälle.,A righteousness is important for a peaceful society.
en adressat,Jag skrev ett brev till adressaten.,I wrote a letter to the addressee.
ett frågetecken,Det finns alltid ett frågetecken när vi lär oss nya saker.,There is always a question mark when we learn new things.
en image,Företaget arbetar hårt för att förbättra sin image.,The company works hard to improve its image.
en njutning,Att läsa en bok är en njutning.,Reading a book is an enjoyment.
utmärkt,Maten var utmärkt på restaurangen.,The food was excellent at the restaurant.
isländsk,Isländsk kultur är fascinerande.,Icelandic culture is fascinating.
att skörda,Vi skördar alltid tomaterna i september.,We always harvest the tomatoes in September.
att såga,Han måste såga brädan för att den ska passa.,He needs to saw the board so that it will fit.
en sökmotor,En sökmotor hjälper mig att hitta information.,A search engine helps me find information.
drastiskt,Priserna har ökat drastiskt på sistone.,Prices have risen drastically lately.
dyrbar,Den här ringen är dyrbar för mig.,This ring is precious to me.
att haka fast på,Jag behöver att haka fast på den här kroken.,I need to hook on to this hook.
att knacka,Kan du knacka på dörren?,Can you knock on the door?
en offentlighet,En offentlighet är viktig för demokratin.,Transparency is important for democracy.
en sekretess,En sekretess är viktig för att skydda dina hemligheter online.,A privacy is important to protect your secrets online.
att utkomma,Boken kommer att utkomma nästa vecka.,The book will be published next week.
en indelning,En indelning av boken gör det lättare att förstå.,A classification of the book makes it easier to understand.
utomordentligt,Det var utomordentligt roligt på festen.,It was extraordinarily fun at the party.
olympisk,Olympiska spel är spännande att titta på.,The Olympic Games are exciting to watch.
att skryta,Han gillar att skryta om sina prestationer.,He likes to boast about his achievements.
att ankomma,Vi väntar på att ankomma till stationen.,We are waiting to arrive at the station.
ett index,Ett index visar hur aktierna rör sig.,An index shows how the stocks are moving.
ett umgänge,Jag trivs alltid i ett umgänge med mina vänner.,I always enjoy being in a company with my friends.
välsignad,Vi är välsignade att ha varandra.,We are blessed to have each other.
att avsky,Jag avskyr att äta spenat.,I loathe eating spinach.
att förmoda,Jag förmodar att det kommer att regna imorgon.,I suppose it will rain tomorrow.
en lyx,En lyx är att kunna resa varje år.,A luxury is being able to travel every year.
ett skåp,Ett skåp står i hörnet av rummet.,A cupboard is in the corner of the room.
en svamp,Vi plockade en svamp i skogen.,We picked a mushroom in the forest.
ett uppehåll,Vi tog ett uppehåll för att njuta av utsikten.,We took a break to enjoy the view.
inbördes,Inbördes relationer är viktiga för familjer.,Mutual relationships are important for families.
en indikation,En indikation på vädret är molnen på himlen.,An indication of the weather is the clouds in the sky.
jämlik,Vi vill alla ha jämlik behandling.,We all want equal treatment.
en staty,Det finns en staty i parken.,There is a statue in the park.
ett uppförande,Hans uppförande var mycket bra under mötet.,His behavior was very good during the meeting.
en överensstämmelse,Vi har en överensstämmelse om mötet nästa vecka.,We have an agreement about the meeting next week.
i grund och botten,"Vi är alla, i grund och botten, samma människor.","We are all, fundamentally, the same people."
en puss,Hon gav mig en puss på kinden.,She gave me a peck on the cheek.
en spricka,Det finns en spricka i väggen.,There is a crack in the wall.
en kemikalie,En kemikalie kan vara farlig om man inte hanterar den rätt.,A chemical can be dangerous if not handled properly.
konkurrenskraftig,Att vara konkurrenskraftig är viktigt för företaget.,Being competitive is important for the company.
en tankegång,Min tankegång blev klarare när jag pratade med dig.,My train of thought became clearer when I talked to you.
en supporter,En supporter hejar på sitt lag.,A supporter cheers for their team.
symbolisk,Färgerna i flaggan är symboliska för frihet.,The colors in the flag are symbolic of freedom.
ett mervärde,Ett mervärde kan göra en produkt mer attraktiv.,An added value can make a product more attractive.
en midsommar,En midsommar firar vi med blommor och dans.,A midsummer we celebrate with flowers and dance.
en misstro,Det finns en misstro mot polisen i vissa områden.,There is a distrust of the police in some areas.
en fälla,Råttan gick i fällan.,The rat went into the trap.
en blues,Jag lyssnar på en blues varje kväll.,I listen to a blues every evening.
en jury,En jury bedömer bevisen noggrant.,A jury evaluates the evidence carefully.
en kör,Jag sjunger i en kör varje vecka.,I sing in a choir every week.
lyckligtvis,Lyckligtvis regnade det inte på vår picknick.,"Luckily, it didn't rain on our picnic."
jordisk,Jordisk liv är viktigt för vår hälsa.,Earthly life is important for our health.
att pumpa,Jag måste pumpa däcken på min cykel.,I need to pump the tires on my bike.
en harmoni,Musik skapar en harmoni i rummet.,Music creates a harmony in the room.
en trea,Jag bor i en trea nära parken.,I live in a three-room apartment near the park.
en avvägning,En avvägning mellan arbete och fritid är viktig för att må bra.,A balance between work and leisure is important for feeling good.
markant,Hans prestation var markant bättre än förra året.,His performance was significantly better than last year.
att slopa,Vi bestämde oss för att slopa den gamla regeln.,We decided to skip the old rule.
ett stål,Ett stål är starkt och hållbart.,A steel is strong and durable.
en vinning,En vinning i spelet gjorde alla glada.,A win in the game made everyone happy.
främlingsfientlig,Främlingsfientlig attityd skapar konflikter.,Xenophobic attitudes create conflicts.
en mössa,Jag har på mig en mössa idag.,I am wearing a beanie today.
en riksdagsman,En riksdagsman arbetar för folkets bästa.,A Member of Parliament works for the good of the people.
runtom,Det finns många vackra platser runtom i Sverige.,There are many beautiful places all around Sweden.
ett skikt,Det finns ett skikt av färg på väggen.,There is a layer of paint on the wall.
avsevärd,Det var en avsevärd skillnad mellan de två förslagen.,There was a considerable difference between the two proposals.
att avvakta,Vi måste avvakta ett tag innan vi bestämmer oss.,We need to wait a while before we make a decision.
en dimma,En dimma ligger över sjön på morgonen.,A fog lies over the lake in the morning.
en förundersökning,Polisen påbörjar en förundersökning efter brottet.,The police start a preliminary investigation after the crime.
en huvudvärk,Jag har en huvudvärk idag.,I have a headache today.
en ohälsa,En ohälsa kan påverka ditt humör.,An unhealthy condition can affect your mood.
att praktisera,Jag gillar att praktisera svenska varje dag.,I like to practise Swedish every day.
att rusta,Vi måste rusta huset innan vintern.,We need to renovate the house before winter.
en subvention,En subvention kan hjälpa små företag att växa.,A subsidy can help small businesses grow.
att prisa,Vi måste prisa hennes fantastiska arbete.,We must praise her fantastic work.
odemokratisk,Odemokratiska beslut skadar samhället.,Undemocratic decisions harm society.
att trilla,Barnet trillar när det springer på gräset.,The child tumbles when running on the grass.
valfri,Det är valfri att delta i mötet.,It is optional to attend the meeting.
en mina,En mina kan vara farlig om man inte ser den.,A mine can be dangerous if you don't see it.
en ände,Jag vill se en ände på den här filmen.,I want to see an end to this movie.
en hyresrätt,Jag bor i en hyresrätt i Stockholm.,I live in a rental apartment in Stockholm.
härom,Häromdagen såg jag en fantastisk film.,"The other day, I saw a fantastic movie."
en låga,En låga dansade i mörkret.,A flame danced in the darkness.
vital,Han är alltid så vital och full av energi.,He is always so vigorous and full of energy.
en damm,Det finns en damm i parken där barnen leker.,There is a pond in the park where the children play.
giftig,Den här växten är giftig om man äter den.,This plant is poisonous if you eat it.
en pizza,Jag vill beställa en pizza till middag.,I want to order a pizza for dinner.
en shopping,Jag älskar att gå på en shopping med mina vänner.,I love to go on a shopping trip with my friends.
att färga,Jag vill färga mitt hår blått.,I want to dye my hair blue.
en brygga,Vi gick ut på en brygga för att titta på solnedgången.,We walked out on a pier to watch the sunset.
en kyckling,En kyckling är söt och gullig.,A chicken is sweet and cute.
ett löv,Ett löv faller från trädet.,A leaf falls from the tree.
en specialist,Hon är en specialist på datorsäkerhet.,She is a specialist in computer security.
att handlägga,Vi måste handlägga alla ansökningar noggrant.,We must process all applications carefully.
ett hyckleri,Det är ett hyckleri att kritisera andra men inte se sina egna fel.,It is a hypocrisy to criticize others but not see your own mistakes.
ett kännetecken,Ett kännetecken för god vänskap är ärlighet.,A characteristic of good friendship is honesty.
en överklass,En överklass lever ofta ett liv i lyx.,An upper class often lives a life of luxury.
drivande,Det drivande isen gjorde det svårt för båtarna att komma in i hamnen.,The drifting ice made it difficult for the boats to enter the harbor.
ett arbetssätt,Ett arbetssätt kan göra jobbet enklare.,A working method can make the job easier.
en hora,Hon kallade henne för en hora.,She called her a whore.
ett nobelpris,Hon drömmer om att vinna ett nobelpris.,She dreams of winning a Nobel Prize.
en enkelhet,En enkelhet i design gör att rummet känns lugnt.,A simplicity in design makes the room feel calm.
en förpliktelse,Det är en förpliktelse att hjälpa våra vänner.,It is an obligation to help our friends.
ett larm,Det var ett larm om brand i byggnaden.,There was an alarm about a fire in the building.
en lättnad,Det var en lättnad när provet var över.,It was a relief when the test was over.
en predikan,Predikan handlar om kärlek och gemenskap.,The sermon is about love and community.
en ammunition,En ammunition är viktig för säkerheten.,Ammunition is important for safety.
ett begär,Jag har ett begär efter choklad.,I have a craving for chocolate.
entydig,Svarena var entydiga och lätta att förstå.,The answers were unambiguous and easy to understand.
att missförstå,Jag tror att jag missförstår dig.,I think I misunderstand you.
en översvämning,Det var en översvämning i staden efter regnet.,There was a flood in the city after the rain.
att matcha,Jag vill matcha mina kläder med skorna.,I want to match my clothes with the shoes.
att korrigera,Jag behöver att korrigera mina misstag.,I need to correct my mistakes.
att försätta,Jag vill försätta boken på hyllan.,I want to put the book on the shelf.
frånvarande,Han var frånvarande på mötet.,He was absent from the meeting.
en inblick,Att läsa böcker ger en inblick i andra världar.,Reading books gives an insight into other worlds.
en ved,Jag behöver en ved för att göra en fin brasa.,I need some firewood to make a nice fire.
en mjukvara,En mjukvara är viktig för datorn.,Software is important for the computer.
en motpart,Jag träffade en motpart i debatten.,I met a counterpart in the debate.
ett riksdagsparti,Ett riksdagsparti måste lyssna på folket.,A parliamentary party must listen to the people.
storskalig,Vi behöver en storskalig plan för att lösa problemet.,We need a large-scale plan to solve the problem.
ett överflöd,Det finns ett överflöd av frukt på marknaden.,There is an abundance of fruit at the market.
en gröda,En gröda växer i fältet.,A crop grows in the field.
en jacka,Jag har köpt en jacka för vintern.,I bought a jacket for the winter.
ett mottagande,Vi fick ett mottagande av våra vänner när vi kom hem.,We received a warm welcome from our friends when we got home.
en spårvagn,En spårvagn kör genom staden.,A tram is driving through the city.
att återhämta,Det är viktigt att återhämta sig efter träning.,It is important to recover after exercise.
att donera,Jag vill donera pengar till välgörenhet.,I want to donate money to charity.
en sjukpenning,Jag får en sjukpenning när jag är sjuk.,I receive a sickness benefit when I am ill.
ett bevarande,Ett bevarande av naturen är viktigt för framtiden.,A preservation of nature is important for the future.
en bokhylla,Jag har en bokhylla full av böcker.,I have a bookshelf full of books.
en insida,Jag öppnade dörren och såg insidan av huset.,I opened the door and saw the inside of the house.
att överraska,Jag vill överraska dig på din födelsedag.,I want to surprise you on your birthday.
blöt,Regnet gjorde marken blöt.,The rain made the ground wet.
att relatera,Jag kan relatera till din känsla.,I can relate to your feeling.
en underrättelsetjänst,En underrättelsetjänst samlar information för att skydda landet.,An intelligence agency gathers information to protect the country.
en dynamik,En dynamik i gruppen gör samarbetet roligare.,A dynamic in the group makes collaboration more fun.
en anmälning,Jag gjorde en anmälning om evenemanget.,I made a report about the event.
en farhåga,En farhåga för många är att misslyckas.,A fear for many is to fail.
ett rovdjur,Ett rovdjur jagar sin föda i skogen.,A predator hunts for its food in the forest.
en tillsynsmyndighet,En tillsynsmyndighet kontrollerar företagets säkerhet.,A supervisory authority checks the company's safety.
att adoptera,Vi vill adoptera ett barn.,We want to adopt a child.
att administrera,Jag måste administrera mina uppgifter varje vecka.,I have to manage my tasks every week.
alltihop,Jag gillar alltihop som vi gjorde igår.,I like everything we did yesterday.
dramatiskt,Det regnade dramatiskt när vi kom hem.,It rained dramatically when we got home.
korkad,Han gjorde en korkad kommentar.,He made a dumb comment.
en marsch,Vi gick på en marsch för att stödja klimatet.,We went on a march to support the climate.
en smäll,Det kom en smäll från köket när grytan föll.,There was a bang from the kitchen when the pot fell.
less,Jag är så less på mitt jobb.,I am so tired of my job.
följande,Följande vecka ska vi åka till fjällen.,Next week we will go to the mountains.
en expedition,Jag gick till expeditionen för att hämta mitt paket.,I went to the office to pick up my package.
heltäckande,Vi behöver en heltäckande plan för projektet.,We need a comprehensive plan for the project.
att konvertera,Jag försöker att konvertera mina idéer till verklighet.,I am trying to convert my ideas into reality.
i behov av,Jag är i behov av hjälp.,I am in need of help.
katastrofal,Det var en katastrofal olycka på vägen.,It was a catastrophic accident on the road.
en näringsidkare,En näringsidkare säljer sina produkter på marknaden.,A business owner sells their products at the market.
en otur,Jag hade en otur när jag missade bussen.,I had bad luck when I missed the bus.
en flygning,Vi ska ta en flygning till Stockholm imorgon.,We are taking a flight to Stockholm tomorrow.
en hierarki,En hierarki finns i varje företag.,A hierarchy exists in every company.
ett magasin,Vi köpte ett magasin för att läsa om resor.,We bought a magazine to read about travel.
en plast,Jag köpte en plastflaska på affären.,I bought a plastic bottle at the store.
stadig,Han har en stadig hand när han målar.,He has a steady hand when he paints.
krävande,"Jobbet är mycket krävande, men jag älskar det.","The job is very demanding, but I love it."
täckt,Huset är täckt med snö.,The house is covered with snow.
att verifiera,Vi behöver att verifiera informationen innan vi går vidare.,We need to verify the information before we proceed.
blek,Hennes ansikte blev blek när hon hörde nyheterna.,Her face went pale when she heard the news.
förbjuden,Att gå in där är förbjuden.,To go in there is forbidden.
förnybar,Förnybar energi är viktig för vår framtid.,Renewable energy is important for our future.
en kyrkogård,Vi går ofta till en kyrkogård för att minnas våra nära och kära.,We often go to a churchyard to remember our loved ones.
en ovilja,Hon visade en ovilja att delta i mötet.,She showed an unwillingness to participate in the meeting.
en anarkist,En anarkist vill förändra samhället.,An anarchist wants to change society.
en kartläggning,Vi gjorde en kartläggning av skolans behov.,We conducted an investigation of the school's needs.
att krympa,Tröjan kommer att krympa om du tvättar den i varmt vatten.,The sweater will shrink if you wash it in hot water.
en skål,Vi lyfter en skål för vår vänskap!,We raise a toast to our friendship!
att underskatta,Du får inte underskatta hur svårt det kan vara.,You must not underestimate how difficult it can be.
att skifta,Jag måste skifta kläder innan vi går ut.,I need to change clothes before we go out.
en spänn,Det kostar bara en spänn.,It only costs a krona.
en auktion,Jag ska gå på en auktion i helgen.,I am going to an auction this weekend.
att halka,Jag halkade på den hala isen.,I slipped on the slippery ice.
en kista,En kista står i hörnet av rummet.,A chest is standing in the corner of the room.
ett sex,Vi hade ett sex i helgen.,We had sex over the weekend.
en vätska,En vätska är nödvändig för livet.,A liquid is necessary for life.
fascistisk,Fascistisk ideologi skapar ofta konflikt.,Fascist ideology often creates conflict.
en hiss,Jag tar alltid en hiss upp till mitt kontor.,I always take an elevator up to my office.
en tå,Jag har ont i en tå.,I have pain in a toe.
en bestraffning,Barnen fick en bestraffning för att de inte följde reglerna.,The children received a punishment for not following the rules.
bokstavligen,Det regnade bokstavligen hela dagen.,It literally rained the whole day.
empirisk,Empirisk forskning är viktig för att förstå världen.,Empirical research is important for understanding the world.
felaktigt,Du svarade felaktigt på frågan.,You answered wrongly to the question.
att konfrontera,Det är viktigt att konfrontera sina rädslor.,It is important to confront your fears.
en materia,En materia kan vara svår att förstå.,A matter can be difficult to understand.
medborgerlig,Medborgerlig ansvar är viktigt för samhället.,Civic responsibility is important for society.
övergiven,Den övergivna katten satt ensam på gatan.,The abandoned cat sat alone on the street.
att tillfredsställa,Det är viktigt att tillfredsställa sina behov för att må bra.,It is important to satisfy your needs in order to feel good.
en anmärkning,Jag fick en anmärkning på min uppsats.,I received a remark on my essay.
ett nej,Jag måste tyvärr ge ett nej till inbjudan.,I must unfortunately decline the invitation.
en skida,En skida ligger i snön.,A ski is lying in the snow.
förgäves,Jag letade förgäves efter mina nycklar.,I searched in vain for my keys.
HIV,HIV är en virus som påverkar immunförsvaret.,HIV is a virus that affects the immune system.
en kabel,Jag behöver en kabel för att koppla in datorn.,I need a cable to connect the computer.
en projektledare,En projektledare organiserar arbetet.,A project manager organizes the work.
strikt,Läraren är strikt med reglerna.,The teacher is strict with the rules.
ett damm,Ett damm ligger på bordet.,A dust lies on the table.
en klinik,Jag ska besöka en klinik för min hälsa.,I will visit a clinic for my health.
en råtta,Jag såg en råtta i köket.,I saw a rat in the kitchen.
en strömning,Det finns en strömning i floden.,There is a current in the river.
att kandidera,Jag har bestämt mig för att kandidera till klassens ordförande.,I have decided to stand as a candidate for class president.
en revolutionär,En revolutionär förändrar världen.,A revolutionary changes the world.
en ritning,Jag behöver en ritning för mitt hus.,I need a blueprint for my house.
utmed,Vi går utmed stranden varje morgon.,We walk along the beach every morning.
en visdom,En visdom är att alltid vara snäll mot andra.,A wisdom is to always be kind to others.
att uppfostra,Att uppfostra barn kräver tålamod och kärlek.,Raising children requires patience and love.
en lagändring,En lagändring kan påverka många människor.,A change in a law can affect many people.
så länge som,Du kan stanna här så länge som du vill.,You can stay here as long as you want.
ett kulturarv,Ett kulturarv är viktigt för vår identitet.,A cultural heritage is important for our identity.
nordlig,Den nordliga vinden kändes kall mot mitt ansikte.,The northerly wind felt cold against my face.
att plantera,Jag tycker om att plantera blommor i min trädgård.,I like to plant flowers in my garden.
en chaufför,En chaufför kör bilen snabbt.,A chauffeur drives the car fast.
inuti,Det är varmt inuti huset.,It is warm inside the house.
att förbruka,Vi måste vara försiktiga med att förbruka vår energi.,We need to be careful not to consume our energy.
en budgetproposition,Regeringen presenterade en budgetproposition för nästa år.,The government presented a budget bill for next year.
en ceremoni,Vi kommer att delta i en ceremoni på lördag.,We will attend a ceremony on Saturday.
ett uran,Uran är viktigt för kärnkraft.,Uran is important for nuclear power.
att aktualisera,Vi behöver aktualisera våra planer för nästa vecka.,We need to bring our plans up to date for next week.
en barnfamilj,En barnfamilj behöver ofta mer plats.,A family with children often needs more space.
en population,En population av fåglar flyttar på vintern.,A population of birds migrates in the winter.
att undanröja,Vi måste undanröja skräpet från golvet.,We need to clear away the trash from the floor.
en utväg,Hon hittade en utväg ur sin svåra situation.,She found a way out of her difficult situation.
ett entreprenörskap,Ett entreprenörskap kan förändra världen.,An entrepreneurship can change the world.
godtagbar,Det är viktigt att ha godtagbara skäl för beslutet.,It is important to have acceptable reasons for the decision.
en mardröm,Jag hade en mardröm i natt.,I had a nightmare last night.
en storebror,Min storebror spelar fotboll varje söndag.,My big brother plays soccer every Sunday.
att isolera,Vi måste isolera huset för att spara energi.,We need to insulate the house to save energy.
ett kalas,Vi ska ha ett kalas på lördag.,We are having a party on Saturday.
en kopiering,En kopiering av dokumentet är nödvändig.,A copying of the document is necessary.
en paroll,Vi behöver en paroll för att enas i vår kamp.,We need a slogan to unite in our fight.
att shoppa,Jag älskar att shoppa på lördagar.,I love to go shopping on Saturdays.
ett språkbruk,Ett språkbruk kan vara mycket intressant.,A manner of speaking can be very interesting.
en diabetes,Hon har en diabetes och måste ta medicin varje dag.,She has diabetes and must take medicine every day.
fortlöpande,Vi behöver fortlöpande uppdateringar om projektet.,We need continuous updates about the project.
en klädsel,En klädsel kan vara elegant eller avslappnad beroende på tillfället.,An outfit can be elegant or casual depending on the occasion.
svagt,Rösten hennes var svagt hes.,Her voice was faintly hoarse.
ett ämbete,Hon fick ett ämbete i kommunen.,She got a public office in the municipality.
en historik,En historik över staden visar dess gamla traditioner.,A history of the city shows its old traditions.
ett intyg,Jag behöver ett intyg för att ansöka om jobbet.,I need a certificate to apply for the job.
en konversation,Vi hade en konversation om vädret.,We had a conversation about the weather.
en växel,Jag behöver en växel för att betala för kaffet.,I need some change to pay for the coffee.
byråkratisk,Den byråkratiska processen tar lång tid.,The bureaucratic process takes a long time.
en etablering,En etablering av nya företag är viktig för ekonomin.,An establishment of new businesses is important for the economy.
förnuftig,Det är förnuftigt att spara pengar.,It is sensible to save money.
att hedra,Vi samlades för att hedra vår vän.,We gathered to honour our friend.
omedveten,Hon var omedveten om sin omgivning.,She was unaware of her surroundings.
stundtals,Stundtals regnar det mycket här.,Sometimes it rains a lot here.
att tjata,Sluta att tjata på mig om läxorna!,Stop nagging me about the homework!
tjeckisk,Tjeckisk mat är väldigt god.,Czech food is very good.
en åtanke,Vi planerar vår resa med en åtanke om budgeten.,We are planning our trip with the budget in mind.
fördelaktig,Det är fördelaktigt att sova tidigt.,It is advantageous to sleep early.
en assistent,Hon arbetar som en assistent på kontoret.,She works as an assistant at the office.
läskig,Det var en läskig film som jag såg igår.,It was a scary movie that I watched yesterday.
en nationalekonomi,En nationalekonomi handlar om hur vi använder våra resurser.,An economic science is about how we use our resources.
att återfå,Jag hoppas att jag kan återfå min plånbok snart.,I hope I can get my wallet back soon.
övernaturlig,Det finns övernaturliga berättelser om spöken i vår stad.,There are supernatural stories about ghosts in our town.
en elektricitet,En elektricitet kan få lampor att lysa.,An electricity can make lights shine.
grovt,Det är grovt att prata så om andra.,It is gross to talk like that about others.
javisst,"Javisst, jag kan hjälpa dig med läxan.","Of course, I can help you with your homework."
att beskylla,Hon beskyller honom för att ha stulit hennes bok.,She accuses him of stealing her book.
obegränsad,Kärleken är obegränsad.,Love is unlimited.
en anordning,En anordning kan göra livet enklare.,A device can make life easier.
en fluga,En fluga flög in genom fönstret.,A fly flew in through the window.
ett förråd,Vi har ett förråd fullt med verktyg.,We have a storage full of tools.
att spänna,Jag måste spänna repen innan vi börjar klättra.,I need to tighten the ropes before we start climbing.
oönskad,Oönskad uppmärksamhet kan vara stressande.,Unwanted attention can be stressful.
att marschera,Vi ska marschera tillsammans i parken.,We will march together in the park.
en päls,Hon har en päls som är väldigt mjuk.,She has a fur that is very soft.
en slant,Jag hittade en slant på gatan.,I found a coin on the street.
ett upprättande,Ett upprättande av nya regler är viktigt för att förbättra organisationen.,The establishment of new rules is important to improve the organization.
att överdriva,"Du behöver inte överdriva, det räcker med att säga sanningen.","You don't need to exaggerate, it’s enough to tell the truth."
att reparera,Jag måste reparera min cykel.,I need to repair my bike.
en central,Vi träffas vid en central i staden.,We meet at a center in the city.
en erövring,En erövring kan ge stor makt.,A conquest can bring great power.
en justering,Jag behöver en justering på min cykel.,I need an adjustment on my bike.
nedanstående,Nedanstående information är viktig för mötet.,The information below is important for the meeting.
att propagera,Vi måste propagera för miljövänliga alternativ.,We must propagate for eco-friendly alternatives.
en talesman,En talesman talade på mötet.,A spokesman spoke at the meeting.
ett uppträdande,Han gav ett fantastiskt uppträdande på scenen.,He gave a fantastic performance on stage.
en tandläkare,Jag går till en tandläkare för att få en kontroll.,I am going to a dentist for a check-up.
ett utförande,Ett utförande av projektet tog längre tid än vi trott.,The execution of the project took longer than we expected.
en utgivare,En utgivare bestämmer vad som ska publiceras.,A publisher decides what should be published.
underordnad,Hon har alltid varit underordnad chefen.,She has always been subordinate to the boss.
en explosion,Det var en explosion som skrämde alla.,There was an explosion that scared everyone.
en fraktion,En fraktion inom partiet vill ändra lagen.,A faction within the party wants to change the law.
att renovera,Vi planerar att renovera köket nästa månad.,We plan to renovate the kitchen next month.
snyggt,Håll alltid rummet snyggt och rent.,Always keep the room tidy and clean.
att beröva,Att beröva någon på deras drömmar är orättvist.,To deprive someone of their dreams is unfair.
en japan,En japan kan laga god sushi.,A Japanese person can make delicious sushi.
en omvandling,En omvandling av rummet gjorde det mycket mer hemtrevligt.,A transformation of the room made it much cozier.
en tillåtelse,Jag behöver en tillåtelse för att åka på skolan resa.,I need a permission to go on the school trip.
vidrig,Den vidriga lukten gjorde mig illamående.,The obnoxious smell made me feel sick.
förmögen,Hon är en förmögen affärskvinna.,She is a wealthy businesswoman.
nedanför,Det finns en katt nedanför bordet.,There is a cat below the table.
oförmögen,Hon kände sig oförmögen att lösa problemet.,She felt unable to solve the problem.
att slösa,Vi kan inte slösa tid på att vänta.,We can't waste time waiting.
en arbetsmarknadspolitik,En bra arbetsmarknadspolitik hjälper många människor att få jobb.,A good labour market policy helps many people find jobs.
en inkomstskatt,En inkomstskatt hjälper till att finansiera samhället.,An income tax helps to fund society.
att skämta,Han gillar att skämta med sina vänner.,He likes to joke with his friends.
att underrätta,Jag behöver att underrätta dig om mötet.,I need to inform you about the meeting.
världslig,Världsliga saker kan ibland distrahera oss från det som verkligen betyder något.,Worldly things can sometimes distract us from what really matters.
en cigarett,Jag vill ha en cigarett efter maten.,I want a cigarette after the meal.
hälsosam,Att äta frukt är hälsosamt.,Eating fruit is healthy.
en skalle,En skalle skyddar hjärnan.,A skull protects the brain.
ett spädbarn,Jag har ett spädbarn hemma.,I have a baby at home.
ett domslut,Ett domslut kan ändra allt.,A verdict can change everything.
att dyrka,Att dyrka stjärnor är en vanlig hobby för många.,To idolize stars is a common hobby for many.
en utmärkelse,Hon fick en utmärkelse för sitt hårda arbete.,She received a distinction for her hard work.
en katalog,Jag tittade i en katalog för att hitta ett bra hotell.,I looked in a directory to find a good hotel.
ett bredband,Jag behöver ett bredband för att kunna arbeta hemifrån.,I need a broadband to be able to work from home.
en kemi,Jag tycker att kemi är väldigt intressant.,I think that chemistry is very interesting.
ett foster,Ett foster växer i mammans mage.,A fetus grows in the mother's womb.
en tillfällighet,Det var en tillfällighet att vi träffades på kaféet.,It was a coincidence that we met at the café.
enastående,Hon har en enastående talang för att sjunga.,She has a unique talent for singing.
en rökning,En rökning av lax ger en fantastisk smak.,Smoking salmon gives a fantastic flavor.
ett trots,Han visade ett trots mot sina föräldrar när de sa åt honom att städa sitt rum.,He showed a defiance towards his parents when they told him to clean his room.
en muta,Han erbjöd en muta för att få jobbet.,He offered a bribe to get the job.
en motgång,En motgång kan göra oss starkare.,A setback can make us stronger.
en människosyn,En människosyn kan påverka hur vi behandlar varandra.,A view of mankind can affect how we treat each other.
att omvända,Jag behöver omvända min bil för att parkera bättre.,I need to reverse my car to park better.
ett sammanbrott,Hon kände att hon var på väg mot ett sammanbrott.,She felt that she was heading towards a breakdown.
auktoritär,En auktoritär ledare bestämmer alltid vad som är bäst.,An authoritarian leader always decides what is best.
en bebis,En bebis sover i vagnen.,A baby is sleeping in the stroller.
ett fat,Vi behöver ett fat för att servera kakan.,We need a plate to serve the cake.
en hunger,Jag har en hunger efter pizza.,I have a hunger for pizza.
en metafor,En metafor kan göra språket mer levande.,A metaphor can make language more vivid.
att understödja,Jag vill understödja mina vänner i deras drömmar.,I want to support my friends in their dreams.
att anamma,Vi måste anamma nya idéer för att växa.,We must accept new ideas to grow.
att arrestera,Polisen måste arrestera den misstänkte.,The police must arrest the suspect.
en barriär,En barriär hindrar oss från att gå framåt.,A barrier prevents us from moving forward.
en best,En best lurade i skogen.,A beast lurked in the forest.
en fästning,Vi besökte en fästning på vår resa.,We visited a fort on our trip.
immateriell,Kärlek är en immateriell känsla.,Love is an immaterial feeling.
ett vansinne,Det är ett vansinne att vara uppe så sent.,It is madness to be up so late.
att involvera,Vi behöver att involvera alla i projektet.,We need to involve everyone in the project.
hopplös,Situationen känns hopplös just nu.,The situation feels hopeless right now.
att införliva,Vi behöver att införliva fler grönsaker i vår kost.,We need to incorporate more vegetables into our diet.
en tacksamhet,En tacksamhet är viktigt för vår lycka.,Gratitude is important for our happiness.
att återkalla,Jag måste återkalla mitt paket från posten.,I need to recall my package from the post office.
jämnt,Kakan är jämnt gräddad.,The cake is evenly baked.
en extremist,En extremist kan vara farlig för samhället.,An extremist can be dangerous for society.
en civilbefolkning,En civilbefolkning behöver skydd under krig.,A civilian population needs protection during war.
en förtvivlan,Hon kände en förtvivlan när hon såg sin förlorade katt.,She felt a despair when she saw her lost cat.
en löntagare,En löntagare får sin lön varje månad.,A salaried employee receives their salary every month.
i åratal,Jag har bott här i åratal.,I have lived here for many years.
att överträffa,Hon lyckades överträffa sig själv i tävlingen.,She managed to surpass herself in the competition.
flitig,Hon är en flitig student som alltid gör sina läxor.,She is a diligent student who always does her homework.
att härleda,Det är viktigt att härleda fakta från pålitliga källor.,It is important to derive facts from reliable sources.
en greve,En greve bor i ett stort slott.,A count lives in a large castle.
internt,Vi diskuterade internt om projektet.,We discussed internally about the project.
en soppa,Jag gjorde en soppa till lunch.,I made a soup for lunch.
tvivelaktig,Hans berättelse var tvivelaktig.,His story was questionable.
ändamålsenlig,Det här verktyget är ändamålsenligt för vårt projekt.,This tool is appropriate for our project.
en byråkrat,En byråkrat arbetar med regler och papper.,A bureaucrat works with rules and paperwork.
lagstiftande,Lagstiftande beslut är viktiga för samhället.,Legislative decisions are important for society.
civiliserad,Vi lever i en civiliserad värld.,We live in a civilised world.
ett fjäll,Vi vandrade uppför ett fjäll i solen.,We hiked up a mountain in the sun.
att knäcka,Jag försöker knäcka koden till det svåra pusslet.,I am trying to crack the code to the difficult puzzle.
likgiltig,Hon kände sig likgiltig inför filmen.,She felt indifferent about the movie.
en nationalist,En nationalist älskar sitt land.,A nationalist loves their country.
offensiv,Offensiv fotboll är spännande att titta på.,Offensive football is exciting to watch.
ett socialbidrag,Hon ansökte om ett socialbidrag för att klara sig.,She applied for social assistance to get by.
att befästa,Jag behöver att befästa hyllan så att den inte faller ner.,I need to secure the shelf so that it doesn't fall down.
en väninna,Jag träffade en väninna igår.,I met a female friend yesterday.
en blixt,En blixt lyste upp natten.,A lightning flash lit up the night.
bevisligen,Bevisligen är träning bra för hälsan.,"Demonstrably, exercise is good for health."
fräsch,Den nya klänningen är så fräsch.,The new dress is so fresh.
ivrig,Hon är ivrig att lära sig svenska.,She is eager to learn Swedish.
en mus,Jag såg en mus i köket.,I saw a mouse in the kitchen.
ett tillkännagivande,Vi väntar på ett tillkännagivande från chefen.,We are waiting for an announcement from the boss.
lojal,Han är alltid lojal mot sina vänner.,He is always loyal to his friends.
ett småföretag,Jag vill starta ett småföretag nästa år.,I want to start a small business next year.
en terapi,En terapi kan hjälpa dig att må bättre.,A therapy can help you feel better.
att undanta,Vi måste undanta vissa regler för att hjälpa de svaga.,We must exempt certain rules to help the weak.
en frekvens,En frekvens av musik kan göra oss glada.,A frequency of music can make us happy.
givande,Att hjälpa andra är givande.,Helping others is rewarding.
i ljuset av,"I ljuset av de senaste nyheterna, måste vi ompröva våra planer.","In the light of the latest news, we need to reconsider our plans."
komisk,Hans skämt var verkligen komiska.,His jokes were really comical.
kostnadsfri,Kostnadsfri rådgivning är tillgänglig för alla.,Free advice is available for everyone.
en uniform,Barnen har på sig en uniform i skolan.,The children wear a uniform at school.
en utfrågning,Jag hade en utfrågning om mina idéer på mötet.,I had a questioning about my ideas at the meeting.
en godhet,En godhet kan förändra någons dag.,A kindness can change someone's day.
att tysta,Jag vill tysta musiken för att kunna höra vad du säger.,I want to mute the music so I can hear what you are saying.
en bombning,Det var en bombning i staden igår.,There was a bombing in the city yesterday.
engelskspråkig,Hon är engelskspråkig och kan prata flera språk.,She is English-speaking and can speak several languages.
ett beslag,Ett beslag på dörren gör den säkrare.,A fitting on the door makes it safer.
en vapenvila,Vi hoppas på en vapenvila snart.,We hope for a ceasefire soon.
ett buller,Det var ett buller från byggarbetsplatsen som störde mig hela natten.,There was a noise from the construction site that disturbed me all night.
en intervention,En intervention kan rädda liv.,An intervention can save lives.
en lagring,Vi behöver en lagring för våra gamla möbler.,We need a storage for our old furniture.
att utbyta,Vi kan utbyta våra böcker nästa vecka.,We can exchange our books next week.
ett svin,Du är ett svin för att du ljög för mig.,You are a swine for lying to me.
lagom,Kaffe är lagom varmt nu.,Coffee is just the right temperature now.
en doktrin,En doktrin kan påverka många människors liv.,A doctrine can influence the lives of many people.
en klick,En klick av vänner samlades på kaféet.,A clique of friends gathered at the café.
att stämpla,Vi måste stämpla våra böcker innan vi lämnar dem tillbaka.,We need to stamp our books before we return them.
en uppfostran,En uppfostran är viktig för barnens framtid.,An upbringing is important for children's future.
bilateral,Bilateral handel kan stärka båda länderna.,Bilateral trade can strengthen both countries.
en bostadsrätt,Jag bor i en bostadsrätt i Stockholm.,I live in a condominium in Stockholm.
en iakttagelse,En iakttagelse kan leda till nya idéer.,An observation can lead to new ideas.
på sistone,Jag har varit trött på sistone.,I have been tired lately.
att påskynda,Vi måste påskynda arbetet för att bli klara i tid.,We need to speed up the work to finish on time.
att sponsra,Vi vill sponsra det lokala fotbollslaget.,We want to sponsor the local football team.
ett avbrott,Det var ett avbrott i strömmen under stormen.,There was a power cut during the storm.
ett bestånd,Det finns ett bestånd av böcker i biblioteket.,There is a collection of books in the library.
en hantverkare,En hantverkare kan göra många olika saker.,A craftsman can do many different things.
en sjukskrivning,Jag behöver en sjukskrivning för att vila hemma.,I need a sick note to rest at home.
att slakta,Vi måste slakta några gamla bilar för att göra plats för de nya.,We need to strip down some old cars to make room for the new ones.
att uppröra,Många blev upprörda över nyheten.,Many were outraged by the news.
en besittning,Han har en besittning som han är mycket stolt över.,He has a possession that he is very proud of.
en fasa,Jag har en fasa för spindlar.,I have a dread of spiders.
en konfrontation,"En konfrontation kan vara svår, men ibland behövs den.","A confrontation can be difficult, but sometimes it is necessary."
trådlös,Jag köpte trådlösa hörlurar igår.,I bought wireless headphones yesterday.
en pub,Vi går till en pub ikväll.,We are going to a pub tonight.
en biverkning,En biverkning av medicinen kan vara trötthet.,A side effect of the medicine can be fatigue.
en dragning,Det finns en dragning mellan dem som ingen kan förneka.,There is an attraction between them that no one can deny.
logiskt,Det är logiskt att spara pengar.,It is logical to save money.
österut,Vi åker österut för att se soluppgången.,We are going eastwards to see the sunrise.
en deckare,Jag läser en deckare varje kväll.,I read a thriller every evening.
en dåtid,En dåtid kan vara svår att förstå.,The past can be hard to understand.
cynisk,Hans cyniska kommentar gjorde alla tysta.,His cynical comment made everyone silent.
poetisk,Det var en poetisk kväll med stjärnorna som lyste.,It was a poetic evening with the stars shining.
kostsam,Det är kostsamt att bo i storstäder.,It is costly to live in big cities.
misslyckad,Min plan var misslyckad.,My plan was unsuccessful.
en prioritet,Familj är alltid en prioritet för mig.,Family is always a priority for me.
en fascist,En fascist har ofta extrema åsikter.,A fascist often has extreme views.
en frestelse,En frestelse kan vara svår att motstå.,A temptation can be hard to resist.
att trösta,Jag försöker alltid att trösta mina vänner när de är ledsna.,I always try to comfort my friends when they are sad.
uppriktigt,Jag uppriktigt älskar att gå på promenader.,I sincerely love to go for walks.
en världsekonomi,En världsekonomi påverkar alla länder.,A global economy affects all countries.
att summera,Kan du summera våra idéer till en kort presentation?,Can you summarize our ideas into a short presentation?
ett fängelsestraff,Han fick ett fängelsestraff för sitt brott.,He received a prison sentence for his crime.
en invigning,Vi ska gå på en invigning av den nya parken.,We are going to the opening of the new park.
en revisor,En revisor hjälper företag att hålla koll på sina pengar.,An auditor helps companies keep track of their money.
samisk,Samisk kultur är mycket intressant.,Sami culture is very interesting.
så snart som,"Så snart som solen går ner, blir det kallt.","As soon as the sun sets, it gets cold."
att underminera,Han försöker alltid att underminera mina idéer.,He always tries to undermine my ideas.
ett medgivande,Jag gav honom ett medgivande att låna min cykel.,I gave him permission to borrow my bike.
en tvätt,Jag måste göra en tvätt idag.,I have to do a laundry today.
en guvernör,En guvernör besöker staden varje år.,A governor visits the city every year.
adekvat,Det här svaret är inte adekvat för frågan.,This answer is not adequate for the question.
att brottas,Barnen älskar att brottas på gräsmattan.,The children love to wrestle on the lawn.
ett hantverk,Ett hantverk kräver både tid och tålamod.,A craft requires both time and patience.
minus,Det är minus fem grader idag.,It is minus five degrees today.
att fullborda,Vi måste fullborda projektet innan deadline.,We need to complete the project before the deadline.
latinsk,Latinsk är ett gammalt språk.,Latin is an old language.
att stabilisera,Vi behöver att stabilisera ekonomin.,We need to stabilise the economy.
en kvantitet,Det finns en kvantitet av mat på bordet.,There is a quantity of food on the table.
en huvudroll,Hon fick en huvudroll i filmen.,She got a leading role in the movie.
en hög,En hög med snö ligger på marken.,A pile of snow is on the ground.
knepig,Det var en knepig fråga att svara på.,It was a tricky question to answer.
en överblick,Jag behöver en överblick över projektet.,I need an overview of the project.
att berömma,Jag vill berömma min vän för hennes fantastiska arbete.,I want to praise my friend for her amazing work.
en räckvidd,Räckvidden för signalen är begränsad.,The range of the signal is limited.
utifrån,Utifrån min erfarenhet är det viktigt att lyssna.,"According to my experience, it's important to listen."
västlig,Den västliga vinden är kall idag.,The westerly wind is cold today.
en skicklighet,En skicklighet är viktig för att lyckas i livet.,A skill is important to succeed in life.
att bestraffa,Det är viktigt att bestraffa dåligt beteende.,It is important to punish bad behavior.
en spik,Jag behöver en spik för att hänga upp tavlan.,I need a nail to hang up the picture.
en akademiker,En akademiker arbetar ofta med forskning.,An academic often works with research.
ett författarskap,Ett författarskap kan inspirera många människor.,An authorship can inspire many people.
att närvara,Jag kommer att närvara vid mötet imorgon.,I will be present at the meeting tomorrow.
att sola,Jag älskar att sola på stranden.,I love to sunbathe on the beach.
en association,En association kan hjälpa oss att förstå tonen i musiken.,An association can help us understand the tone in the music.
en exil,Han lever i en exil långt från sitt hemland.,He lives in an exile far from his homeland.
ett förbehåll,"Jag accepterar erbjudandet, men med ett förbehåll.","I accept the offer, but with a reservation."
att hämma,Vi måste hämma våra känslor när vi pratar om svåra ämnen.,We must inhibit our emotions when we talk about difficult subjects.
att nominera,Vi ska nominera en kandidat till priset.,We will nominate a candidate for the award.
att viska,Hon viskade en hemlighet i mitt öra.,She whispered a secret in my ear.
en koalition,En koalition kan skapa förändring.,A coalition can create change.
spektakulär,Det var en spektakulär solnedgång igår kväll.,It was a spectacular sunset last night.
teoretiskt,Teoretiskt kan vi lösa problemet tillsammans.,"Theoretically, we can solve the problem together."
en handfull,Jag plockade en handfull bär i skogen.,I picked a handful of berries in the forest.
en ugn,En ugn är bra för att baka bröd.,An oven is good for baking bread.
en geografi,Geografi är viktigt för att förstå världen.,Geography is important for understanding the world.
en meditation,En meditation hjälper mig att slappna av.,A meditation helps me relax.
en betoning,En betoning kan förändra betydelsen av ett ord.,An emphasis can change the meaning of a word.
en brevlåda,Jag ska hämta posten från en brevlåda.,I will pick up the mail from a mailbox.
att förfoga,Jag har en bil att förfoga över.,I have a car to dispose of.
att heja,Jag gillar att heja på mina vänner när de kommer hem.,I like to greet my friends when they come home.
ironisk,Det är ironiskt att regnet alltid kommer på helgen.,It is ironic that the rain always comes on the weekend.
en skrivare,En skrivare står på mitt skrivbord.,A printer is on my desk.
ett valdeltagande,Ett valdeltagande är viktigt för demokratin.,Voter turnout is important for democracy.
ett lamm,Ett lamm hoppar över gräset.,A lamb jumps over the grass.
att berika,Att berika livet med musik är viktigt.,To enrich life with music is important.
en brytning,Han har en brytning när han pratar engelska.,He has an accent when he speaks English.
en flyktingpolitik,Sverige har en flyktingpolitik som skyddar de som behöver hjälp.,Sweden has a refugee policy that protects those who need help.
en porr,En porrfilm kan vara underhållande.,A pornography film can be entertaining.
att flöda,Vattnet flödar snabbt i ån.,The water flows quickly in the river.
en revolt,Det var en revolt mot orättvisor.,It was a revolt against injustices.
snällt,Du hjälpte mig snällt med läxorna.,You kindly helped me with my homework.
att ge vika,"Hon ville inte ge vika, även om det var svårt.","She didn't want to give in, even though it was hard."
ett ekosystem,Ett ekosystem är viktigt för att bevara naturen.,An ecosystem is important for preserving nature.
heterosexuell,Hon är heterosexuell och dejtar en kille.,She is heterosexual and dating a guy.
en kolumn,Jag läser alltid en kolumn i tidningen.,I always read a column in the newspaper.
en lyssnare,Jag är en lyssnare av radion varje morgon.,I am a listener of the radio every morning.
möjligt,Det är möjligt att vi kan träffas imorgon.,It is possible that we can meet tomorrow.
att utebli,"Vi väntade på henne, men hon valde att utebli.","We waited for her, but she chose to be absent."
att underkasta,Vi måste underkasta oss reglerna för att spela spelet.,We must be subject to the rules in order to play the game.
en salong,Vi träffas i salongen klockan sju.,We meet in the salon at seven o'clock.
en sjöfart,En sjöfart är viktig för handel.,Shipping is important for trade.
en tapet,Jag vill ha en tapet med blommor.,I want a wallpaper with flowers.
bråttom,Vi har bråttom till bussen.,We are in a hurry to the bus.
ett kraftverk,Ett kraftverk producerar elektricitet.,A power plant produces electricity.
att spotta,Han spottade på marken efter att ha ätit en sur godis.,He spat on the ground after eating a sour candy.
att duscha,Jag gillar att duscha varje morgon.,I like to shower every morning.
att attrahera,Det är viktigt att attrahera många kunder till butiken.,It is important to attract many customers to the store.
ett måste,Att läsa böcker är ett måste för att lära sig svenska.,Reading books is a must to learn Swedish.
ovannämnd,Det ovannämnda förslaget är intressant.,The above-mentioned proposal is interesting.
en tänkare,En tänkare kan förändra världen.,A thinker can change the world.
en morot,Jag äter en morot varje dag.,I eat a carrot every day.
att censurera,Det är viktigt att inte censurera konst.,It is important not to censor art.
en lagtext,Jag läste en lagtext igår.,I read a legal text yesterday.
att lindra,Att lindra smärtan är viktigt för hennes återhämtning.,Easing the pain is important for her recovery.
vilse,Jag gick vilse i skogen.,I got lost in the forest.
en förenkling,En förenkling av reglerna gör det lättare att förstå.,A simplification of the rules makes it easier to understand.
att tolerera,Jag kan inte tolerera buller när jag arbetar.,I can't tolerate noise when I'm working.
löst,Problemet är nu löst.,The problem is now solved.
sankt,Sankt Göran är en välkänd helgonfigur.,Saint George is a well-known saint.
överflödig,Det finns ingen anledning att vara överflödig i detta projekt.,There is no reason to be superfluous in this project.
att omnämna,Jag vill omnämna min vän i boken.,I want to mention my friend in the book.
ett pund,Jag köpte ett pund äpplen på marknaden.,I bought a pound of apples at the market.
ett slöseri,Det är ett slöseri att stanna hemma när solen skiner.,It is a waste to stay home when the sun is shining.
en formel,Matematik handlar ofta om en formel.,Mathematics often deals with a formula.
en drink,Jag vill ha en drink på festen.,I want a drink at the party.
en förväntan,Jag känner en förväntan inför helgen.,I feel an expectation for the weekend.
en lunga,En lunga hjälper oss att andas.,A lung helps us to breathe.
en vårdcentral,Jag besöker en vårdcentral för att få medicin.,I visit a district health centre to get medicine.
en ödmjukhet,En ödmjukhet är viktigt för att lära sig av andra.,A humility is important to learn from others.
en överdrift,Det är en överdrift att säga att du är bäst i världen.,It is an exaggeration to say that you are the best in the world.
häpnadsväckande,Häpnadsväckande utsikt gör mig glad.,Astonishing views make me happy.
att urskilja,Det är svårt att urskilja ljudet av fåglarna i regnet.,It is hard to distinguish the sound of the birds in the rain.
en frigörelse,En frigörelse från gamla normer är viktig för samhället.,A liberation from old norms is important for society.
monetär,Monetär politik påverkar ekonomin.,Monetary policy affects the economy.
en tobak,Jag köper en tobak varje vecka.,I buy a tobacco every week.
tråkigt,Det är tråkigt att vara ensam.,It is boring to be alone.
att förordna,Läraren förordnar en ny grupp för projektet.,The teacher appoints a new group for the project.
en femma,Jag har en femma i matten.,I have a five in math.
en livslängd,En hund har en livslängd på cirka tio år.,A dog has a lifespan of about ten years.
sval,Vädret är sval idag.,The weather is cool today.
ett telefonnummer,Kan jag få ditt telefonnummer?,Can I have your telephone number?
en analytiker,En analytiker arbetar med data och statistik.,An analyst works with data and statistics.
att avspegla,Mina känslor avspeglar hur jag mår.,My feelings reflect how I feel.
psykiatrisk,Psykiatrisk vård är viktigt för många människor.,Psychiatric care is important for many people.
en rebell,En rebell kämpar för sina idéer.,A rebel fights for their ideas.
att droppa,Vattnet droppar från taket.,The water is dripping from the roof.
att tugga,Jag gillar att tugga på tuggummi.,I like to chew gum.
ett kval,Det var ett kval att vänta på resultatet av matchen.,It was an anguish to wait for the result of the match.
en läroplan,Vi följer en läroplan i skolan.,We follow a curriculum in school.
en psalm,Vi sjunger en psalm i kyrkan på söndagar.,We sing a psalm in church on Sundays.
sårbar,Hon kände sig sårbar efter att ha berättat sin hemlighet.,She felt vulnerable after sharing her secret.
en kår,Jag går till kåren för att träffa mina vänner.,I am going to the student union to meet my friends.
luthersk,Vi går till den lutherska kyrkan på söndag.,We are going to the Lutheran church on Sunday.
stel,Hans hållning var stel och han rörde sig knappt.,His posture was stiff and he hardly moved.
att tydliggöra,Jag behöver tydliggöra mina tankar.,I need to make my thoughts clear.
barnslig,Han var lite barnslig när han lekte med sina leksaker.,He was a bit childish when he played with his toys.
en betraktelse,En betraktelse om livet kan ge oss ny insikt.,A reflection on life can give us new insight.
att fortgå,"Livet fortsätter att fortgå, oavsett vad som händer.","Life goes on, no matter what happens."
optimistisk,Jag är alltid optimistisk inför framtiden.,I am always optimistic about the future.
en tillfredsställelse,Att hjälpa andra ger en tillfredsställelse.,Helping others brings a satisfaction.
välmående,Vi vill alla ha ett välmående liv.,We all want a prosperous life.
att applicera,Jag måste applicera min kunskap för att lösa problemet.,I need to apply my knowledge to solve the problem.
en förkortning,En förkortning används ofta för att spara tid.,An abbreviation is often used to save time.
att jämställa,Vi bör inte jämställa pengar med lycka.,We should not equate money with happiness.
runt omkring,Barnen leker runt omkring parken.,The children are playing around the park.
att välsigna,Vi ber att välsigna vår familj.,We pray to bless our family.
en donation,En donation kan hjälpa många människor.,A donation can help many people.
laddad,Batteriet är laddat och klart för användning.,The battery is charged and ready for use.
ett monument,Det finns ett monument i parken.,There is a monument in the park.
att blomma,Blommorna börjar att blomma på våren.,The flowers start to bloom in spring.
en hona,Honan simmar snabbt i sjön.,The female swims quickly in the lake.
en prick,En prick på tavlan visar rätt svar.,A dot on the board shows the correct answer.
humanistisk,Humanistisk utbildning är viktig för samhället.,Humanist education is important for society.
en intressent,En intressent deltog i mötet för att diskutera projektet.,An interested party attended the meeting to discuss the project.
en parameter,En parameter kan ändra resultatet.,A parameter can change the outcome.
att sopa,Jag måste sopa golvet innan gästerna kommer.,I have to sweep the floor before the guests arrive.
ett streck,Skriv ett streck mellan orden.,Write a dash between the words.
en ikon,En ikon kan vara en symbol för hopp.,An icon can be a symbol of hope.
en insekt,Jag såg en insekt på blommorna.,I saw an insect on the flowers.
ett dotterbolag,Företaget har ett dotterbolag i Finland.,The company has a subsidiary in Finland.
en irakier,En irakier bor i mitt grannskap.,An Iraqi lives in my neighborhood.
en istid,En istid kan vara mycket kall.,An ice age can be very cold.
till slut,"Vi kämpade länge, men till slut vann vi.","We fought hard, but eventually we won."
en försening,Det blev en försening på tåget.,There was a delay on the train.
en färja,Vi tar en färja till ön.,We take a ferry to the island.
förståelig,Det du säger är mycket förståeligt.,What you are saying is very understandable.
att prenumerera,Jag gillar att prenumerera på tidningar.,I like to subscribe to magazines.
ansluten,Jag är ansluten till facket.,I am affiliated with the union.
en romantik,En romantik finns i varje kärlekshistoria.,A romanticism exists in every love story.
bisarr,Den där filmen var bisarr.,That movie was bizarre.
att förfalla,Maten kan förfalla om den inte förvaras rätt.,Food can decay if it is not stored properly.
ett lås,Jag har glömt att låsa ett lås på dörren.,I forgot to lock a lock on the door.
principiellt,Principiellt håller jag med dig.,"In principle, I agree with you."
ett samförstånd,Vi nådde ett samförstånd om projektet.,We reached a mutual understanding about the project.
en jazz,Jag gillar att lyssna på en jazz.,I like to listen to jazz.
en ritual,En ritual kan ge oss lugn och ro.,A ritual can give us peace and calm.
ett segel,Jag ser ett segel på havet.,I see a sail on the sea.
exotisk,Den exotiska frukten smakade fantastiskt.,The exotic fruit tasted fantastic.
ett informationssamhälle,Ett informationssamhälle förändrar hur vi kommunicerar.,An information society changes how we communicate.
en lukt,En lukt av nybakade kanelbullar sprider sig i köket.,A smell of freshly baked cinnamon rolls spreads in the kitchen.
att skrapa,Jag behöver skrapa isen från bilen.,I need to scrape the ice off the car.
att uppgradera,Jag måste uppgradera min dator för att spela nya spel.,I need to upgrade my computer to play new games.
en mäklare,Jag pratade med en mäklare om att sälja mitt hus.,I spoke with a broker about selling my house.
att reservera,Jag vill reservera ett bord för två.,I want to reserve a table for two.
en bur,Fågeln sitter i en bur.,The bird is sitting in a cage.
att snöa,Det börjar snöa och jag blir glad.,It is starting to snow and I feel happy.
att anteckna,Jag behöver att anteckna allt i min bok.,I need to note everything in my book.
en box,Jag köpte en box med filmer.,I bought a box of movies.
en korsning,Det finns en korsning vid nästa gata.,There is a crossing at the next street.
att legitimera,Jag måste legitimera mig för att hämta mitt paket.,I need to provide ID to pick up my package.
förfärlig,"Det var en förfärlig film, men jag älskade den.","It was a terrible movie, but I loved it."
förvånansvärt,Förvånansvärt nog kom hon i tid till festen.,"Surprisingly, she arrived on time to the party."
att kretsa,Fåglarna kretsar över sjön.,The birds circle over the lake.
att implementera,Vi måste implementera den nya planen.,We need to implement the new plan.
ett alster,Ett alster kan vara en vacker tavla.,A work can be a beautiful painting.
en energikälla,Solenergi är en energikälla.,Solar energy is a source of energy.
livsfarlig,"Var försiktig, det här området är livsfarligt.","Be careful, this area is lethally dangerous."
en livskvalitet,En livskvalitet är viktig för vår hälsa.,A quality of life is important for our health.
måttlig,Hennes åsikter är alltid måttliga.,Her opinions are always moderate.
tryggt,Barnen leker tryggt i parken.,The children play safely in the park.
en bäck,Vi gick längs en bäck i skogen.,We walked along a small stream in the forest.
ett förtal,Ett förtal kan skada en persons rykte.,A slander can harm a person's reputation.
förutsägbar,Livet kan vara förutsägbart ibland.,Life can be predictable sometimes.
att intensifiera,Vi behöver att intensifiera vår träning för att bli starkare.,We need to intensify our training to become stronger.
en naturresurs,En naturresurs är viktig för vår framtid.,A natural resource is important for our future.
otänkbar,Det är otänkbar att inte hjälpa en vän.,It is unthinkable not to help a friend.
ett varsel,Jag fick ett varsel om att det skulle regna i morgon.,I received a warning that it would rain tomorrow.
ett tillbehör,Jag behöver ett tillbehör till min kamera.,I need an accessory for my camera.
en betong,En betongvägg är mycket stark.,A concrete wall is very strong.
en nybörjare,Jag är en nybörjare på att spela gitarr.,I am a beginner at playing guitar.
en ruin,Vi besökte en ruin i skogen.,We visited a ruin in the forest.
ett sortiment,Butiken har ett sortiment av böcker.,The store has a range of books.
en nyans,Färgen på väggen har en nyans av blått.,The color of the wall has a shade of blue.
att uppbära,Hon uppbär sin pension varje månad.,She collects her pension every month.
arkeologisk,Arkeologisk forskning är mycket intressant.,Archaeological research is very interesting.
en okunnighet,Okunnighet kan leda till missförstånd.,Ignorance can lead to misunderstandings.
ett anseende,Hon har ett anseende som en duktig lärare.,She has a reputation as a skilled teacher.
en förbannelse,En förbannelse kan förstöra livet för många.,A curse can destroy the lives of many.
att jubla,Barnen jublar när de ser fyrverkerierna.,The children cheer when they see the fireworks.
ett lejon,Ett lejon är stort och starkt.,A lion is big and strong.
en session,Vi har en session klockan tre.,We have a session at three o'clock.
att effektivisera,Vi behöver effektivisera vårt arbete för att spara tid.,We need to streamline our work to save time.
hotfull,Han såg hotfull ut när han kom närmare.,He looked menacing as he approached.
en miljöpolitik,Vi behöver en miljöpolitik för att skydda vår planet.,We need an environmental policy to protect our planet.
ett storföretag,Ett storföretag har många anställda.,A big corporation has many employees.
en suveränitet,En suveränitet betyder frihet och styrka.,A sovereignty means freedom and strength.
utanför,Vi sitter utanför caféet.,We are sitting outside the café.
en landshövding,En landshövding arbetar för att förbättra livet i länet.,A county governor works to improve life in the county.
ett statsbidrag,Ett statsbidrag hjälper skolor att förbättra utbildningen.,A state subsidy helps schools improve education.
storslagen,Himlen var storslagen under solnedgången.,The sky was magnificent during the sunset.
att separera,Det är viktigt att separera skräpet från återvinningen.,It is important to separate the trash from the recycling.
ett firande,Vi planerar ett firande för vår bröllopsdag.,We are planning a celebration for our wedding anniversary.
en hyllning,En hyllning till vår vän var en fantastisk överraskning.,A tribute to our friend was a fantastic surprise.
ett oljepris,Ett oljepris påverkar ekonomin.,An oil price affects the economy.
en biologi,Biologi är viktigt för att förstå livet.,Biology is important for understanding life.
rimligtvis,Rimligtvis borde vi äta middag snart.,"Reasonably, we should have dinner soon."
ett arbetarparti,Sverige har ett arbetarparti som kämpar för arbetarnas rättigheter.,Sweden has a labour party that fights for workers' rights.
att beskåda,Jag älskar att beskåda stjärnorna på natten.,I love to view the stars at night.
briljant,Hans idéer är verkligen briljant.,His ideas are truly brilliant.
en lott,Jag köpte en lott i lotteriet.,I bought a ticket in the lottery.
att kidnappa,Det är olagligt att kidnappa någon.,It is illegal to kidnap someone.
en girighet,Girighet kan leda till ensamhet.,Greed can lead to loneliness.
att härröra,Många svenska ord härrör från det fornnordiska språket.,Many Swedish words derive from the Old Norse language.
på sätt och vis,På sätt och vis är vi alla likadana.,"In some ways, we are all the same."
att framlägga,Jag ska framlägga mitt förslag på mötet.,I will present my proposal at the meeting.
att förorsaka,Det kan förorsaka problem om du inte sover tillräckligt.,It can cause problems if you don't get enough sleep.
en häck,Jag planterade en häck i trädgården.,I planted a hedge in the garden.
en hemvist,Min hemvist är i Stockholm.,My residence is in Stockholm.
ett andetag,Han tog ett andetag innan han började prata.,He took a breath before he started to speak.
berusad,Han var berusad på festen.,He was drunk at the party.
att tortera,Att tortera någon är fruktansvärt.,To torture someone is horrific.
kanadensisk,Kanadensisk mat är mycket god.,Canadian food is very tasty.
protestantisk,Många protestantiska kyrkor har öppna dörrar för alla.,Many Protestant churches have open doors for everyone.
en läktare,Vi satt på en läktare och hejade på vårt lag.,We sat in a stand and cheered for our team.
en marxist,En marxist tror på jämlikhet för alla.,A Marxist believes in equality for all.
att peta,Jag gillar att peta på min hunds nos.,I like to poke my dog's nose.
sakkunnig,Hon är en sakkunnig läkare.,She is a knowledgeable doctor.
en svängning,Det var en svängning i vädret när solen plötsligt kom fram.,There was a fluctuation in the weather when the sun suddenly appeared.
att tanka,Vi måste tanka bilen innan vi åker.,We need to refuel the car before we leave.
sympatisk,Hon är alltid så sympatisk mot sina vänner.,She is always so sympathetic towards her friends.
en översikt,Jag behöver en översikt över våra planer för veckan.,I need an overview of our plans for the week.
en midnatt,Vi ses vid en midnatt för att fira nyår.,We'll meet at midnight to celebrate New Year's.
en amatör,Hon är en amatör i fotografering.,She is an amateur in photography.
att befalla,Läraren befaller att alla ska vara tysta.,The teacher commands that everyone should be quiet.
en handledare,Jag behöver en handledare för mitt projekt.,I need a mentor for my project.
en bostadsmarknad,En bostadsmarknad kan vara svår att förstå.,A property market can be hard to understand.
att klappa,Jag gillar att klappa hundar när jag är glad.,I like to pet dogs when I am happy.
media,Media är viktigt för att få information.,Media is important for getting information.
när som helst,Du kan komma när som helst.,You can come whenever you want.
en pil,En pil flög snabbt genom luften.,An arrow flew quickly through the air.
en rättsstat,Sverige är en rättsstat där lagarna skyddar alla medborgare.,Sweden is a state governed by the rule of law where the laws protect all citizens.
en röra,Köket är en röra efter bakningen.,The kitchen is a mess after baking.
att vålla,Att vålla mycket stress kan påverka din hälsa.,Causing a lot of stress can affect your health.
blygsam,Hon är blygsam och pratar sällan om sina framgångar.,She is modest and rarely talks about her successes.
en exponering,En exponering av solen kan vara bra för huden.,An exposure to the sun can be good for the skin.
ett närområde,Det finns många bra restauranger i vårt närområde.,There are many good restaurants in our immediate vicinity.
otrogen,Han var otrogen mot sin fru.,He was unfaithful to his wife.
att varva,Vi kan varva olika färger i vår målning.,We can layer different colors in our painting.
en regent,En regent styr landet med visdom.,A regent rules the country with wisdom.
en bunt,Jag köpte en bunt blommor till min vän.,I bought a bunch of flowers for my friend.
att fostra,Föräldrarna har en viktig uppgift att fostra sina barn.,Parents have an important task to rear their children.
funktionell,Den här stolen är mycket funktionell.,This chair is very functional.
klinisk,Klinisk forskning är viktig för medicinen.,Clinical research is important for medicine.
en värdegrund,En värdegrund är viktig för att skapa ett bra samhälle.,A values foundation is important for creating a good society.
att förutsäga,Det är svårt att förutsäga vädret.,It is hard to predict the weather.
att begrunda,Jag gillar att begrunda livet när jag sitter vid sjön.,I like to ponder life when I sit by the lake.
en tennis,Jag spelar en tennis med mina vänner.,I play a tennis with my friends.
en destination,Vi ska åka till en destination vid havet.,We are going to a destination by the sea.
taktisk,Han har en taktisk plan för spelet.,He has a tactical plan for the game.
österrikisk,Jag gillar österrikisk mat.,I like Austrian food.
att manifestera,Jag tror på att manifestera mina drömmar.,I believe in manifesting my dreams.
att förakta,Det är fel att förakta andra människor.,It is wrong to despise other people.
en invandringspolitik,En invandringspolitik är viktig för vårt samhälle.,An immigration policy is important for our society.
att utbrista,Hon utbrast av glädje när hon fick sin present.,She exclaimed with joy when she received her gift.
aids,AIDS är en allvarlig sjukdom.,AIDS is a serious disease.
att bekanta sig,Jag vill bekanta mig med den svenska kulturen.,I want to make myself familiar with Swedish culture.
en utövare,En utövare av yoga hittar ofta inre lugn.,A practitioner of yoga often finds inner peace.
att angå,Det angår inte mig vad du gör.,It is none of my business what you do.
en förlossning,En förlossning kan vara en vacker upplevelse.,A delivery can be a beautiful experience.
en återgång,En återgång till gamla vanor är ofta svår.,A return to old habits is often difficult.
en procedur,En procedur är viktig för att göra allt rätt.,A procedure is important to do everything correctly.
att äventyra,Vi måste äventyra lite för att hitta nya platser.,We must adventure a bit to find new places.
ett rep,Jag behöver ett rep för att klättra upp för berget.,I need a rope to climb up the mountain.
att sväva,Fåglarna svävar högt över träden.,The birds soar high above the trees.
en diet,Jag följer en diet för att må bättre.,I follow a diet to feel better.
ett filter,Jag behöver ett filter för mitt kaffe.,I need a filter for my coffee.
gratis,Det finns gratis prover av choklad i affären.,There are free samples of chocolate in the store.
legendarisk,Hans legendariska spelstil inspirerade många.,His legendary playing style inspired many.
ett plagg,Det här plagget är mycket bekvämt.,This garment is very comfortable.
en impuls,Jag kände en impuls att ringa min vän.,I felt an impulse to call my friend.
en parkering,Jag parkerade bilen på en parkering.,I parked the car in a parking lot.
en beståndsdel,En beståndsdel i en god soppa är färska grönsaker.,A component of a good soup is fresh vegetables.
brottslig,Brottslig verksamhet är inte acceptabel.,Criminal activity is not acceptable.
en årstid,Det finns fyra årstider på ett år.,There are four seasons in a year.
att underlåta,Du bör inte underlåta att fråga om hjälp.,You should not neglect to ask for help.
en episod,Det var en episod som vi aldrig glömmer.,It was an episode that we will never forget.
en kock,En kock lagar god mat.,A cook prepares delicious food.
en affärsman,En affärsman har många idéer.,A businessman has many ideas.
en högkonjunktur,En högkonjunktur gör att många företag växer snabbt.,A boom allows many companies to grow quickly.
en lur,Jag lyfte på luren och ringde min vän.,I picked up the receiver and called my friend.
ett nu,"Jag vill ha ett nu, inte senare.","I want a now, not later."
en opinionsbildning,En opinionsbildning är viktig för demokratin.,A forming of opinion is important for democracy.
en premiss,En premiss är viktig för att förstå argumentet.,A premise is important to understand the argument.
att insistera,Han gillar att insistera på sin åsikt.,He likes to insist on his opinion.
en grafik,En grafik kan berätta en historia.,A graphic can tell a story.
en munk,Jag köpte en munk till frukost.,I bought a doughnut for breakfast.
en skörd,En skörd av äpplen är alltid glad.,A harvest of apples is always joyful.
en dräkt,Hon bar en dräkt på maskeraden.,She wore a costume at the masquerade.
en galenskap,Det var en galenskap att springa ut i regnet utan kläder.,It was madness to run out in the rain without clothes.
en franska,Jag köpte en franska till frukost.,I bought a French bread for breakfast.
en pistol,Han har en pistol i sitt rum.,He has a pistol in his room.
att pyssla,Jag gillar att pyssla i trädgården på helgerna.,I like to potter about in the garden on weekends.
att urholka,Att urholka ett träd kan skapa en fin skulptur.,Hollowing out a tree can create a beautiful sculpture.
en galning,Han är en galning som alltid skrattar för sig själv.,He is a lunatic who always laughs to himself.
ett hugg,Han fick ett hugg i armen under träningen.,He got a cut on his arm during training.
en preferens,Jag har en preferens för choklad framför vanilj.,I have a preference for chocolate over vanilla.
ett uppslag,Jag fann ett uppslag om svenska djur i boken.,I found an entry about Swedish animals in the book.
att exploatera,Vi måste vara försiktiga så att vi inte exploaterar naturen.,We must be careful not to exploit nature.
att förväxla,Det är lätt att förväxla dem när de har likadana kläder.,It's easy to confuse them when they wear the same clothes.
en tomat,Jag äter en tomat varje dag.,I eat a tomato every day.
en ocean,En ocean är stor och djup.,An ocean is large and deep.
en cyklist,En cyklist kör snabbt på vägen.,A cyclist rides quickly on the road.
en näve,Han tog en näve nötter från skålen.,He took a handful of nuts from the bowl.
en omstrukturering,En omstrukturering kan hjälpa företaget att växa.,A restructuring can help the company grow.
restriktiv,Reglerna är för restriktiva för oss.,The rules are too restrictive for us.
att skina,Solen skiner klart på himlen.,The sun shines brightly in the sky.
en skulptur,En skulptur står i parken.,A sculpture stands in the park.
en ättling,En ättling till vikingarna bor här.,A descendant of the Vikings lives here.
ett helgon,Ett helgon hjälper människor i nöd.,A saint helps people in need.
att utstå,Ibland måste vi utstå svåra tider.,Sometimes we have to endure tough times.
att envisas,Hon envisas alltid med att prata om sina drömmar.,She always persists in talking about her dreams.
en pedagogik,En bra pedagogik gör lärande roligt.,A good pedagogy makes learning fun.
en postning,Jag såg en postning om hundar på nätet.,I saw a post about dogs on the internet.
att trygga,Vi måste trygga våra barn och deras framtid.,We must safeguard our children and their future.
uppmärksam,Hon är alltid uppmärksam när jag pratar.,She is always attentive when I speak.
att bädda,Jag glömde att bädda sängen idag.,I forgot to make the bed today.
fuktig,Luften är fuktig efter regnet.,The air is humid after the rain.
ett fundament,Ett fundament är viktigt för att bygga ett hus.,A foundation is important for building a house.
en reformation,En reformation kan förändra samhället.,A reformation can change society.
att grilla,Vi ska grilla hamburgare i helgen.,We will grill hamburgers this weekend.
en italienare,En italienare älskar pasta.,An Italian loves pasta.
en famn,Hon tog honom i en famn när han kom hem.,She took him in her arms when he came home.
genomgripande,Förändringarna i samhället är genomgripande och påverkar alla.,The changes in society are sweeping and affect everyone.
ett skägg,Han har ett skägg som ser väldigt fint ut.,He has a beard that looks very nice.
att slappna av,Jag behöver att slappna av efter en lång dag.,I need to relax after a long day.
en medalj,Hon fick en medalj för sitt fantastiska arbete.,She received a medal for her fantastic work.
expansiv,Huset har en expansiv trädgård.,The house has an expansive garden.
en matlagning,Jag gillar en matlagning med färska ingredienser.,I like a cooking with fresh ingredients.
en rytm,Musik har en rytm som får mig att dansa.,Music has a rhythm that makes me want to dance.
en elefant,En elefant är stor och grå.,An elephant is big and gray.
patetisk,Hans ursäkt var patetisk.,His excuse was pathetic.
ett batteri,Jag behöver ett batteri till min kamera.,I need a battery for my camera.
att tippa,Jag vill tippa resultatet på matchen.,I want to predict the result of the match.
en ambulans,Jag behöver en ambulans nu!,I need an ambulance now!
en bearbetning,En bearbetning av data kan ta tid.,A processing of data can take time.
ett huvudkontor,Företaget har ett huvudkontor i Stockholm.,The company has a head office in Stockholm.
att precisera,Vi behöver att precisera våra mål för projektet.,We need to specify our goals for the project.
en folkmassa,Det är svårt att se genom folkmassan.,It is hard to see through the crowd.
ohållbar,Den nuvarande situationen är ohållbar för många familjer.,The current situation is untenable for many families.
en revision,En revision av rapporten behövs innan vi presenterar den.,A revision of the report is needed before we present it.
att såra,Ibland kan ord såra mer än knivar.,Sometimes words can hurt more than knives.
en mix,Jag gillar en mix av frukter i min smoothie.,I like a mix of fruits in my smoothie.
en vy,Vi såg en vacker vy från berget.,We saw a beautiful view from the mountain.
en diplomat,En diplomat arbetar för fred mellan länder.,A diplomat works for peace between countries.
en affisch,Jag såg en affisch för konserten på stan.,I saw a poster for the concert in town.
att associera,Jag gillar att associera musik med min barndom.,I like to associate music with my childhood.
en kalkyl,Jag gjorde en kalkyl för att se om jag har råd med en ny bil.,I made a calculation to see if I can afford a new car.
konstgjord,Konstgjord andning kan rädda liv.,Artificial respiration can save lives.
en polack,En polack är ofta stolt över sin kultur.,A Pole is often proud of his culture.
en renovering,Vi planerar en renovering av vårt kök.,We are planning a renovation of our kitchen.
en maffia,En maffia styr staden i hemlighet.,A mafia secretly controls the city.
en snickare,En snickare bygger ett hus av trä.,A carpenter builds a house out of wood.
en teolog,En teolog studerar religiösa frågor.,A theologian studies religious questions.
väster om,Staden ligger väster om sjön.,The city is located west of the lake.
en kontinuitet,Det är viktigt att skapa en kontinuitet i vårt arbete.,It is important to create a continuity in our work.
marginell,Hans förslag var marginellt bättre än det andra.,His suggestion was marginally better than the other.
ojämn,Vägen är ojämn och svår att köra på.,The road is uneven and hard to drive on.
att skoja,Han gillar att skoja med sina vänner.,He likes to joke with his friends.
ett tangentbord,Jag skriver på ett tangentbord.,I am typing on a keyboard.
en migration,En migration av fåglar sker varje år.,A migration of birds happens every year.
en säck,Jag har en säck med äpplen.,I have a bag of apples.
en körning,Jag gillar en körning på landet.,I enjoy a drive in the countryside.
blond,Min vän är blond och har blå ögon.,My friend is blond and has blue eyes.
en dygd,En dygd är viktig för att leva ett gott liv.,A virtue is important for living a good life.
en förorening,En förorening kan skada miljön.,A pollutant can harm the environment.
svenskspråkig,Jag läser en svenskspråkig bok.,I am reading a Swedish-speaking book.
en lera,Jag gillar att leka med en lera.,I like to play with a clay.
en befattning,Hon har fått en befattning som projektledare.,She has been appointed to a position as project manager.
ett föredöme,Hon är ett föredöme för alla sina vänner.,She is a role model for all her friends.
genetiskt,"Vi är genetiskt lika, men ändå olika.","We are genetically similar, but still different."
att sucka,Hon började att sucka när hon såg räkningen.,She started to sigh when she saw the bill.
att framhäva,Kläderna framhäver hennes stil.,The clothes accentuate her style.
ett laboratorium,Det finns ett laboratorium på universitetet.,There is a laboratory at the university.
att strypa,Han försökte strypa sin rädsla och tala inför publiken.,He tried to strangle his fear and speak in front of the audience.
kroppslig,Kroppslig träning är viktigt för hälsan.,Physical exercise is important for health.
en pool,Vi spelar en pool varje fredag kväll.,We play pool every Friday night.
en sionism,En sionism handlar om att stödja det judiska folket.,Zionism is about supporting the Jewish people.
ett uttag,Jag behöver hitta ett uttag för att ladda min telefon.,I need to find a socket to charge my phone.
en begynnelse,En begynnelse är alltid spännande.,A beginning is always exciting.
likartad,De två klänningarna är likartade.,The two dresses are similar.
en slakt,Det var en slakt på gården i morse.,There was a slaughter on the farm this morning.
en naturvetenskap,En naturvetenskap förklarar hur världen fungerar.,A natural science explains how the world works.
en premie,Jag fick en premie för att jag vann tävlingen.,I received a prize for winning the competition.
ett snus,Jag gillar att använda ett snus när jag umgås med vänner.,I like to use snuff when I hang out with friends.
att tillgå,Det finns mycket att tillgå i biblioteket.,There is a lot available in the library.
vadå,"Vadå, ska vi gå nu?","What, are we going now?"
ett valresultat,Ett valresultat kan påverka framtiden.,An election result can affect the future.
västerut,Vi åker västerut mot havet.,We are going west towards the sea.
en diamant,En diamant glittrar i solen.,A diamond sparkles in the sun.
en kulle,Vi klättrade upp på en kulle för att se solnedgången.,We climbed up a hill to see the sunset.
att avlyssna,Polisen använde teknik för att avlyssna samtalen.,The police used technology to monitor the conversations.
bärbar,Min bärbara dator är lätt att ta med mig.,My laptop is easy to take with me.
en förkylning,Jag har en förkylning och känner mig trött.,I have a cold and feel tired.
ett piano,Jag spelar på ett piano.,I play on a piano.
en plåga,Huvudvärk är en plåga som jag inte kan stå ut med.,A headache is a pain that I can't stand.
att signalera,Jag behöver signalera min ankomst till festen.,I need to signal my arrival at the party.
en snubbe,En snubbe hjälpte mig att bära kassen.,A guy helped me carry the bag.
en eftergift,Vi fick en eftergift på skatten i år.,We received a concession on the taxes this year.
en major,En major spelar en viktig roll i militären.,A major plays an important role in the military.
en veterinär,Min katt behöver gå till en veterinär.,My cat needs to go to a veterinary.
en utopi,Många drömmer om en utopi där alla lever i fred.,Many dream of a utopia where everyone lives in peace.
att författa,Jag vill författa en berättelse om mina äventyr.,I want to author a story about my adventures.
en gräsmatta,Vi sitter på en gräsmatta och njuter av solen.,We are sitting on a lawn and enjoying the sun.
att bifoga,Kom ihåg att bifoga filerna innan du skickar mejlet.,Remember to attach the files before you send the email.
att parkera,Det är svårt att parkera i stan.,It is difficult to park in the city.
ett fastland,Vi ska åka till ett fastland för att besöka våra vänner.,We are going to the mainland to visit our friends.
en mentalitet,En mentalitet att alltid lära sig är viktig för framgång.,A mentality to always learn is important for success.
ett slagfält,Ett slagfält kan vara mycket farligt.,A battlefield can be very dangerous.
en stimulans,En stimulans kan hjälpa oss att vara mer kreativa.,A stimulus can help us be more creative.
ett proffs,Han är ett proffs på att spela gitarr.,He is a pro at playing guitar.
en ekvation,En ekvation kan vara svår att lösa.,An equation can be difficult to solve.
en repris,Det blir en repris av den populära serien ikväll.,There will be a replay of the popular series tonight.
rådgivande,Jag behöver rådgivande hjälp med mitt projekt.,I need advisory help with my project.
vinnande,Det vinnande laget fick en stor pokal.,The winning team received a big trophy.
diskret,Hon var diskret när hon gav råd.,She was discreet when she gave advice.
en befallning,Hon följde befallningen utan att tveka.,She followed the order without hesitation.
en pipa,Han röker tobaksblandning i en pipa.,He smokes tobacco blend in a pipe.
en kjol,Hon har på sig en kjol.,She is wearing a skirt.
en bubbla,En bubbla svävar i luften.,A bubble floats in the air.
ett mirakel,Ett mirakel kan hända när man minst anar det.,A miracle can happen when you least expect it.
hednisk,Hednisk tro är gammal och fascinerande.,Heathen belief is old and fascinating.
en lök,Hon köpte en lök till sin sallad.,She bought an onion for her salad.
en infektion,Jag har en infektion i min fot.,I have an infection in my foot.
en integrering,En integrering av kulturer är viktig för samhället.,An integrating of cultures is important for society.
att uträtta,Jag måste uträtta mina ärenden innan jag går hem.,I need to take care of my errands before I go home.
en älskling,Du är min älskling.,You are my darling.
en pedagog,En pedagog hjälper barn att lära sig.,A pedagogue helps children learn.
kvalitativ,Kvalitativ forskning ger djupare insikter.,Qualitative research provides deeper insights.
en motorcykel,Jag åker gärna på en motorcykel.,I like to ride a motorcycle.
en styrelseledamot,Hon är en styrelseledamot i företaget.,She is a board member of the company.
tvärt,Han stannade tvärt när han såg en orm.,He suddenly stopped when he saw a snake.
en domän,En domän av kunskap är viktig för att växa.,A domain of knowledge is important for growth.
ett subjekt,Ett subjekt är viktigt i en mening.,A subject is important in a sentence.
en fana,En fana svajar i vinden.,A banner flutters in the wind.
en fax,Jag skickade en fax till kontoret.,I sent a fax to the office.
att belasta,Jag vill inte belasta mitt bankkonto mer.,I don't want to burden my bank account any further.
en föreläsare,En föreläsare berättade om sitt forskningsarbete.,A lecturer talked about his research work.
en lagstiftare,En lagstiftare skriver nya lagar för folket.,A legislator writes new laws for the people.
ett högkvarter,Vi träffades på ett högkvarter för att planera vårt projekt.,We met at a headquarters to plan our project.
att fascinera,Konst kan verkligen fascinera människor.,Art can truly fascinate people.
fånig,Det är fånigt att gråta över spilld mjölk.,It's silly to cry over spilled milk.
en administratör,En administratör hjälper oss med våra dokument.,An administrator helps us with our documents.
förälskad,Jag är förälskad i henne.,I am in love with her.
att gagna,Att hjälpa andra gynnar samhället.,Helping others benefits the community.
att modifiera,Det är viktigt att modifiera din plan för att få bättre resultat.,It's important to modify your plan to get better results.
att realisera,Vi måste realisera vår dröm om att resa jorden runt.,We must realize our dream of traveling around the world.
ett samlag,Ett samlag är en viktig del av en romantisk relation.,A sexual intercourse is an important part of a romantic relationship.
att skymta,Jag skymtade en fågel i trädet.,I glimpsed a bird in the tree.
en utbredning,Det finns en utbredning av nya idéer i samhället.,There is a spread of new ideas in society.
en utkant,Vi bor i en utkant av staden.,We live on the outskirts of the city.
envis,Han är så envis att han aldrig ger upp.,He is so stubborn that he never gives up.
en syndare,En syndare kan alltid be om förlåtelse.,A sinner can always ask for forgiveness.
en paradox,Det är en paradox att vi har så mycket information men ändå känner oss ensamma.,It is a paradox that we have so much information yet still feel lonely.
en bräda,Jag behöver en bräda för att bygga en bänk.,I need a board to build a bench.
en ordbok,Jag använder en ordbok för att lära mig svenska.,I use a dictionary to learn Swedish.
en översättare,Jag vill bli en översättare när jag blir stor.,I want to be a translator when I grow up.
en avkomma,Hunden fick en avkomma i våras.,The dog had an offspring in the spring.
att avlägga,Han måste avlägga provet nästa vecka.,He must take the exam next week.
en utnämning,Hon fick en utnämning till chef för projektet.,She received an appointment as the project manager.
en riddare,En riddare skyddar de svaga.,A knight protects the weak.
ett handikapp,"Ett handikapp kan vara en utmaning, men det finns alltid lösningar.","A handicap can be a challenge, but there are always solutions."
en myra,En myra är liten men stark.,An ant is small but strong.
en hop,Det ligger en hop kläder på golvet.,There is a heap of clothes on the floor.
att föreläsa,Jag ska föreläsa om historia imorgon.,I will give a lecture about history tomorrow.
besläktad,"Ordet ""familj"" är besläktad med ""släkt"".","The word ""family"" is related to ""kin""."
en halvö,Vi besökte en halvö i somras.,We visited a peninsula last summer.
en sammanslagning,En sammanslagning av företagen skapade fler jobb.,A merger of the companies created more jobs.
en yngling,En yngling springer snabbt i parken.,A young man runs fast in the park.
att klassificera,Vi behöver att klassificera böckerna i biblioteket.,We need to classify the books in the library.
att spruta,Jag sprutar vatten på blommorna varje dag.,I spray water on the flowers every day.
att spärra,Vi måste spärra vägen på grund av byggarbete.,We have to block the road due to construction work.
en biograf,Vi ska gå till en biograf och se en ny film.,We are going to a cinema to watch a new movie.
en klan,En klan är stark och enad.,A clan is strong and united.
en löpning,Jag gillar en löpning på morgonen.,I enjoy a run in the morning.
en profit,Företaget gjorde en profit på bekostnad av sina anställda.,The company made a profit at the expense of its employees.
en hållbarhet,En hållbarhet är viktigt för vår framtid.,Sustainability is important for our future.
ett foder,Katten äter sitt foder varje morgon.,The cat eats its feed every morning.
en framsida,En framsida av tidningen är alltid full av nyheter.,The front page of the newspaper is always full of news.
solidarisk,Vi måste vara solidarisk med våra vänner.,We must be loyal to our friends.
en tallrik,Jag behöver en tallrik för min middag.,I need a plate for my dinner.
en nominering,Jag fick en nominering till bästa skådespelare.,I received a nomination for best actor.
en handbok,Jag läser en handbok om trädgårdsskötsel.,I am reading a handbook on gardening.
en debut,Hon gjorde en debut som sångerska i kväll.,She made her debut as a singer tonight.
en försiktighet,En försiktighet är viktigt när man kör bil.,A caution is important when driving a car.
en groda,En groda hoppade över sjön.,A frog jumped over the lake.
en hobby,Att spela gitarr är min hobby.,Playing guitar is my hobby.
bidragande,Hans bidragande idéer hjälpte oss att lösa problemet.,His contributing ideas helped us solve the problem.
att blomstra,Blommor blomstrar på våren.,Flowers bloom in the spring.
ett välbefinnande,Ett välbefinnande är viktigt för vårt liv.,A well-being is important for our lives.
en deg,Jag bakar en deg till brödet.,I am making a dough for the bread.
en demo,Vi ska gå på en demo imorgon.,We are going to a demo tomorrow.
en fiskare,En fiskare står vid sjön.,A fisherman stands by the lake.
en ryggsäck,Jag har en ryggsäck för skolan.,I have a backpack for school.
att behaga,Jag försöker alltid att behaga mina vänner.,I always try to please my friends.
ekumenisk,Ekumenisk dialog är viktig för fred.,Ecumenical dialogue is important for peace.
en partikel,En partikel kan påverka hela experimentet.,A particle can affect the whole experiment.
svettig,Det var en svettig dag när vi sprang loppet.,It was a sweaty day when we ran the race.
en tårta,Jag bakar en tårta till födelsedagen.,I am baking a cake for the birthday.
en utsida,Vi ska gå ut på en utsida och njuta av solen.,We will go outside and enjoy the sun.
att drunkna,Jag är rädd för att drunkna i havet.,I am afraid of drowning in the sea.
kognitiv,Kognitiv träning kan förbättra ditt minne.,Cognitive training can improve your memory.
en prägel,En prägel av kärlek finns i hennes ord.,A stamp of love is present in her words.
en klang,Klockan slår och ger en vacker klang.,The clock strikes and gives a beautiful chime.
en pc,Jag använder en pc för att studera.,I use a pc to study.
en faktura,Jag fick en faktura från företaget.,I received an invoice from the company.
oroväckande,Det är oroväckande att höra om bränderna.,It is worrying to hear about the fires.
en broschyr,Jag läste en broschyr om resor till Sverige.,I read a brochure about trips to Sweden.
ett mästerskap,Vi ska vinna ett mästerskap i fotboll.,We will win a championship in football.
en terror,En terror kan vara skrämmande.,A terror can be frightening.
en duk,Jag la en duk på bordet för middagen.,I put a tablecloth on the table for dinner.
en expertis,Hon har en expertis inom matematik.,She has an expertise in mathematics.
en jungfru,En jungfru dansade i månens ljus.,A virgin danced in the moonlight.
en utgivning,Det kommer en ny utgivning av tidningen nästa vecka.,A new issue of the newspaper will be released next week.
en avundsjuka,En avundsjuka kan förstöra vänskaper.,An envy can ruin friendships.
multinationell,Multinationella företag finns över hela världen.,Multinational companies exist all over the world.
ett vett,Han har inget vett när han beter sig så här.,He has no sense when he behaves like this.
en insättning,Jag gjorde en insättning på mitt bankkonto.,I made a deposit into my bank account.
statisk,Statisk elektricitet kan ge små stötar.,Static electricity can give small shocks.
en stavning,En stavning kan vara svår ibland.,A spelling can be hard sometimes.
att steka,Jag gillar att steka ägg till frukost.,I like to fry eggs for breakfast.
att bedra,Han försökte alltid att bedra sina vänner.,He always tried to deceive his friends.
en förvandling,En förvandling kan vara spännande och skrämmande.,A transformation can be exciting and scary.
snäv,Min snäva skjorta passar inte längre.,My tight shirt doesn't fit anymore.
att läka,Kroppen behöver tid att läka efter en skada.,The body needs time to heal after an injury.
en nagel,Jag har en nagel som är brutet.,I have a nail that is broken.
utdragen,Mötet var utdraget och tråkigt.,The meeting was drawn-out and boring.
överordnad,Min chef är min överordnad.,My boss is my superior.
att tillbe,Vi tillber solen varje sommar.,We worship the sun every summer.
en avsändare,"Jag fick ett brev, men jag vet inte vem avsändaren är.","I received a letter, but I don't know who the sender is."
beklaglig,Det är en beklaglig situation att inte kunna hjälpa sina vänner.,It is a regrettable situation not being able to help your friends.
en sköld,Jag håller en sköld för att skydda mig.,I hold a shield to protect myself.
ett syre,Ett syre är viktigt för att vi ska leva.,Oxygen is important for us to live.
att bubbla,Vattnet börjar bubbla i grytan.,The water starts to bubble in the pot.
att kväva,Hon kände att rädslan kvävde hennes tankar.,She felt that fear was choking her thoughts.
att motstå,Det är svårt att motstå frestelsen av choklad.,It is hard to resist the temptation of chocolate.
en väktare,En väktare står vid ingången till museet.,A guard is standing at the entrance to the museum.
en express,Jag tar en express till Stockholm.,I am taking an express to Stockholm.
en häxa,En häxa flyger på en kvast.,A witch flies on a broomstick.
att irritera,Det är lätt att irritera mig när det är för högt ljud.,It’s easy to irritate me when there is too much noise.
en lärobok,Jag läser en lärobok för att lära mig svenska.,I am reading a textbook to learn Swedish.
en nerv,En nerv går från hjärnan till handen.,A nerve goes from the brain to the hand.
att pendla,Jag måste pendla till jobbet varje dag.,I have to commute to work every day.
att trakassera,Det är inte okej att trakassera andra människor.,It is not okay to harass other people.
en förvaring,Jag behöver en förvaring för mina böcker.,I need a storage for my books.
en oskuld,Hon är en oskuld som drömmer om kärlek.,She is a virgin who dreams of love.
sydlig,Vi åker söderut för att njuta av solen.,We are going south to enjoy the sun.
en gudinna,Hon är en gudinna av skönhet.,She is a goddess of beauty.
en sponsor,En sponsor hjälper laget att vinna.,A sponsor helps the team to win.
en bekantskap,Jag har en bekantskap med henne från skolan.,I have an acquaintance with her from school.
skoj,Skoj är viktigt för att må bra.,Fun is important for feeling good.
en filial,Vi har en filial i Stockholm.,We have a branch in Stockholm.
en kvalifikation,En kvalifikation för detta jobb är en högskoleutbildning.,A qualification for this job is a college degree.
att ratificera,Vi måste ratificera avtalet snart.,We need to ratify the agreement soon.
en spis,Jag lagar mat på en spis.,I cook on a stove.
en strumpa,Jag har bara en strumpa kvar.,I only have one sock left.
en hetta,En hetta gör att jag svettas.,A heat makes me sweat.
att kyssa,Jag vill kyssa dig.,I want to kiss you.
sekundär,Sekundär information är ofta viktig för att förstå helheten.,Secondary information is often important to understand the whole.
utmanande,"Det var en utmanande uppgift, men jag klarade den.","It was a challenging task, but I completed it."
att avbilda,Konstnären älskar att avbilda naturen i sina målningar.,The artist loves to depict nature in his paintings.
en segling,Vi ska åka på en segling i helgen.,We are going for a sailing this weekend.
drastisk,Förändringen var drastisk och chockade alla.,The change was drastic and shocked everyone.
en korg,Jag lägger mina gamla tidningar i en korg.,I put my old newspapers in a basket.
avsiktligt,Hon gjorde det avsiktligt för att såra honom.,She did it deliberately to hurt him.
att tystna,Pratet tystnade när läraren kom in i rummet.,The chatter became silent when the teacher entered the room.
underjordisk,Katten grävde i den underjordiska tunneln.,The cat dug in the underground tunnel.
entusiastisk,Hon är alltid entusiastisk när vi pratar om resor.,She is always enthusiastic when we talk about travel.
en talarstol,Hon stod bakom en talarstol och talade till publiken.,She stood behind a rostrum and spoke to the audience.
en omöjlighet,Att klara av allt på en dag är en omöjlighet.,To get everything done in one day is an impossibility.
att kriga,Vi måste ibland kriga för våra rättigheter.,We must sometimes fight for our rights.
ett kylskåp,Jag har ett kylskåp i mitt kök.,I have a refrigerator in my kitchen.
ett skoj,Vi hade ett skoj på kaféet och skrattade mycket.,We had a banter at the café and laughed a lot.
att omkomma,Många människor omkom i olyckan.,Many people died in the accident.
territoriell,Territoriell strid mellan fåglarna är vanlig på våren.,Territorial battles between the birds are common in spring.
provisorisk,Den provisoriska lösningen fungerade bra för ett tag.,The provisional solution worked well for a while.
en tablett,Jag tar en tablett varje dag.,I take a tablet every day.
en galax,En galax är full av stjärnor.,A galaxy is full of stars.
en sallad,Jag äter en sallad till lunch.,I am eating a salad for lunch.
berömd,Svenska köttbullar är berömda över hela världen.,Swedish meatballs are renowned all over the world.
en hjälm,Jag behöver en hjälm när jag cyklar.,I need a helmet when I ride my bike.
teknologisk,Teknologisk utveckling är viktig för framtiden.,Technological development is important for the future.
att försumma,Du kan inte försumma dina studier om du vill klara provet.,You cannot neglect your studies if you want to pass the exam.
föråldrad,Den gamla telefonen är föråldrad.,The old phone is antiquated.
en komplexitet,En komplexitet kan göra uppgiften svårare.,A complexity can make the task harder.
kronisk,Jag har en kronisk hosta.,I have a chronic cough.
ett geni,Han är ett geni på matematik.,He is a genius in mathematics.
en kvadratmeter,Rummet är tio kvadratmeter stort.,The room is ten square meters large.
att tillfoga,Jag vill inte tillfoga någon mer smärta.,I don't want to inflict any more pain.
en upprepning,En upprepning av lektionen hjälper alla att förstå bättre.,A repetition of the lesson helps everyone understand better.
att cirkulera,Människorna börjar att cirkulera runt torget.,People start to circulate around the square.
kvantitativ,Kvantitativ analys hjälper oss att förstå data bättre.,Quantitative analysis helps us understand data better.
en kvot,Vi måste följa kvoten för att alla ska få lika mycket.,We must follow the quota so that everyone gets an equal share.
hallå,"Hallå, hur mår du?","Hello, how are you?"
en tröskel,En tröskel är ofta en viktig del av en dörr.,A threshold is often an important part of a door.
ett syndrom,Ett syndrom kan påverka många människor.,A syndrome can affect many people.
en tvilling,Min vän har en tvilling som heter Anna.,My friend has a twin named Anna.
att modernisera,Vi måste modernisera vår teknik för att bli mer effektiva.,We need to modernise our technology to become more efficient.
en stämpel,Jag behöver en stämpel på mitt brev.,I need a stamp on my letter.
en autonomi,En autonomi ger folk möjlighet att bestämma över sina liv.,An autonomy gives people the opportunity to decide over their lives.
ett mjöl,Jag behöver ett mjöl för att baka bröd.,I need a flour to bake bread.
vägledande,En vägledande bok kan hjälpa dig att hitta rätt väg.,A guiding book can help you find the right path.
ett slagsmål,Det blev ett slagsmål på skolgården.,There was a fight in the schoolyard.
en semifinal,Vi ska se på en semifinal i kväll.,We are going to watch a semifinal tonight.
att diktera,Vi behöver att diktera brevet till sekreteraren.,We need to dictate the letter to the secretary.
lärorik,Lektionerna i skolan är mycket lärorika.,The lessons in school are very instructive.
en samarbetspartner,Vi behöver en samarbetspartner för vårt projekt.,We need a collaborator for our project.
envar,Envar kan göra skillnad.,Everybody can make a difference.
en bokhandel,Jag köpte en bok på en bokhandel.,I bought a book at a bookstore.
dunkel,"Det är dunkel här inne, jag ser knappt något.","It is dim in here, I can hardly see anything."
en reparation,Jag behöver göra en reparation på min cykel.,I need to make a repair on my bike.
en docka,Jag lekte med en docka hela dagen.,I played with a doll all day.
ett obehag,Det är ett obehag att alltid behöva vänta.,It is an unease to always have to wait.
originell,Hans idéer är alltid så originella.,His ideas are always so original.
ett galleri,Jag besökte ett galleri i helgen.,I visited a gallery over the weekend.
ökänd,Den ökända tjuven blev äntligen fångad.,The infamous thief was finally caught.
en mottagning,Mottagningen öppnar klockan åtta på morgonen.,The reception opens at eight in the morning.
en intensitet,Träning kräver en intensitet för att vara effektiv.,Exercise requires an intensity to be effective.
en modernisering,Vi behöver en modernisering av vårt bibliotek.,We need a modernisation of our library.
visuell,Visuell konst kan vara mycket inspirerande.,Visual art can be very inspiring.
en kommentator,En kommentator pratar under matchen.,A commentator talks during the match.
ett beskydd,Ett beskydd är viktigt för att bevara naturen.,A protection is important to preserve nature.
döv,Han är döv och kan inte höra musiken.,He is deaf and cannot hear the music.
att knäppa,Han glömde att knäppa sin jacka innan han gick ut.,He forgot to button up his jacket before going outside.
grundlig,Hon gjorde en grundlig genomgång av läxorna.,She did a thorough review of the homework.
ett husdjur,Jag har ett husdjur som heter Max.,I have a pet named Max.
halvvägs,Vi är halvvägs till målet.,We are halfway to the goal.
en tomhet,En tomhet kan kännas efter en förlust.,An emptiness can be felt after a loss.
en ansats,Vi gjorde en ansats till att lösa problemet.,We made an attempt to solve the problem.
iskall,Vattnet i sjön är iskallt.,The water in the lake is ice-cold.
ofattbar,Det var ofattbar hur mycket snö som föll på en natt.,It was incomprehensible how much snow fell in one night.
en tiger,En tiger är ett stort och starkt djur.,A tiger is a large and strong animal.
en applikation,Jag har laddat ner en applikation för att lära mig svenska.,I have downloaded an application to learn Swedish.
ett självstyre,Ett självstyre ger människor mer frihet.,A self-rule gives people more freedom.
ett mästerverk,Det här målet är ett mästerverk.,This dish is a masterpiece.
en svett,En svett rann nerför min panna.,A sweat ran down my forehead.
att studsa,Bollen studsar på golvet.,The ball bounces on the floor.
en optimism,En optimism kan göra dagen ljusare.,An optimism can make the day brighter.
en uppgradering,Jag behöver en uppgradering av min dator.,I need an upgrade for my computer.
att befordra,Jag vill befordra ditt meddelande till chefen.,I want to pass your message along to the boss.
att intyga,Jag kan intyga att han gjorde sitt bästa.,I can affirm that he did his best.
att vinka,Barnen gillar att vinka till sina vänner.,The children like to wave to their friends.
en motsägelse,Det är en motsägelse att säga att man vill ha fred men också kriga.,It is a contradiction to say that one wants peace but also to fight.
en martyr,Hon blev en martyr för sina idéer.,She became a martyr for her ideas.
en satellit,En satellit snurrar runt jorden.,A satellite orbits around the Earth.
uppriktig,Hon var alltid uppriktig med sina vänner.,She was always candid with her friends.
en bedrift,Att klara av att bestiga berget var en bedrift.,To manage to climb the mountain was an achievement.
en förvaltare,En förvaltare tar hand om pengarna.,A manager takes care of the money.
biträdande,Min biträdande chef hjälper mig alltid.,My assistant manager always helps me.
en segrare,Hon blev en segrare efter många hårda träningar.,She became a winner after many hard trainings.
att dumpa,Jag vill inte dumpa min gamla telefon.,I don't want to dump my old phone.
en övervikt,En övervikt av röster stödde förslaget.,A majority of the votes supported the proposal.
att kollapsa,Byggnaden riskerar att kollapsa om den inte repareras.,The building risks collapsing if it is not repaired.
en städning,Vi behöver göra en städning i rummet.,We need to do a cleaning in the room.
att borra,Jag behöver att borra ett hål i väggen.,I need to drill a hole in the wall.
nyfödd,Den nyfödda baby sover lugnt.,The newborn baby sleeps peacefully.
ett smink,Jag behöver ett smink för festen.,I need a make-up for the party.
en parentes,Skriv gärna en parentes om du vill förtydliga din mening.,Please write a parenthesis if you want to clarify your sentence.
infödd,Infödda folk har en rik kultur.,Indigenous people have a rich culture.
en irritation,Jag kände en irritation när jag missade bussen.,I felt an irritation when I missed the bus.
rutten,Äpplen som är rutten kan vara farliga att äta.,Apples that are rotten can be dangerous to eat.
en fakultet,En fakultet på universitetet har många studenter.,A faculty at the university has many students.
en skiss,Jag ritade en skiss av min drömhuset.,I drew a sketch of my dream house.
en rand,Det finns en rand av blått på klänningen.,There is a stripe of blue on the dress.
att festa,Vi ska festa i helgen!,We are going to party this weekend!
frekvent,Han tar frekvent bussen till jobbet.,He takes the bus to work frequently.
en prestanda,Min bil har en fantastisk prestanda.,My car has fantastic performance.
djärv,Han var djärv nog att klättra upp för berget.,He was bold enough to climb the mountain.
omtyckt,Läraren är mycket omtyckt av alla elever.,The teacher is very well-liked by all the students.
ett skrik,Hon gav ifrån sig ett skrik när hon såg ormen.,She let out a shriek when she saw the snake.
förtvivlad,Hon kände sig förtvivlad efter att ha förlorat sin bästa vän.,She felt heartbroken after losing her best friend.
uttrycklig,Vi behöver ett uttryckligt svar på frågan.,We need an explicit answer to the question.
att signera,Jag behöver att signera kontraktet idag.,I need to sign the contract today.
att experimentera,Jag älskar att experimentera med nya recept.,I love to experiment with new recipes.
en födsel,En födsel är en glad händelse.,A birth is a joyful event.
en ombyggnad,Vi planerar en ombyggnad av vårt kök.,We are planning a rebuilding of our kitchen.
en avgrund,Vi stod på kanten av avgrunden och kände rädslan stiga.,We stood on the edge of the abyss and felt the fear rise.
ett kapell,Det finns ett kapell i skogen.,There is a chapel in the forest.
en planta,Jag har en planta i mitt fönster.,I have a plant in my window.
våt,Det är en våt dag idag.,It is a wet day today.
en fångenskap,Fångenskap kan vara en svår tid för många djur.,Captivity can be a difficult time for many animals.
en korrekthet,Korrekthet är viktigt i skolan.,Correctness is important in school.
en variabel,En variabel kan ändras i ett program.,A variable can change in a program.
ett formulär,Jag behöver fylla i ett formulär för att ansöka om jobbet.,I need to fill out a form to apply for the job.
ett gap,Hunden öppnade sitt gap och skällde högt.,The dog opened its mouth and barked loudly.
ett manifest,Jag läser ett manifest för förändring.,I am reading a manifesto for change.
en handlare,En handlare säljer många olika varor.,A trader sells many different goods.
en mobilisering,En mobilisering av resurser är viktig för att hjälpa de drabbade.,A mobilization of resources is important to help those affected.
en återförsäljare,Jag köpte min cykel från en återförsäljare i stan.,I bought my bike from a retailer in town.
en fördjupning,Det finns en fördjupning i marken där vi kan plantera blommor.,There is a depression in the ground where we can plant flowers.
en räv,En räv smög tyst genom skogen.,A fox crept quietly through the forest.
att anvisa,Vi behöver att anvisa platserna för gästerna.,We need to assign the seats for the guests.
definitiv,Det är en definitiv lösning på problemet.,It is a definitive solution to the problem.
misstänksam,Han var misstänksam mot hennes förslag.,He was suspicious of her suggestion.
ett intervall,Jag tränar i ett intervall varje dag.,I train in an interval every day.
en gryta,Jag lagar en gryta med grönsaker.,I am cooking a stew with vegetables.
att återvinna,Vi måste återvinna mer plast för att skydda miljön.,We need to recycle more plastic to protect the environment.
att frakta,Vi behöver frakta varorna till butiken.,We need to ship the goods to the store.
en gumma,Jag såg en gumma som säljer blommor i parken.,I saw an old woman selling flowers in the park.
en ojämlikhet,En ojämlikhet i samhället påverkar alla.,Inequality in society affects everyone.
ett krut,Ett krut ger en kraftig smäll.,Gunpowder gives a strong bang.
en precision,En precision i arbetet är viktig för att lyckas.,A precision in the work is important for success.
att anslå,Vi ska anslå en ny regel på tavlan.,We will post a new rule on the board.
orealistisk,Det är orealistiskt att tro att allt alltid går som man vill.,It is unrealistic to believe that everything always goes as you want.
en copyright,En copyright skyddar konstverk och texter.,A copyright protects artworks and texts.
ett företräde,Ett företräde ger dig möjlighet att gå före i kön.,A priority gives you the chance to go ahead in line.
ett minimum,Jag behöver ett minimum av sömn varje natt.,I need a minimum of sleep every night.
en skolgång,Barn behöver en skolgång för att lära sig.,Children need a schooling to learn.
en giltighet,En giltighet är viktigt för avtalet.,A validity is important for the contract.
att anknyta,Vi måste anknyta våra idéer för att skapa en bra plan.,We need to connect our ideas to create a good plan.
att avskeda,Chefen måste avskeda några anställda i år.,The boss has to fire some employees this year.
en barmhärtighet,En barmhärtighet kan förändra någons liv.,A kindness can change someone's life.
ett gevär,Jag har ett gevär i min garderob.,I have a rifle in my closet.
ett visum,Jag behöver ett visum för att resa till Sverige.,I need a visa to travel to Sweden.
analytisk,Analytisk tänkande är viktigt för att lösa problem.,Analytical thinking is important for solving problems.
en intrig,Det finns alltid en intrig bakom varje berättelse.,There is always an intrigue behind every story.
att förkorta,Jag behöver förkorta min uppsats innan deadline.,I need to shorten my essay before the deadline.
att påträffa,Jag hoppas att jag kan påträffa en bra bok i biblioteket.,I hope that I can come across a good book in the library.
ett skådespel,Jag såg ett skådespel igår kväll.,I saw a play last night.
ett avtryck,Ett avtryck av din hand är kvar i sanden.,An imprint of your hand is left in the sand.
att disponera,Jag har ansvar för att disponera resurserna i projektet.,I am responsible for disposing of the resources in the project.
att knuffa,Han knuffade mig när vi sprang.,He pushed me when we were running.
en vägran,Hans vägran att delta förvånade alla.,His refusal to participate surprised everyone.
en charm,Hon har en charm som alla älskar.,She has a charm that everyone loves.
att uthärda,Det är viktigt att uthärda svåra tider.,It is important to endure difficult times.
högtidlig,Högtidlig musik spelas vid bröllop.,Solemn music is played at weddings.
en komplikation,"Operationen gick bra, men det blev en komplikation.","The operation went well, but there was a complication."
en delegat,En delegat från Sverige deltog i konferensen.,A delegate from Sweden attended the conference.
en socialförsäkring,En socialförsäkring hjälper människor i svåra tider.,Social insurance helps people in difficult times.
öm,Min arm är öm efter träningen.,My arm is sore after the workout.
ett bälte,Jag behöver ett bälte för mina byxor.,I need a belt for my pants.
att privatisera,Många tror att det är bra att privatisera vissa tjänster.,Many believe that it is good to privatise certain services.
en lillebror,Jag har en lillebror som är fem år gammal.,I have a little brother who is five years old.
en smuts,Det ligger en smuts på golvet.,There is dirt on the floor.
en kudde,Jag vill ha en kudde att vila mitt huvud på.,I want a pillow to rest my head on.
en slätt,Vi gick över en slätt och såg många blommor.,We walked across a plain and saw many flowers.
en kondom,Glöm inte att ta med en kondom.,Don't forget to bring a condom.
en tank,En tank är full av vatten.,A tank is full of water.
en bråkdel,En bråkdel av kakan räcker till alla.,A fraction of the cake is enough for everyone.
ett ögonbryn,Hon har ett ögonbryn som är mycket tjockt.,She has an eyebrow that is very thick.
att undkomma,"Han försökte undkomma problemen, men de kom ikapp honom.","He tried to escape the problems, but they caught up with him."
hejdå,"Vi ses imorgon, hejdå!","See you tomorrow, bye then!"
en spannmål,En spannmål används ofta för att göra bröd.,A grain is often used to make bread.
ett uttal,Ett uttal kan vara svårt att förstå.,A pronunciation can be difficult to understand.
en kompositör,En kompositör skapar vacker musik.,A composer creates beautiful music.
ett korn,Ett korn av sanning kan ibland vara nog för att förstå.,A grain of truth can sometimes be enough to understand.
en täckning,En täckning av snö täcker marken på vintern.,A cover of snow covers the ground in winter.
en anstalt,Hon jobbar på en anstalt för psykisk hälsa.,She works at an institution for mental health.
en förmedling,Jag gick till en förmedling för att få hjälp med att hitta ett jobb.,I went to an agency to get help finding a job.
deprimerad,Jag känner mig deprimerad idag.,I feel depressed today.
en sammankomst,Vi ska ha en sammankomst i parken på lördag.,We will have a gathering in the park on Saturday.
vänligen,Vänligen stäng dörren när du går.,Kindly close the door when you leave.
en grymhet,En grymhet kan påverka många liv.,Cruelty can affect many lives.
nykter,Han var nykter när han gjorde sitt val.,He was sober when he made his choice.
solid,Det är viktigt att ha en solid plan.,It is important to have a solid plan.
idealisk,En idealisk dag börjar med sol och skratt.,An ideal day starts with sunshine and laughter.
en pyramid,En pyramid är en intressant byggnad.,A pyramid is an interesting building.
en stövel,Jag har köpt en stövel för vintern.,I have bought a boot for winter.
en gråt,Hon bröt ihop och fick en gråt.,She broke down and had a crying.
ett täcke,Jag älskar mitt täcke på kalla nätter.,I love my duvet on cold nights.
att blinka,Jag såg bilen blinka när den svängde.,I saw the car indicate when it turned.
en gränd,Vi gick genom en gränd för att komma till caféet.,We walked through an alley to get to the café.
otillåten,Att köra utan körkort är otillåten.,Driving without a license is prohibited.
en prestige,En prestige är viktigt inom företagsvärlden.,A prestige is important in the business world.
en tolk,Jag behöver en tolk för att förstå vad de säger.,I need an interpreter to understand what they are saying.
en reträtt,Vi ska ha en reträtt i helgen för att koppla av.,We will have a retreat this weekend to relax.
en nolla,Jag känner mig som en nolla i skolan just nu.,I feel like a nobody in school right now.
en bricka,Jag ställer maten på en bricka.,I put the food on a tray.
en korrigering,Jag behöver en korrigering av mitt arbete.,I need a correction of my work.
lyxig,Det här hotellet är mycket lyxigt.,This hotel is very luxurious.
en reaktor,Reaktorn är viktig för energiproduktionen.,The reactor is important for energy production.
en banan,Jag äter en banan varje dag.,I eat a banana every day.
en kult,En kult kan vara farlig för medlemmarna.,A cult can be dangerous for its members.
en komedi,Jag älskar att titta på en komedi på kvällen.,I love to watch a comedy in the evening.
ett trick,Det är ett trick att få katten att dansa.,It's a trick to make the cat dance.
en separation,En separation kan vara svår för många.,A separation can be hard for many.
att avlösa,Jag ska avlösa dig vid kassan klockan tre.,I will relieve you at the cashier at three o'clock.
att betvivla,Jag börjar att betvivla hans berättelse.,I am starting to doubt his story.
likaledes,"Hon gillar att läsa böcker, likaledes tycker hon om att skriva.","She likes to read books; similarly, she enjoys writing."
en retur,Jag måste göra en retur av den trasiga lampan.,I need to make a return of the broken lamp.
ett dussin,Jag köpte ett dussin ägg.,I bought a dozen eggs.
kylig,Det var en kylig kväll när vi gick hem.,It was a chilly evening when we walked home.
ett dröjsmål,Det var ett dröjsmål med leveransen av paketet.,There was a delay with the delivery of the package.
en grädde,Jag vill ha en grädde på min tårta.,I want cream on my cake.
ett intellekt,Ett intellekt kan hjälpa oss att lösa svåra problem.,An intellect can help us solve difficult problems.
en aggression,Hon kände en aggression när hon hörde deras kommentarer.,She felt an aggression when she heard their comments.
en buske,Det växer en buske i min trädgård.,There is a bush growing in my garden.
minderårig,Minderåriga får inte köpa alkohol.,Minors cannot buy alcohol.
att spinna,Katten älskar att spinna när jag klappar den.,The cat loves to purr when I pet it.
en interaktion,En interaktion mellan människor kan vara intressant.,An interaction between people can be interesting.
en terminologi,Terminologi är viktigt för att förstå ämnet.,Terminology is important for understanding the subject.
östlig,Den östliga solen stiger tidigt på morgonen.,The eastern sun rises early in the morning.
ett avsked,Vi sa ett avsked till vår vän vid stationen.,We said a farewell to our friend at the station.
hal,Vägen är hal på vintern.,The road is slippery in winter.
en rival,Min vän har en rival i skolan.,My friend has a rival at school.
att proklamera,Vi ska proklamera vår nya plan på mötet.,We will proclaim our new plan at the meeting.
sofistikerad,Hon har en sofistikerad stil.,She has a sophisticated style.
en spruta,Jag behöver en spruta för att ge medicin till hunden.,I need a syringe to give medicine to the dog.
anständig,Det är viktigt att vara anständig mot andra.,It is important to be decent towards others.
en pump,Jag behöver en pump för att fylla poolen.,I need a pump to fill the pool.
sexig,Hon har en sexig klänning.,She has a sexy dress.
en förflyttning,En förflyttning av möblerna gjorde rummet mer öppet.,A relocation of the furniture made the room more spacious.
en huvudsak,En huvudsak i livet är att vara lycklig.,A main thing in life is to be happy.
att utelämna,Det är viktigt att inte utelämna detaljer.,It is important not to leave out details.
en boskap,En boskap går på ängen.,A cattle is grazing in the meadow.
att exponera,Jag gillar att exponera mina foton för ljus.,I like to expose my photos to light.
lila,Min favoritfärg är lila.,My favorite color is lilac.
att tillägna,Jag vill tillägna denna bok till min bästa vän.,I want to dedicate this book to my best friend.
ett genus,Ett genus kan vara manligt eller kvinnligt.,A gender can be male or female.
ett verb,Ett verb är viktigt för att bilda meningar.,A verb is important for forming sentences.
en köpman,En köpman säljer många varor i sin butik.,A merchant sells many goods in his shop.
att vidarebefordra,Jag behöver vidarebefordra mejlet till dig.,I need to forward the email to you.
att frånta,Att frånta någon deras rättigheter är orättvist.,To disempower someone of their rights is unfair.
interaktiv,Den här appen är interaktiv och rolig att använda.,This app is interactive and fun to use.
att lagstifta,Regeringen behöver lagstifta om miljöskydd.,The government needs to legislate on environmental protection.
en specialitet,Köttbullar är en specialitet i Sverige.,Meatballs are a speciality in Sweden.
att stråla,Solen strålar klart på himlen.,The sun is shining brightly in the sky.
en domkyrka,Vi besökte en domkyrka i Stockholm.,We visited a cathedral in Stockholm.
slapp,Jag kände mig slapp hela dagen.,I felt completely relaxed all day.
att utvinna,Vi behöver utvinna mer energi från solen.,We need to extract more energy from the sun.
upphöjd,Det upphöjda berget erbjuder en fantastisk utsikt.,The elevated mountain offers a fantastic view.
ett vykort,Jag skickade ett vykort från Stockholm.,I sent a postcard from Stockholm.
en assistans,Jag behöver en assistans för mitt projekt.,I need an assistance for my project.
en begåvning,Hon är verkligen en begåvning inom musik.,She is truly a talent in music.
ett måleri,Jag älskar att måla ett måleri på min fritid.,I love to paint a painting in my spare time.
ett påhitt,Det där är ett påhitt som kan förändra världen.,That is an idea that can change the world.
kompakt,Den nya telefonen är kompakt och lätt att bära.,The new phone is compact and easy to carry.
att samtycka,Jag samtycker till förslaget.,I agree to the proposal.
en hälsovård,En hälsovård är viktig för alla.,A health service is important for everyone.
ett lyft,Jag behöver ett lyft för att nå hyllan.,I need a lift to reach the shelf.
en asfalt,En asfalt är svart och slät.,An asphalt is black and smooth.
att underkänna,Läraren beslutade att underkänna eleven i matematik.,The teacher decided to fail the student in mathematics.
en uppoffring,Att hjälpa andra är en uppoffring som alltid lönar sig.,Helping others is a sacrifice that always pays off.
att utrusta,Vi måste utrusta laget med nya skor.,We need to equip the team with new shoes.
att förflyta,Tiden förflyter snabbt när man har roligt.,Time goes by quickly when you're having fun.
en handledning,Jag behöver en handledning för att förstå detta ämne bättre.,I need guidance to understand this subject better.
en oenighet,Det var en oenighet mellan vännerna om vilken film de skulle se.,There was a disagreement among the friends about which movie to watch.
en slogan,En bra slogan kan göra stor skillnad.,A good slogan can make a big difference.
en triumf,Det var en triumf att vinna tävlingen.,It was a triumph to win the competition.
att färdigställa,Vi måste färdigställa projektet innan deadline.,We must complete the project before the deadline.
en skötsel,En skötsel av trädgården kräver tid och omsorg.,Taking care of the garden requires time and attention.
en portal,En portal leder till en vacker trädgård.,A portal leads to a beautiful garden.
överdrivet,Hennes berättelse var överdrivet spännande.,Her story was exaggeratedly exciting.
att applådera,Vi ska applådera efter föreställningen.,We will applaud after the performance.
en husvagn,Vi åker på semester med en husvagn.,We are going on vacation with a motor home.
en vodka,Jag beställde en vodka i baren.,I ordered a vodka at the bar.
en lansering,Vi väntar på en lansering av den nya telefonen.,We are waiting for a launching of the new phone.
en handduk,Jag torkar mig med en handduk.,I dry myself with a towel.
en honung,Jag vill ha en honung i mitt te.,I want a honey in my tea.
en kanin,Jag har en kanin som heter Max.,I have a rabbit named Max.
en målare,En målare målar en vacker tavla.,A painter is painting a beautiful picture.
plågsam,Plågsam sorg kan vara svår att hantera.,Painful grief can be hard to cope with.
en trollkarl,En trollkarl kan göra fantastiska trick.,A magician can do fantastic tricks.
att avancera,Vi vill avancera i våra karriärer.,We want to advance in our careers.
homogen,Blandningen blev homogen efter att vi rörde om.,The mixture became homogeneous after we stirred it.
att skingra,Många människor samlades för att skingra sina tankar i naturen.,Many people gathered to disperse their thoughts in nature.
att underordna,Vi måste underordna våra intressen för att samarbeta.,We must subordinate our interests to cooperate.
en överlägsenhet,Han kände en överlägsenhet när han vann tävlingen.,He felt a superiority when he won the competition.
att krocka,Bilar kan krocka om man inte är försiktig.,Cars can crash if you are not careful.
en filt,Jag sitter på soffan med en filt.,I am sitting on the couch with a blanket.
ett herravälde,Ett herravälde av gamla traditioner påverkar vårt samhälle.,A domination of old traditions influences our society.
en ryttare,En ryttare rider snabbt på hästen.,A rider rides quickly on the horse.
en peppar,Jag gillar att sätta en peppar på min pasta.,I like to put a pepper on my pasta.
nominell,Den nominella summan på fakturan är felaktig.,The nominal amount on the invoice is incorrect.
att spola,Jag behöver spola toaletten.,I need to flush the toilet.
defensiv,Hans defensiv var stark under matchen.,His defense was strong during the match.
en katedral,Vi besökte en katedral i staden.,We visited a cathedral in the city.
fjärran,Fjärran stjärnor lyser klart på natten.,Distant stars shine brightly at night.
skär,Skär rosor är vackra i trädgården.,Pink roses are beautiful in the garden.
en desperation,Ibland känner jag en desperation när jag inte hittar mina nycklar.,Sometimes I feel a desperation when I can't find my keys.
att blöda,Hon skar sig och började blöda.,She cut herself and started to bleed.
en ört,En ört kan göra maten godare.,An herb can make the food tastier.
avslappnad,Jag känner mig avslappnad när jag lyssnar på musik.,I feel relaxed when I listen to music.
en efterlevnad,En efterlevnad av lagen är viktig för samhället.,Observance of the law is important for society.
ett resande,Ett resande kan vara mycket spännande.,A journey can be very exciting.
ett bär,Ett bär är sött och gott.,A berry is sweet and tasty.
ett mysterium,Ett mysterium är svårt att lösa.,A mystery is hard to solve.
omvänt,Omvänt kan man se det som en möjlighet.,"Conversely, one can see it as an opportunity."
en lillasyster,Min lillasyster älskar att rita.,My little sister loves to draw.
en massage,Jag behöver en massage efter jobbet.,I need a massage after work.
märkbar,Det finns en märkbar skillnad mellan de två bilderna.,There is a noticeable difference between the two pictures.
en hane,En hane är den manliga kycklingen.,A cock is the male chicken.
regelrätt,Regelrätt träning är viktig för att bli stark.,Regular training is important to become strong.
en gryning,En gryning ger nytt liv till världen.,A dawn brings new life to the world.
en gudom,En gudom kan ge oss hopp.,A deity can give us hope.
en överste,En överste leder sina soldater med stolthet.,A colonel leads his soldiers with pride.
uttråkad,Jag är uttråkad och vet inte vad jag ska göra.,I am bored and don't know what to do.
en helikopter,En helikopter flyger högt ovanför staden.,A helicopter flies high above the city.
en parasit,En parasit lever på andra organismer.,A parasite lives off other organisms.
en utgrävning,Vi besökte en utgrävning i somras.,We visited an excavation last summer.
en drake,En drake flyger högt på himlen.,A kite flies high in the sky.
att kryssa,Att kryssa i rutan är viktigt för att rösta.,To tick the box is important for voting.
en stolpe,En stolpe står vid vägen.,A pole stands by the road.
en kartong,Jag har en kartong med gamla böcker.,I have a cardboard box with old books.
en realism,Konsten visar en realism som vi sällan ser i verkliga livet.,The art displays a realism that we rarely see in real life.
en stackare,Han är verkligen en stackare som alltid misslyckas.,He is really a wretch who always fails.
en höft,Jag har ont i en höft.,I have pain in a hip.
en skinka,Jag köpte en skinka till festen.,I bought a ham for the party.
stökig,Det är stökigt i mitt rum.,It is messy in my room.
att råna,Han försökte råna banken men blev fångad.,He tried to rob the bank but got caught.
att anförtro,Jag anförtrodde min hemlighet till min bästa vän.,I trusted my secret to my best friend.
en försäljare,En försäljare hjälper kunderna att hitta det de behöver.,A salesperson helps customers find what they need.
ett gränssnitt,Ett gränssnitt är viktigt för att använda programmet.,An interface is important for using the program.
en stängning,En stängning av butiken gör mig ledsen.,A closing-down of the store makes me sad.
elfte,Idag är den elfte oktober.,Today is the eleventh of October.
ett schack,Jag spelar ett schack med min vän.,I am playing a chess game with my friend.
en benägenhet,Hon har en benägenhet att hjälpa andra.,She has a tendency to help others.
ett intag,Ett intag av grönsaker är viktigt för hälsan.,An intake of vegetables is important for health.
ett stadion,Vi ska gå till ett stadion för att se matchen.,We are going to a stadium to watch the game.
autentisk,Den här maten är autentisk och smakrik.,This food is authentic and flavorful.
en blankett,Jag behöver fylla i en blankett för att registrera mig.,I need to fill in a form to register.
en fotografering,Vi har en fotografering på lördag.,We have a photo shoot on Saturday.
en rullstol,Hon sitter i en rullstol.,She is sitting in a wheelchair.
ett årtal,Ett årtal i historien är 1066.,A year in history is 1066.
ett språng,Han tog ett språng över bäcken.,He took a leap over the brook.
en brunn,Vi dricker vatten från en brunn.,We drink water from a well.
artificiell,Konstgjord snö ser ofta mer verklig ut än artificiell snö.,Artificial snow often looks more real than fake snow.
en företagsamhet,En företagsamhet kan leda till stora framgångar.,An enterprising spirit can lead to great successes.
att filtrera,Jag måste filtrera vattnet innan jag dricker det.,I need to filter the water before I drink it.
en förolämpning,Hon tog det som en förolämpning när han skrattade åt henne.,She took it as an insult when he laughed at her.
ett kompani,Soldaterna i ett kompani tränar hårt varje dag.,The soldiers in a company train hard every day.
att subventionera,Regeringen bestämde sig för att subventionera solenergi.,The government decided to subsidize solar energy.
en uthållighet,En uthållighet är viktig för att nå sina mål.,Stamina is important to achieve your goals.
en matsal,Vi äter lunch i matsalen varje dag.,We eat lunch in the dining room every day.
en skymning,En skymning faller över staden.,Dusk falls over the city.
en bekvämlighet,En bekvämlighet i livet är en varm säng.,A comfort in life is a warm bed.
eländig,Det var en eländig dag med regn och ruggigt väder.,It was a miserable day with rain and chilly weather.
ett ark,Jag skrev ett brev på ett ark papper.,I wrote a letter on a sheet of paper.
en bulle,Jag köpte en bulle från bageriet.,I bought a bun from the bakery.
en parad,Det blir en parad på lördag.,There will be a parade on Saturday.
att stressa,"Sluta stressa, det är viktigt att ta det lugnt.","Stop rushing, it's important to take it easy."
en glimt,Jag såg en glimt av solen bakom molnen.,I saw a glimpse of the sun behind the clouds.
en massaker,Det var en fruktansvärd massaker i staden.,It was a terrible massacre in the city.
riklig,Maten på festen var riklig och alla blev mätta.,The food at the party was plentiful and everyone got full.
ett utlopp,Att måla är ett utlopp för mina känslor.,Painting is an outlet for my emotions.
en diplomati,En diplomati är viktig för fred.,A diplomacy is important for peace.
en sås,Jag vill ha en sås till min pasta.,I want a sauce for my pasta.
att omfamna,Jag älskar att omfamna mina vänner när jag är glad.,I love to embrace my friends when I am happy.
att absorbera,Jag vill absorbera all kunskap jag kan.,I want to absorb all the knowledge I can.
en brandman,En brandman släcker elden.,A firefighter puts out the fire.
en lätthet,Att dansa ger en lätthet i livet.,Dancing brings an ease to life.
en uppslutning,Det var en stor uppslutning på konserten.,There was a large attendance at the concert.
ett farväl,Vi sa ett farväl till vår vän vid stationen.,We said a farewell to our friend at the station.
att specificera,Det är viktigt att specificera dina krav.,It is important to specify your requirements.
en broms,Jag behöver en broms för min cykel.,I need a brake for my bike.
en dynasti,En dynasti kan påverka ett lands historia i många år.,A dynasty can influence a country's history for many years.
ett tomrum,Det finns ett tomrum i mitt hjärta efter att du har åkt.,There is a void in my heart after you left.
en förbrukning,En förbrukning av resurser kan leda till problem.,A consumption of resources can lead to problems.
att klia,Jag måste klia mig på armen för att få bort klådan.,I have to scratch my arm to get rid of the itch.
att tillgripa,Han blev dömd för att ha tillgripit pengar.,He was convicted of misappropriating money.
trög,Han är alltid så trög på morgonen.,He is always so sluggish in the morning.
en välgörenhet,En välgörenhet hjälper människor i nöd.,A charity helps people in need.
en instinkt,En instinkt säger mig att jag ska springa.,An instinct tells me that I should run.
hädanefter,Hädanefter ska jag läsa mer varje dag.,"Hereafter, I will read more every day."
att utdela,Läraren utdelar böcker till eleverna.,The teacher hands out books to the students.
en adoption,En adoption kan ge ett barn ett nytt hem.,An adoption can give a child a new home.
ett försvinnande,Det var ett försvinnande som chockade hela staden.,It was a disappearance that shocked the whole town.
en gisslan,Hon blev tagen som en gisslan.,She was taken as a hostage.
att kvalificera sig,Jag måste kvalificera mig för lånet.,I need to qualify for the loan.
en nykomling,En nykomling i klassen behöver hjälp.,A newcomer in the class needs help.
en prenumeration,Jag har en prenumeration på tidningen.,I have a subscription to the newspaper.
en barack,Vi bodde i en barack under sommaren.,We lived in a shack during the summer.
en fotbollsspelare,En fotbollsspelare tränar varje dag.,A football player trains every day.
en förevändning,Hon använde en förevändning för att slippa gå på festen.,She used an excuse to avoid going to the party.
aha,"Aha, nu förstår jag!","Aha, now I understand!"
en bukt,Det finns en bukt vid stranden.,There is a bay by the beach.
en grundtanke,En grundtanke i vår diskussion är att vi måste samarbeta.,A fundamental idea in our discussion is that we must cooperate.
att slicka,Katten slickar sin tass.,The cat is licking its paw.
genial,Hans genial idé räddade projektet.,His brilliant idea saved the project.
en grind,Vi öppnar en grind till trädgården.,We open a gate to the garden.
ett kuvert,Jag la brevet i ett kuvert.,I put the letter in an envelope.
odödlig,Kärleken är odödlig.,Love is immortal.
en elektronik,En elektronikaffär ligger nära mitt hus.,An electronics store is located near my house.
en publicitet,Publicitet är viktigt för att nå ut till kunder.,Publicity is important to reach out to customers.
en barnmorska,En barnmorska hjälper kvinnor att föda barn.,A midwife helps women give birth.
påfallande,Hennes klänning var påfallande vacker.,Her dress was strikingly beautiful.
en kavaj,Jag har på mig en kavaj till festen.,I am wearing a smart jacket to the party.
en lins,Jag behöver en lins för att se bättre.,I need a lens to see better.
ett psyke,Ett psyke påverkar hur vi ser på världen.,A psyche influences how we view the world.
en allergi,Jag har en allergi mot pollen.,I have an allergy to pollen.
resande,Resande är en del av livet.,Travelling is a part of life.
att specialisera,Jag vill specialisera mig på miljövetenskap.,I want to specialise in environmental science.
en mognad,En mognad kommer med erfarenhet.,Maturity comes with experience.
ett skelett,Ett skelett hänger i klassrummet.,A skeleton hangs in the classroom.
mager,Han är mager men stark.,He is skinny but strong.
en beslutsamhet,En beslutsamhet är viktig för att nå sina mål.,Decisiveness is important to achieve your goals.
ett brödraskap,Vi är stolta över vårt brödraskap.,We are proud of our brotherhood.
slumpmässig,Det var en slumpmässig fråga på provet.,It was a random question on the exam.
en helgdag,Det är en helgdag på måndag.,It is a holiday on Monday.
en inlärning,En inlärning kan vara rolig om man använder rätt metoder.,Learning can be fun if you use the right methods.
ett manuskript,Jag läser ett manuskript för min nästa bok.,I am reading a manuscript for my next book.
massvis,Det finns massvis med stjärnor på natthimlen.,There are masses of stars in the night sky.
en uppvisning,Det var en uppvisning av duktiga dansare.,It was a display of skilled dancers.
en följeslagare,Jag behöver en följeslagare på min resa.,I need a companion on my journey.
ovetande,Hon gick hem ovetande om vad som hade hänt.,She went home unaware of what had happened.
en portfölj,Jag har en portfölj full av viktiga dokument.,I have a briefcase full of important documents.
en trohet,En trohet är viktig i en relation.,Fidelity is important in a relationship.
kontant,Jag har alltid kontant när jag handlar.,I always have cash when I shop.
kontanter,Jag har inga kontanter kvar.,I have no cash left.
en bomull,En bomullströja är mycket bekväm.,A cotton shirt is very comfortable.
en höna,En höna går runt på gården.,A hen is walking around the farm.
en nattvard,Vi ska ha en nattvard i kyrkan på söndag.,We will have a Holy Communion in the church on Sunday.
en rutt,Vi ska följa en rutt genom skogen.,We will follow a route through the forest.
en avsättning,En avsättning av varor är viktig för företagets framgång.,A demand for goods is important for the company's success.
ett lår,Jag har ont i ett lår efter träningen.,I have pain in a thigh after the workout.
att motbevisa,Hon försökte motbevisa hans påstående.,She tried to refute his claim.
en gröt,Jag äter en gröt till frukost varje dag.,I eat a porridge for breakfast every day.
en logotyp,En logotyp är viktig för ett företag.,A logotype is important for a company.
en nyårsafton,Vi firar en nyårsafton med god mat och fyrverkerier.,We celebrate a New Year's Eve with good food and fireworks.
en fläkt,En fläkt svalkar rummet på sommaren.,A fan cools the room in the summer.
en högtalare,Jag köpte en högtalare till min musik.,I bought a loudspeaker for my music.
att kräkas,Jag mår illa och tror att jag kommer att kräkas.,I feel sick and I think I am going to throw up.
att lokalisera,Jag behöver hjälp med att lokalisera min telefon.,I need help to locate my phone.
ett lantbruk,Ett lantbruk ger oss mat och råvaror.,A farm provides us with food and raw materials.
en fjäril,En fjäril flög över blommorna.,A butterfly flew over the flowers.
en officer,En officer leder soldaterna i strid.,An officer leads the soldiers in battle.
ett påbud,Det kom ett påbud från chefen om att avsluta mötet tidigt.,A decree came from the boss to end the meeting early.
underkläder,Jag köpte nya underkläder igår.,I bought new underwear yesterday.
hastig,Han tog en hastig beslut och lämnade rummet.,He made a hasty decision and left the room.
en faster,Min faster kommer på besök i helgen.,My aunt is coming to visit this weekend.
att sammankalla,Vi behöver att sammankalla alla medlemmar till mötet.,We need to call together all members to the meeting.
en anekdot,Hon berättade en anekdot om sin barndom.,She told an anecdote about her childhood.
rekommenderad,Det är en rekommenderad bok för nybörjare.,It is a recommended book for beginners.
ett dike,Det finns ett dike vid sidan av vägen.,There is a ditch beside the road.
en parfym,Jag köpte en parfym till min vän.,I bought a perfume for my friend.
en intuition,En intuition kan ibland vara mer pålitlig än fakta.,An intuition can sometimes be more reliable than facts.
kortvarig,Regnet var kortvarigt men friskt.,The rain was brief but refreshing.
ett växthus,Vi odlar tomater i ett växthus.,We grow tomatoes in a greenhouse.
en modul,En modul kan göra programmet enklare.,A module can make the program simpler.
att fantisera,Jag älskar att fantisera om resor till fjärran länder.,I love to fantasize about trips to distant countries.
en landsman,Jag träffade en landsman på caféet idag.,I met a compatriot at the café today.
en skönlitteratur,En skönlitteratur kan ta dig till fantastiska världar.,Fiction can take you to fantastic worlds.
en maka,Min maka lagar alltid god mat.,My wife always cooks delicious food.
en prosa,Jag läser en prosa varje kväll.,I read a prose every evening.
en användbarhet,En användbarhet av denna app är att den sparar tid.,A usefulness of this app is that it saves time.
en förläggare,Min vän jobbar som en förläggare.,My friend works as a publisher.
att förolämpa,Det är inte snällt att förolämpa andra människor.,It is not kind to insult other people.
påföljande,"Mötet slutade sent, och påföljande dag var jag trött.","The meeting ended late, and the subsequent day I was tired."
en notering,Jag skrev en notering i min bok.,I wrote a note in my book.
en nål,Jag behöver en nål för att sy kläder.,I need a needle to sew clothes.
talrik,Det finns talrika stjärnor på natthimlen.,There are numerous stars in the night sky.
en komplettering,En komplettering av texten gör den mer intressant.,A complement to the text makes it more interesting.
ett ordspråk,Ett ordspråk säger att tid är pengar.,A proverb says that time is money.
en solnedgång,Jag älskar att se en solnedgång vid havet.,I love to watch a sunset by the sea.
ett attribut,Ett attribut till hans personlighet är hans humor.,An attribute of his personality is his humor.
ett fosterland,Ett fosterland är värt att försvara.,A homeland is worth defending.
ett klot,Bollen är ett klot som rullar nerför backen.,The ball is a sphere that rolls down the hill.
att utbetala,Vi måste utbetala lönerna nästa vecka.,We need to pay out the salaries next week.
ett alfabet,Ett alfabet har 29 bokstäver.,An alphabet has 29 letters.
en bokföring,Vi behöver göra en bokföring varje månad.,We need to do the bookkeeping every month.
fräck,Hon sa en fräck kommentar.,She made a shameless comment.
gammaldags,Den gammaldags stolen står i hörnet.,The old-fashioned chair stands in the corner.
Jorden,Jorden snurrar runt solen.,The Earth spins around the sun.
jaså,"Jaså, nu förstår jag vad du menar!","Oh, right! Now I see what you mean!"
en lämplighet,En lämplighet för jobbet är viktigt.,A suitability for the job is important.
ett sönderfall,Ett sönderfall kan vara svårt att förstå.,A decomposition can be hard to understand.
en ämbetsman,En ämbetsman beslutade om nya regler.,A high-ranking official decided on new regulations.
en duell,Två riddare hade en duell om äran.,Two knights had a duel for honor.
en likviditet,En likviditet är viktig för företaget.,Liquidity is important for the company.
att lossna,Knappen lossnade från skjortan.,The button came loose from the shirt.
en mikrofon,Jag behöver en mikrofon för att spela in musiken.,I need a microphone to record the music.
en trottoar,Jag går alltid på trottoaren när jag är ute.,I always walk on the sidewalk when I'm out.
en slips,Jag har på mig en slips på bröllopet.,I am wearing a tie at the wedding.
ett hormon,Ett hormon påverkar vår kropp.,A hormone affects our body.
ett illamående,Jag har ett illamående efter att ha ätit för mycket.,I feel sick after eating too much.
en tilldelning,Vi fick en tilldelning av mat för veckan.,We received an allowance of food for the week.
ett aluminium,Ett aluminium är lätt och starkt.,Aluminium is light and strong.
en kappa,Hon har en fin kappa för vintern.,She has a nice coat for winter.
en permission,Jag ska ta en permission nästa vecka.,I will take a leave next week.
ett försprång,Han hade ett försprång i tävlingen.,He had a head start in the race.
intim,Vi hade en intim middag med våra närmaste vänner.,We had an intimate dinner with our closest friends.
en älskare,Hon har en älskare som bor i staden.,She has a lover who lives in the city.
ett skvaller,Ett skvaller sprids snabbt i skolan.,A gossip spreads quickly in school.
en metodik,En metodik kan hjälpa oss att lösa problem.,A methodology can help us solve problems.
en attraktion,En attraktion i staden är det nya museet.,An attraction in the city is the new museum.
ett fragment,Ett fragment av min dröm var så verkligt.,A fragment of my dream was so real.
en magister,En magister hjälper oss att lära oss nya saker.,A teacher helps us learn new things.
en reserv,Vi behöver en reserv för matchen i morgon.,We need a substitute for the match tomorrow.
en ekologi,En ekologi är viktig för att förstå naturen.,An ecology is important for understanding nature.
en sponsring,En sponsring kan hjälpa laget att köpa nya utrustning.,A sponsorship can help the team buy new equipment.
en adelsman,En adelsman bor i ett stort slott.,A nobleman lives in a large castle.
ett maskineri,Ett maskineri kan vara komplicerat att förstå.,A machinery can be complicated to understand.
en spalt,En spalt i tidningen handlar om resor.,A column in the newspaper is about travel.
en underkastelse,"En underkastelse kan vara svårt, men ibland är det nödvändigt.","A submission can be difficult, but sometimes it is necessary."
uråldrig,Den uråldriga stenen ligger vid sjön.,The ancient stone lies by the lake.
en clown,En clown gör oss alla glada.,A clown makes us all happy.
noll,Noll är ett viktigt tal i matematik.,Zero is an important number in mathematics.
verbal,Verbal kommunikation är viktig i alla relationer.,Verbal communication is important in all relationships.
ett framträdande,Hon ska ha ett framträdande på lördag.,She will have a performance on Saturday.
en polisstation,Jag ska gå till en polisstation.,I will go to a police station.
att borsta,Jag behöver borsta tänderna varje dag.,I need to brush my teeth every day.
en bägare,Jag dricker kaffe ur en bägare varje morgon.,I drink coffee from a mug every morning.
gränslös,Kärlek är gränslös.,Love is boundless.
ett kärl,Jag satte blommorna i ett kärl på bordet.,I placed the flowers in a container on the table.
utomordentlig,Hans prestation var utomordentlig.,His performance was extraordinary.
en manager,En manager hjälper artister att nå sin publik.,A manager helps artists reach their audience.
en sångerska,Hon är en sångerska som sjunger vackert.,She is a female singer who sings beautifully.
ett kooperativ,Ett kooperativ hjälper bönder att samarbeta.,A cooperative helps farmers to work together.
genomskinlig,Den genomskinliga klänningen glittrade i solen.,The see-through dress sparkled in the sun.
en kalender,Jag skriver in alla mina möten i en kalender.,I write all my appointments in a calendar.
en option,Att ta en option kan vara smart.,Taking an option can be smart.
en arkeolog,En arkeolog hittar gamla skatter i jorden.,An archaeologist finds ancient treasures in the ground.
en oändlighet,Kärlek känns som en oändlighet.,Love feels like an infinity.
ett netto,Jag har ett netto på mitt bankkonto.,I have a net balance in my bank account.
ett veto,Vi har rätt att lägga ett veto mot förslaget.,We have the right to veto the proposal.
en veteran,En veteran har många spännande berättelser att dela.,A veteran has many exciting stories to share.
en kalori,En kalori är en enhet av energi.,A calorie is a unit of energy.
en vits,Jag hörde en vits som fick mig att skratta.,I heard a joke that made me laugh.
en kruka,Jag köpte en kruka till blommorna.,I bought a pot for the flowers.
ett lotteri,Vi köpte en lott i lotteriet.,We bought a ticket in the lottery.
ett spektrum,Ett spektrum av färger finns i regnbågen.,A spectrum of colors exists in the rainbow.
ett attentat,Ett attentat skakade hela staden.,An assassination attempt shook the whole city.
att avtala,Vi behöver avtala om priset innan vi börjar.,We need to come to a deal on the price before we start.
en förutsägelse,En förutsägelse kan förändra hur vi planerar framtiden.,A prediction can change how we plan for the future.
en halvtid,Efter en halvtid kände lagen sig mer motiverade.,"After half-time, the team felt more motivated."
ett kvitto,Jag behöver ett kvitto för min beställning.,I need a receipt for my order.
oförutsedd,Det kom en oförutsedd regnskur idag.,An unexpected rain shower came today.
livskraftig,En livskraftig idé kan förändra världen.,A viable idea can change the world.
att delegera,Det är viktigt att delegera uppgifter till teamet.,It is important to delegate tasks to the team.
en flit,Hon jobbar med flit för att nå sina mål.,She works diligently to reach her goals.
fullvärdig,En fullvärdig utbildning är viktig för framtiden.,A fully adequate education is important for the future.
en stab,Vi behöver en stab för att lösa problemet.,We need a team to solve the problem.
ett päron,Jag äter ett päron varje dag.,I eat a pear every day.
myndig,När du blir myndig kan du fatta egna beslut.,"When you become an adult, you can make your own decisions."
ett förräderi,Ett förräderi kan kosta dig allt.,A betrayal can cost you everything.
ett förskott,Jag behöver ett förskott på min lön denna månad.,I need an advance on my salary this month.
att raka,Jag måste raka mig innan festen.,I need to shave before the party.
att svida,Solen kan svida på huden om man är ute för länge.,The sun can sting the skin if you are outside for too long.
syntetisk,Syntetisk fiber är lättare än bomull.,Synthetic fiber is lighter than cotton.
att mala,Hon älskar att mala kaffe varje morgon.,She loves to grind coffee every morning.
en frisör,Jag går till en frisör för att klippa håret.,I am going to a hairdresser to get my hair cut.
en osanning,Hon sa en osanning om mig.,She told an untruth about me.
en identifiering,Jag behöver en identifiering för att gå in.,I need an identification to enter.
undre,Sängen är undre än golvet.,The bed is lower than the floor.
en återvinning,En återvinning är bra för miljön.,Recycling is good for the environment.
att hurra,Vi ska hurra för vår väns födelsedag!,We will shout hooray for our friend's birthday!
en landning,Flygplanet gjorde en mjuk landning på flygplatsen.,The airplane made a smooth landing at the airport.
att spilla,Jag råkade spilla mitt kaffe på bordet.,I accidentally spilled my coffee on the table.
en duva,En duva sitter på taket.,A dove is sitting on the roof.
att pryda,Blommor pryder trädgården på sommaren.,Flowers adorn the garden in the summer.
att karakterisera,Att karakterisera en person är viktigt för att förstå deras känslor.,To characterize a person is important to understand their feelings.
att komponera,Jag älskar att komponera musik på min fritid.,I love to compose music in my free time.
vidsträckt,Landskapet är vidsträckt och vackert.,The landscape is extensive and beautiful.
en areal,En areal av skogen är skyddad.,An area of the forest is protected.
en utvecklare,En utvecklare skapar nya appar.,A developer creates new apps.
att betjäna,Jag älskar att betjäna kunder i vår butik.,I love to serve customers in our store.
en projektion,En projektion av filmen visades på väggen.,A projection of the movie was shown on the wall.
skrattretande,Det var skrattretande att se hunden dansa.,It was laughable to see the dog dance.
ett bacon,Jag gillar att äta ett bacon till frukost.,I like to eat a bacon for breakfast.
ett gräl,De hade ett gräl om vem som skulle laga middag.,They had a quarrel about who should cook dinner.
en diameter,En cirkel har en diameter.,A circle has a diameter.
att förhöra,Polisen måste förhöra vittnena om brottet.,The police must interrogate the witnesses about the crime.
en läsk,Jag vill ha en läsk med min pizza.,I want a soda with my pizza.
att tillmäta,Vi måste tillmäta honom mer ansvar.,We must assign him more responsibility.
en åsna,En åsna kan vara rolig att rida på.,A donkey can be fun to ride.
en konsolidering,En konsolidering av företagen kan skapa fler jobb.,A consolidation of the companies can create more jobs.
en tidtabell,Jag behöver kolla på en tidtabell.,I need to check a timetable.
en återbetalning,Jag väntar på en återbetalning för min beställning.,I am waiting for a refund for my order.
explicit,Hon förklarade allt explicit.,She explained everything explicitly.
ett kafé,Vi träffas på ett kafé varje lördag.,We meet at a café every Saturday.
manifest,Ett manifest kan förändra världen.,A manifesto can change the world.
stram,Han hade en stram min när han berättade historien.,He had a stern expression when he told the story.
en handske,Jag tappade en handske i snön.,I dropped a glove in the snow.
informativ,Den här boken är mycket informativ.,This book is very informative.
en rekonstruktion,En rekonstruktion av byggnaden är nödvändig.,A reconstruction of the building is necessary.
en ridning,Jag älskar en ridning på stranden.,I love a riding on the beach.
ett garn,Jag köpte ett garn för att sticka en tröja.,I bought a yarn to knit a sweater.
samtidig,Två filmer går samtidigt på bio.,Two movies are playing simultaneously at the cinema.
matt,Känslan var matt efter den långa dagen.,The feeling was weak after the long day.
att bredda,Vi behöver bredda våra kunskaper för att lyckas.,We need to broaden our knowledge to succeed.
en gruppledare,Hon är en gruppledare i skolan.,She is a group leader at the school.
ett certifikat,Jag behöver ett certifikat för att köra bil.,I need a certificate to drive a car.
ett garage,Jag parkerar bilen i ett garage.,I park the car in a garage.
en sociologi,Sociologi hjälper oss att förstå samhället.,Sociology helps us understand society.
angränsande,Den angränsande parken är perfekt för barnen.,The adjacent park is perfect for the children.
festlig,Det var en festlig kväll med många skratt.,It was a festive evening full of laughter.
att generalisera,Det är lätt att generalisera om människor.,It is easy to generalize about people.
en glödlampa,Jag behöver en glödlampa till mitt rum.,I need a light bulb for my room.
att grubbla,Jag brukar grubbla över mina beslut på kvällen.,I often ponder my decisions in the evening.
en lantbrukare,En lantbrukare arbetar hårt på sin gård.,A farmer works hard on his farm.
ett stipendium,Jag har fått ett stipendium för mina studier.,I have received a scholarship for my studies.
att strukturera,Jag behöver strukturera mina tankar innan mötet.,I need to structure my thoughts before the meeting.
en tjur,En tjur står i hagen.,A bull is standing in the pasture.
en böna,Jag åt en böna till lunch.,I ate a bean for lunch.
erotisk,Den erotiska filmen var mycket spännande.,The erotic movie was very exciting.
förträfflig,Maten på den här restaurangen är förträfflig.,The food at this restaurant is excellent.
en löpare,En löpare springer snabbt i parken.,A runner runs quickly in the park.
ett medlidande,Jag kände ett medlidande för den ensamma hunden.,I felt compassion for the lonely dog.
spänd,Hon kände sig spänd inför provet.,She felt tense before the exam.
en gardin,Jag hänger en gardin i fönstret.,I am hanging a curtain in the window.
en programmerare,Min bror är en programmerare.,My brother is a programmer.
en radiostation,Jag lyssnar på en radiostation varje morgon.,I listen to a radio station every morning.
att hosta,Jag måste hosta när jag är förkyld.,I have to cough when I have a cold.
en jämvikt,Det är viktigt att hitta en jämvikt mellan arbete och fritid.,It is important to find a balance between work and leisure.
en tonvikt,Hon la en tonvikt på att lyssna noga.,She placed an emphasis on listening carefully.
en lobby,Vi träffades i lobbyn innan mötet.,We met in the lobby before the meeting.
explosiv,Det finns explosiv kraft i fyrverkerier.,There is explosive power in fireworks.
hjälplös,Hon kände sig hjälplös utan sin telefon.,She felt helpless without her phone.
en klausul,Det finns en klausul i kontraktet som skyddar båda parter.,There is a clause in the contract that protects both parties.
en spindel,En spindel sitter i hörnet av rummet.,A spider is sitting in the corner of the room.
en topplista,Jag tittar alltid på en topplista för att se de mest populära låtarna.,I always check a bestseller list to see the most popular songs.
en klump,Jag såg en klump snö på marken.,I saw a lump of snow on the ground.
trivsam,Det är alltid trivsam att vara hemma med familjen.,It is always pleasant to be at home with the family.
brådskande,Det är brådskande att hjälpa honom nu.,It is urgent to help him now.
elementär,Matematiken är en elementär del av skolan.,Mathematics is an elementary part of school.
att rättfärdiga,Det är svårt att rättfärdiga hans beslut.,It is hard to justify his decision.
att navigera,Vi lär oss att navigera på sjön med en karta.,We are learning to navigate on the lake with a map.
att darra,Jag darrar av köld när jag går ut på vintern.,I shiver with cold when I go outside in the winter.
en flygel,Jag spelar på en flygel i parken.,I play on a grand piano in the park.
en orientering,En orientering hjälper oss att förstå platsen bättre.,An orientation helps us understand the place better.
utpräglad,Hennes stil är utpräglad och unik.,Her style is distinct and unique.
att bebo,Fåglarna bebor träden i parken.,The birds inhabit the trees in the park.
ett embryo,Ett embryo växer i mamman.,An embryo grows in the mother.
ett lexikon,Jag behöver ett lexikon för att förstå texten.,I need a dictionary to understand the text.
experimentell,Det här projektet är experimentellt och spännande.,This project is experimental and exciting.
att instifta,Vi måste instifta nya regler för att förbättra skolan.,We need to establish new rules to improve the school.
väsentligen,Väsentligen är vi alla lika.,"Essentially, we are all the same."
kortfattad,Hans presentation var kortfattad och tydlig.,His presentation was concise and clear.
ett referat,Jag skrev ett referat av boken för att dela med mina vänner.,I wrote a summary of the book to share with my friends.
en fyr,En fyr lyser upp natten vid havet.,A lighthouse lights up the night by the sea.
en förbränning,Förbränningen av sopor ger energi.,The incineration of waste produces energy.
att inrymma,Skolan inrymmer många elever varje år.,The school houses many students each year.
privilegierad,Jag känner mig privilegierad att ha en bra familj.,I feel privileged to have a good family.
en kardinal,En kardinal är en viktig fågel i skogen.,A cardinal is an important bird in the forest.
en essens,En essens av vanilj ger kakan en god smak.,An essence of vanilla gives the cake a good flavor.
en affärsverksamhet,Jag vill starta en affärsverksamhet nästa år.,I want to start a business activity next year.
extraordinär,Hon hade en extraordinär talang för att måla.,She had an extraordinary talent for painting.
en grammatik,Jag studerar en grammatik för att bli bättre på svenska.,I am studying a grammar to become better at Swedish.
en komposition,En komposition kan vara vacker och uttrycksfull.,A composition can be beautiful and expressive.
en krok,Jag hänger jackan på en krok.,I hang the jacket on a hook.
en kyss,Jag gav henne en kyss.,I gave her a kiss.
företrädesvis,Fika är företrädesvis bäst på en solig dag.,Fika is preferably best on a sunny day.
medfödd,Hans medfödda talang för musik är imponerande.,His inherited talent for music is impressive.
en jurisdiktion,En jurisdiktion kan vara stor eller liten.,A jurisdiction can be large or small.
att knipa,Jag måste knipa fast papperet så att det inte blåser bort.,I have to pinch the paper so it doesn't blow away.
en kondition,Jag tränar varje dag för att förbättra min kondition.,I train every day to improve my fitness.
oriktig,Det är oriktigt att säga att alla svenskar gillar surströmming.,It is incorrect to say that all Swedes like fermented herring.
proportionell,Resultatet är proportionellt mot insatsen.,The result is proportional to the effort.
själslig,Själslig ro kommer från att meditera.,Spiritual peace comes from meditating.
ett dagsljus,Ett dagsljus ger energi till dagen.,A daylight gives energy to the day.
en fukt,En fukt kan ge mögel i rummet.,A damp can cause mold in the room.
ett abonnemang,Jag har ett abonnemang för konserter.,I have a subscription for concerts.
att sammanföra,Vi ska sammanföra våra idéer för att göra projektet bättre.,We will bring together our ideas to make the project better.
en ånga,En ånga stiger upp från koppen.,A steam rises from the cup.
en aktiemarknad,En aktiemarknad är viktig för ekonomin.,A stock market is important for the economy.
en mapp,Jag har en mapp med viktiga papper.,I have a folder with important papers.
en prototyp,Vi byggde en prototyp av vår nya maskin.,We built a prototype of our new machine.
att vilseleda,Hon försökte vilseleda oss med sina lögner.,She tried to mislead us with her lies.
en immigrant,En immigrant kan berätta en fantastisk historia.,An immigrant can tell a fantastic story.
ett anlag,Hon har ett anlag för musik.,She has a talent for music.
en fullmakt,Jag gav min vän en fullmakt för att rösta åt mig.,I gave my friend a power of attorney to vote for me.
en hyresvärd,Min hyresvärd är mycket vänlig.,My landlord is very friendly.
en klassificering,En klassificering kan hjälpa oss att förstå böcker bättre.,A classification can help us understand books better.
en parlamentsledamot,En parlamentsledamot diskuterade nya lagar idag.,A member of parliament discussed new laws today.
att försena,Tåget är försenat med en timme.,The train is delayed by an hour.
en renhet,En renhet i tankarna ger lugn.,A purity of thoughts brings peace.
en övertid,Jag måste jobba övertid i kväll.,I have to work overtime tonight.
allergisk,Jag är allergisk mot pollen.,I am allergic to pollen.
att eskalera,Vi måste vara försiktiga så att konflikten inte eskalerar.,We need to be careful so that the conflict doesn't escalate.
en föreståndare,En föreståndare leder organisationen med stor omsorg.,A superintendent leads the organization with great care.
en spanare,En spanare undersöker platsen noggrant.,A detective investigates the scene carefully.
en instruktör,Jag har en instruktör som är mycket duktig.,I have an instructor who is very skilled.
en mugg,Jag dricker kaffe ur en mugg.,I drink coffee from a mug.
en granat,En granat kan vara farlig i fel händer.,A grenade can be dangerous in the wrong hands.
ofrivillig,Hans tårar var ofrivilliga när han fick nyheten.,His tears were involuntary when he received the news.
subtil,Hans kritik var subtil men viktig.,His criticism was subtle but important.
successiv,Vi kan förbättra våra kunskaper successivt.,We can improve our skills gradually.
en välvilja,Hon hjälpte mig med en välvilja.,She helped me with a goodwill.
banal,"Det var en banal fråga, men jag svarade ändå.","It was a commonplace question, but I answered anyway."
ett spjut,Han kastade ett spjut i tävlingen.,He threw a spear in the competition.
ett hektar,Jag har en trädgård som är ett hektar stor.,I have a garden that is one hectare big.
att avvärja,Hon använde en paraply för att avvärja regnet.,She used an umbrella to ward off the rain.
en hållplats,Vi väntar vid en hållplats för bussen.,We are waiting at a bus stop.
att härma,Barnen älskar att härma sina lärare.,The children love to imitate their teachers.
en distributör,En distributör levererar varor till butiker.,A distributor delivers goods to stores.
en hårdvara,En hårdvara är viktig för datorns prestanda.,Hardware is important for the computer's performance.
en grop,Det finns en grop i trädgården.,There is a hole in the garden.
att repetera,Jag behöver repetera inför provet.,I need to revise for the exam.
en utrotning,En utrotning av vissa djurarter är tragisk.,An extermination of certain animal species is tragic.
ett grannskap,Vi bor i ett grannskap med många vänliga grannar.,We live in a neighbourhood with many friendly neighbors.
en kamel,En kamel kan gå länge utan vatten.,A camel can go a long time without water.
ett avlopp,Det är viktigt att rengöra ett avlopp ibland.,It is important to clean a drain sometimes.
hjälpsam,Min vän är väldigt hjälpsam.,My friend is very helpful.
ett ämnesområde,Jag studerar ett ämnesområde som jag älskar.,I study a subject area that I love.
ändlös,Himlen verkar ändlös på en klar natt.,The sky looks endless on a clear night.
en flamma,En flamma dansade i mörkret.,A flame danced in the darkness.
en livmoder,En livmoder är viktig för graviditet.,A womb is important for pregnancy.
en reduktion,Vi behöver en reduktion av kostnaderna.,We need a reduction in expenses.
att susa,Löven susar i vinden när hösten kommer.,The leaves rustle in the wind when autumn arrives.
en funktionalitet,Appen har en funktionalitet som gör det lättare att organisera uppgifter.,The app has a functionality that makes it easier to organize tasks.
att kulminera,Känslorna kulminerade under konserten.,The emotions culminated during the concert.
slät,Kaffe är alltid bättre med en slät kopp.,Coffee is always better with a smooth cup.
en hysteri,Det var en hysteri när konserten började.,There was a hysteria when the concert started.
en rulle,Jag rullade en rulle film på väggen.,I rolled a roll of film on the wall.
nattlig,Nattliga djur är aktiva på natten.,Nocturnal animals are active at night.
en stråle,En stråle av ljus kom genom fönstret.,A ray of light came through the window.
att avskilja,Det är viktigt att avskilja fakta från åsikter.,It is important to separate facts from opinions.
att värdesätta,Det är viktigt att värdesätta vännerna i ditt liv.,It is important to appreciate the friends in your life.
en bark,En bark skyddar trädet från skador.,Bark protects the tree from damage.
en nalle,Min dotter älskar sin nalle.,My daughter loves her teddy bear.
en fångst,Det var en stor fångst av fisk idag.,It was a big catch of fish today.
revolutionerande,Den nya teknologin är revolutionerande för miljön.,The new technology is revolutionary for the environment.
en ark,En ark flyter på floden.,An ark floats on the river.
en fåtölj,Jag sitter i en fåtölj och läser en bok.,I am sitting in an armchair and reading a book.
ogiltig,Det här dokumentet är ogiltig.,This document is invalid.
en hygien,En god hygien är viktig för vår hälsa.,Good hygiene is important for our health.
ett tegel,Ett tegel ligger på marken.,A brick is lying on the ground.
att accelerera,Vi måste accelerera om vi vill hinna till tåget.,We need to accelerate if we want to catch the train.
gedigen,Det här bordet är gedigen och starkt.,This table is solid and strong.
en känslighet,En känslighet för konst är viktig.,A sensibility for art is important.
en sluttning,Vi går uppför en sluttning för att se solnedgången.,We walk up a hillside to see the sunset.
en nordväst,Vi åker en nordväst till fjällen.,We are going northwest to the mountains.
utsökt,Maten var utsökt på restaurangen.,The food was exquisite at the restaurant.
en analogi,En analogi kan göra en svår idé enklare att förstå.,An analogy can make a difficult idea easier to understand.
avliden,Min farfar är avliden sedan många år.,My grandfather has been deceased for many years.
en specifikation,Vi behöver en specifikation för projektet.,We need a specification for the project.
en samordnare,En samordnare planerar alla möten.,A coordinator plans all the meetings.
en stöt,Jag fick en stöt när jag rörde vid dörrhandtaget.,I got an electric shock when I touched the door handle.
en bandit,En bandit stjäl alltid pengar.,A bandit always steals money.
en devalvering,En devalvering kan påverka priserna i landet.,A devaluation can affect prices in the country.
en internationalisering,En internationalisering av företaget är viktig för tillväxt.,An internationalisation of the company is important for growth.
ett kölvatten,Båten lämnade ett kölvatten som glittrade i solen.,The boat left a wake that sparkled in the sun.
att frige,Vi måste frige fångarna snart.,We must set the prisoners free soon.
en åska,Det hörs en åska i fjärran.,There is thunder in the distance.
ett hallå,Jag sa ett hallå till min vän.,I said a hello to my friend.
ett badkar,Jag gillar att ta ett bad i ett badkar.,I like to take a bath in a bathtub.
en obligation,En obligation kan ge en bra avkastning.,A bond can provide a good return.
vertikal,Det finns en vertikal linje på tavlan.,There is a vertical line on the board.
ett sommarlov,Jag ser fram emot ett sommarlov varje år.,I look forward to a summer vacation every year.
en volontär,En volontär hjälper alltid till i svåra tider.,A volunteer always helps out in difficult times.
en likgiltighet,Hans likgiltighet gjorde mig besviken.,His indifference disappointed me.
mottaglig,Barn är ofta mottagliga för förkylningar.,Children are often susceptible to colds.
en noggrannhet,En noggrannhet är viktig i matematik.,An accuracy is important in mathematics.
ett tjat,Jag är trött på ditt tjat om att städa.,I'm tired of your nagging about cleaning.
att addera,Jag gillar att addera talen i min mattebok.,I like to add the numbers in my math book.
en barnvagn,Vi går ut med en barnvagn i parken.,We are going out with a baby carriage in the park.
hurra,Hurra! Vi vann matchen!,Hurray! We won the match!
en simning,Vi ska gå till simhallen för en simning.,We are going to the swimming pool for a swim.
en omvårdnad,En omvårdnad är viktig för alla.,Care is important for everyone.
att beskydda,Vi måste alltid beskydda våra barn.,We must always protect our children.
fyrkantig,Fönstret är fyrkantigt och ser bra ut.,The window is square-shaped and looks nice.
en tunna,En tunna rymmer mycket vatten.,A barrel holds a lot of water.
en ull,Ull kommer från får.,Wool comes from sheep.
en avresa,Vi har planerat en avresa till Spanien nästa vecka.,We have planned a departure to Spain next week.
en båge,En båge kan vara vacker i en park.,A bow can be beautiful in a park.
robust,Detta bord är väldigt robust.,This table is very robust.
en suppleant,Han är en suppleant i styrelsen.,He is a deputy member of the board.
energisk,Hon är alltid så energisk på morgonen.,She is always so energetic in the morning.
rikligt,Det regnade rikligt hela natten.,It rained abundantly all night.
att blotta,Hon ville blotta sina känslor för honom.,She wanted to expose her feelings for him.
en lokalisering,En lokalisering i centrum är idealisk för vårt företag.,A location in the center is ideal for our company.
att interagera,Barn älskar att interagera med sina vänner.,Children love to interact with their friends.
en julgran,Vi dekorerade en julgran med ljus och kulor.,We decorated a Christmas tree with lights and ornaments.
ett porto,Jag behöver köpa ett porto för att skicka brevet.,I need to buy a postage to send the letter.
ett stick,Jag fick ett stick av en geting.,I got a sting from a wasp.
att rotera,Jag gillar att rotera min stol när jag tänker.,I like to rotate my chair when I think.
en kiosk,Jag köpte godis på en kiosk.,I bought candy at a kiosk.
ett galler,Ett galler skyddar elden från att sprida sig.,A fireguard prevents the fire from spreading.
onormal,Det känns onormalt att vara ensam hela tiden.,It feels abnormal to be alone all the time.
oräknelig,Det finns oräknelig skönhet i naturen.,There is countless beauty in nature.
en olivolja,Jag använder en olivolja i min sallad.,I use an olive oil in my salad.
en bokning,Jag har gjort en bokning på hotellet.,I have made a booking at the hotel.
förskräcklig,Det var en förskräcklig storm i natt.,It was an awful storm last night.
att inspektera,Jag behöver inspektera bilen innan vi åker.,I need to inspect the car before we leave.
att orientera sig,Jag behöver lite tid för att orientera mig i den nya staden.,I need some time to get my bearings in the new city.
att smeka,Jag älskar att smeka min katt när den ligger i mitt knä.,I love to pet my cat when she's lying in my lap.
välgörande,Välgörande arbete hjälper många människor.,Charitable work helps many people.
en reception,Vi träffades på en reception för att fira deras bröllop.,We met at a reception to celebrate their wedding.
en reproduktion,En reproduktion av konstverket är mycket imponerande.,A reproduction of the artwork is very impressive.
en konsul,En konsul bor i staden.,A consul lives in the city.
ett konsulat,Jag besökte ett konsulat för att få hjälp med mitt visum.,I visited a consulate to get help with my visa.
medvetslös,Hon svimmade och blev medvetslös.,She fainted and became unconscious.
en moped,Jag åker gärna på en moped i sommar.,I would love to ride a moped this summer.
att sammanträda,Vi kommer att sammanträda på måndag för att diskutera projektet.,We will meet on Monday to discuss the project.
ett altare,Det finns ett altare i kyrkan.,There is an altar in the church.
en kidnappning,En kidnappning är alltid en skrämmande händelse.,A kidnapping is always a frightening event.
en uppfyllelse,Att se min bok bli publicerad är en uppfyllelse.,To see my book published is a fulfillment.
en betingelse,En betingelse för att få jobbet är erfarenhet.,A condition for getting the job is experience.
att förplikta,Jag lovade att förplikta mig till mitt arbete.,I promised to commit myself to my work.
en handväska,Jag har en handväska som är svart.,I have a handbag that is black.
att häkta,Polisen beslutade att häkta misstänkte gärningspersonen.,The police decided to remand the suspected perpetrator in custody.
ett rådjur,Jag såg ett rådjur i skogen.,I saw a roe deer in the forest.
en specialisering,Jag studerar en specialisering i biologi.,I am studying a specialisation in biology.
ett överfall,Det var ett överfall på gatan i natt.,There was an assault on the street last night.
ett frimärke,Jag köpte ett frimärke igår.,I bought a postage stamp yesterday.
ett lakan,Jag behöver ett lakan för att täcka sängen.,I need a bedsheet to cover the bed.
en gurka,Jag gillar att äta en gurka i salladen.,I like to eat a cucumber in the salad.
en kanna,Jag häller saft i en kanna.,I pour juice into a pitcher.
en midja,Hon har en smal midja.,She has a slim waist.
att omringa,Vi såg fåglar som omringade trädet.,We saw birds that surrounded the tree.
en styrelseordförande,En styrelseordförande leder möten varje vecka.,A chairman of the board leads meetings every week.
att ödelägga,Stormen ödelade hela byn.,The storm destroyed the entire village.
en slang,En slang ligger på golvet.,A hose is lying on the floor.
ett överhuvud,Han är alltid ett överhuvud i gruppen.,He is always a leader in the group.
en handelsman,En handelsman säljer många varor i sin butik.,A merchant sells many goods in his shop.
linjär,Linjär matematik är lättare att förstå.,Linear math is easier to understand.
en telekommunikation,En telekommunikation är viktigt i vår moderna värld.,A telecommunication is important in our modern world.
karakteristisk,En karakteristisk doft av kaffe sprider sig i rummet.,A characteristic smell of coffee spreads in the room.
en åklagarmyndighet,En åklagarmyndighet arbetar för att upprätthålla lagen.,A public prosecutor's office works to uphold the law.
en årsdag,Vi firar en årsdag varje år.,We celebrate an anniversary every year.
en repetition,Vi har en repetition innan provet.,We have a review before the test.
en underskrift,Jag behöver en underskrift för att slutföra dokumentet.,I need a signature to complete the document.
en förgrund,Det finns många blommor i förgrunden av bilden.,There are many flowers in the foreground of the picture.
en grönska,En grönska pryder trädgården på sommaren.,A greenery adorns the garden in summer.
en kungörelse,Det kom en kungörelse om det nya regelverket.,A public notice was issued about the new regulations.
att besvära,"Jag vill inte besvära dig, men kan du hjälpa mig?","I don't want to bother you, but can you help me?"
en reflex,"När det är mörkt, bär jag alltid en reflex.","When it's dark, I always wear a reflector."
en inspektör,En inspektör kontrollerar alltid säkerheten.,An inspector always checks the safety.
stum,Hon blev stum av chock när hon hörde nyheterna.,She was mute with shock when she heard the news.
att uppdra,Jag vill uppdra uppgiften till dig.,I want to commission the task to you.
att gunga,Barnen älskar att gunga på lekplatsen.,The children love to swing at the playground.
kooperativ,Kooperativet hjälper oss att arbeta tillsammans.,The cooperative helps us work together.
en legitimation,Jag glömde min legitimation hemma.,I forgot my ID at home.
patriotisk,Att vara patriotisk är viktigt för många människor.,Being patriotic is important for many people.
en aptit,Jag har alltid en aptit för god mat.,I always have an appetite for good food.
artig,Han är alltid så artig mot sina lärare.,He is always so polite to his teachers.
en beskyddare,Hon är alltid en beskyddare för sina vänner.,She is always a protector for her friends.
en samstämmighet,Det finns en samstämmighet bland oss om vad vi ska göra.,There is an accord among us about what we should do.
ett uppehälle,Ett uppehälle är viktigt för att leva ett bra liv.,A livelihood is important for living a good life.
ett segment,Ett segment av filmen var mycket spännande.,A segment of the movie was very exciting.
en stege,Jag behöver en stege för att nå taket.,I need a ladder to reach the roof.
en rea,Det är en rea på kläder i affären.,There is a sale on clothes at the store.
en oliv,Jag gillar att äta en oliv på min pizza.,I like to eat an olive on my pizza.
en syra,En syra kan göra maten surt.,An acid can make food sour.
att vattna,Jag glömde att vattna blommorna igår.,I forgot to water the flowers yesterday.
att besätta,De bestämde sig för att besätta den tomma posten i styrelsen.,They decided to fill the vacant position on the board.
en dispyt,Det var en dispyt mellan grannarna om staketet.,There was a dispute between the neighbors about the fence.
en kräfta,Vi ska äta en kräfta på festen.,We are going to eat a crayfish at the party.
läcker,Den där tårtan ser läcker ut!,That cake looks delicious!
en vaktmästare,En vaktmästare städar skolan varje dag.,A janitor cleans the school every day.
en byggnation,Det finns en byggnation i vår stadsdel.,There is a building under construction in our neighborhood.
förlåt,Förlåt att jag kom sent.,Sorry I'm late.
ett bi,Ett bi flyger runt blommorna.,A bee is flying around the flowers.
en dårskap,Att hoppa från taket är en dårskap.,Jumping from the roof is a folly.
en räka,Jag äter gärna en räka till middag.,I like to eat a shrimp for dinner.
en terminal,Vi väntar på bussen vid en terminal.,We are waiting for the bus at a terminal.
ett vakuum,Ett vakuum skapas när luften tas bort.,A vacuum is created when the air is removed.
en fusion,En fusion mellan de två företagen skapade många nya möjligheter.,A merger between the two companies created many new opportunities.
en utskrift,Jag behöver en utskrift av dokumentet.,I need a printout of the document.
en offert,Jag väntar på en offert från företaget.,I am waiting for an offer from the company.
ett botemedel,Det finns ett botemedel mot förkylning.,There is a cure for the cold.
säregen,Hennes kläder är alltid så säregna.,Her clothes are always so peculiar.
en taxa,Taxan för bussturen är mycket rimlig.,The fare for the bus ride is very reasonable.
välvillig,Hon är en välvillig person som alltid hjälper andra.,She is a benevolent person who always helps others.
klumpig,Han är så klumpig att han alltid snubblar över sina egna fötter.,He is so clumsy that he always trips over his own feet.
en tillflykt,Skogen är en tillflykt för många djur.,The forest is a refuge for many animals.
en vävnad,En vävnad kan vara både vacker och funktionell.,A fabric can be both beautiful and functional.
ett majestät,Ett majestät sitter på tronen.,A majesty sits on the throne.
en immunitet,En immunitet kan skydda oss mot sjukdomar.,An immunity can protect us from diseases.
en ombildning,Det var en ombildning av företaget för att öka effektiviteten.,It was a transformation of the company to increase efficiency.
omstridd,Det omstridda beslutet skapade mycket debatt.,The controversial decision sparked a lot of debate.
en periferi,Ibland känner jag mig som om jag bor i en periferi av staden.,Sometimes I feel like I live in a periphery of the city.
en nunna,En nunna bor i klostret.,A nun lives in the monastery.
en löjtnant,En löjtnant leder sitt team med stolthet.,A lieutenant leads their team with pride.
att återlämna,Jag måste återlämna boken till biblioteket idag.,I need to return the book to the library today.
en stav,Jag behöver en stav för att gå på fjället.,I need a pole to walk in the mountains.
fridfull,Det är fridfullt vid sjön på morgonen.,It is peaceful by the lake in the morning.
ett höghus,Det finns ett höghus i vår stad.,There is a high-rise building in our city.
en innevånare,En innevånare i staden känner alltid till de bästa restaurangerna.,An inhabitant of the city always knows the best restaurants.
att sjösätta,Vi ska sjösätta den nya båten i helgen.,We will launch the new boat this weekend.
ett trauma,Ett trauma kan ta tid att läka.,A trauma can take time to heal.
ett oväder,Det kommer ett oväder snart.,A storm is coming soon.
en spion,En spion arbetar ofta i hemlighet.,A spy often works in secret.
att komplicera,Att komplicera saker gör livet svårare.,To complicate things makes life harder.
ett substantiv,Ett substantiv är viktigt för att bilda meningar.,A noun is important for forming sentences.
en undersida,Jag såg en undersida på hemsidan som hade bra information.,I saw a subpage on the website that had good information.
att putsa,Jag behöver putsa mina naglar innan festen.,I need to polish my nails before the party.
en kam,Jag behöver en kam för att reda ut håret.,I need a comb to untangle my hair.
manuell,Den manuella bilen är lätt att köra.,The manual car is easy to drive.
ett mittfält,Jag spelar ofta på ett mittfält i fotboll.,I often play in a midfield in soccer.
en pizzeria,Vi ska äta på en pizzeria i kväll.,We are going to eat at a pizzeria tonight.
en sittplats,Jag behöver en sittplats på bussen.,I need a seat on the bus.
en uthyrning,Vi behöver ordna en uthyrning av bilen.,We need to arrange a leasing of the car.
en komplimang,Du gav mig en komplimang som gjorde mig glad.,You gave me a compliment that made me happy.
ett handtag,Jag behöver ett handtag för att öppna dörren.,I need a handle to open the door.
att bemästra,Det tar tid att bemästra nya färdigheter.,It takes time to master new skills.
obekant,Det finns många obekanta platser i staden.,There are many unfamiliar places in the city.
att stapla,Jag gillar att stapla böcker på hyllan.,I like to stack books on the shelf.
ett tusental,Det fanns ett tusental människor på festivalen.,There were a thousand people at the festival.
att berättiga,Du behöver en lapp som berättigar dig till rabatten.,You need a note that entitles you to the discount.
stereotyp,En stereotyp kan vara skadlig för människor.,A stereotype can be harmful to people.
en vitlök,Jag behöver en vitlök till min sås.,I need a garlic for my sauce.
en alkoholism,En alkoholism kan påverka hela familjen.,An alcoholism can affect the whole family.
en beröring,En beröring kan göra stor skillnad.,A touch can make a big difference.
ett bete,Ett bete ligger vid sjön där korna betar.,A pasture is located by the lake where the cows graze.
flerårig,Fleråriga växter blommar varje år.,Perennial plants bloom every year.
att förråda,Att förråda sina vänner är aldrig rätt.,To betray your friends is never right.
en försändelse,Jag väntar på en försändelse från min vän.,I am waiting for a consignment from my friend.
en resväska,Jag packade en resväska för min semester.,I packed a suitcase for my vacation.
flyktig,"Känslorna var flyktiga, som moln på himlen.","The feelings were fleeting, like clouds in the sky."
en kirurg,En kirurg räddade livet på patienten.,A surgeon saved the patient's life.
otvivelaktigt,Otvivelaktigt är detta den bästa filmen jag har sett.,"Undoubtedly, this is the best movie I have seen."
en saft,Jag dricker en saft på sommaren.,I drink a juice in the summer.
en varaktighet,En varaktighet i vänskap är viktig.,A duration in friendship is important.
en lekplats,Barn leker på en lekplats.,Children are playing in a playground.
en tillförlitlighet,En tillförlitlighet är viktig i alla relationer.,A dependability is important in all relationships.
adjö,"Adjö, vi ses snart igen!","Goodbye, we will see each other again soon!"
en käpp,Hon går med en käpp i handen.,She walks with a cane in her hand.
att lossa,Vi måste lossa lasten från båten.,We need to unload the cargo from the boat.
en summering,En summering av boken är mycket viktig.,A summary of the book is very important.
exekutiv,Han arbetar som exekutiv i ett stort företag.,He works as an executive in a large company.
en kandidatur,Hon anmälde sin kandidatur till valet.,She submitted her candidacy for the election.
en tum,Boken är en tum tjock.,The book is an inch thick.
en återkoppling,Jag skulle uppskatta en återkoppling på mitt arbete.,I would appreciate feedback on my work.
att dofta,Rummet doftar av nybakta kanelbullar.,The room smells of freshly baked cinnamon buns.
en encyklopedi,Jag läser en encyklopedi för att lära mig nya saker.,I am reading an encyclopedia to learn new things.
en förrädare,Han är en förrädare som svek sina vänner.,He is a traitor who betrayed his friends.
en tvättmaskin,Jag behöver en tvättmaskin för mina kläder.,I need a washing machine for my clothes.
en kvist,Jag plockade en kvist från marken.,I picked up a twig from the ground.
en tvål,Jag behöver en tvål för att tvätta händerna.,I need a soap to wash my hands.
en madrass,Jag behöver en madrass för min säng.,I need a mattress for my bed.
en heder,En heder är viktig för alla.,Honour is important for everyone.
en knop,Båten seglar med en knop.,The boat sails at a knot.
en maträtt,Spaghetti är en maträtt som många älskar.,Spaghetti is a dish that many love.
en njure,En njure hjälper till att rena blodet.,A kidney helps to purify the blood.
att alstra,Vi måste alstra nya idéer för projektet.,We need to generate new ideas for the project.
beslutsam,Hon är alltid beslutsam när hon fattar beslut.,She is always determined when she makes decisions.
en kontur,En kontur av bergen syns i solnedgången.,The contour of the mountains is visible at sunset.
att värka,Min rygg börjar värka efter en lång dag.,My back starts to ache after a long day.
en droppe,En droppe regn föll på mitt ansikte.,A drop of rain fell on my face.
att inställa,Vi måste inställa mötet eftersom ingen kan komma.,We have to cancel the meeting because no one can come.
att programmera,Jag lär mig att programmera på kvällarna.,I am learning to program in the evenings.
en resebyrå,Vi bokade vår resa genom en resebyrå.,We booked our trip through a travel agency.
en gnista,En gnista kan tända en stor eld.,A spark can ignite a big fire.
en envishet,En envishet kan vara både bra och dålig.,Stubbornness can be both good and bad.
stilig,Han såg väldigt stilig ut i sin nya kostym.,He looked very handsome in his new suit.
vänskaplig,Vänskaplig kontakt är viktig för att bygga relationer.,Friendly contact is important for building relationships.
en kristall,Jag har en kristall på mitt skrivbord.,I have a crystal on my desk.
passionerad,Hon är en passionerad konstnär.,She is a passionate artist.
yr,Jag känner mig yr efter att ha snurrat runt.,I feel dizzy after spinning around.
en besiktning,Bilen måste gå på en besiktning varje år.,The car must go for an inspection every year.
en delgivning,En delgivning kom med posten idag.,A serving came in the mail today.
att gjuta,Vi ska gjuta en ny staty i brons.,We will cast a new statue in bronze.
att smörja,Jag måste smörja dörren så att den inte knarrar.,I need to grease the door so it doesn't creak.
att ådra,Han ådrog sig en förkylning efter att ha stått i regnet.,He contracted a cold after standing in the rain.
en åkomma,Hon har en åkomma som gör att hon alltid är trött.,She has a disease that makes her always tired.
en stång,Jag behöver en stång för att bygga en hängmatta.,I need a pole to build a hammock.
att konsultera,Jag behöver att konsultera min lärare innan provet.,I need to consult my teacher before the exam.
att återuppliva,Vi behöver att återuppliva vårt intresse för att läsa.,We need to revive our interest in reading.
en växtlighet,En växtlighet växer snabbt i den fuktiga jorden.,A vegetation grows quickly in the moist soil.
en frost,En frost täcker marken på morgonen.,A frost covers the ground in the morning.
en lykta,Jag tänder en lykta när det blir mörkt.,I light a lantern when it gets dark.
akustisk,Musik i ett akustiskt rum låter alltid bättre.,Music in an acoustic room always sounds better.
en antydning,Hon gav mig en antydning om att hon var missnöjd.,She gave me an insinuation that she was unhappy.
en häl,Jag trampade på min häl när jag snubblade.,I stepped on my heel when I tripped.
en hängivenhet,En hängivenhet till sporten gör att hon tränar varje dag.,A devotion to the sport makes her train every day.
en orätt,Det är en orätt att barnen inte får leka.,It is a wrong that the children cannot play.
en syntes,En syntes av våra idéer kan skapa något fantastiskt.,A synthesis of our ideas can create something fantastic.
ungdomlig,Hon har en ungdomlig energi.,She has a youthful energy.
en citron,En citron är sur men god.,A lemon is sour but good.
ett tillbakadragande,Ett tillbakadragande av trupperna var nödvändigt för att bevara fred.,A withdrawal of the troops was necessary to maintain peace.
en förfalskning,En förfalskning kan vara svår att upptäcka.,A forgery can be hard to detect.
en tass,Katten sträckte ut en tass för att leka.,The cat stretched out a paw to play.
en trasa,Jag behöver en trasa för att torka upp spilld mjölk.,I need a rag to wipe up spilled milk.
en orgel,Jag hörde en orgel spela i kyrkan.,I heard an organ playing in the church.
ett oberoende,Ett oberoende är viktigt för att vara lycklig.,Independence is important for being happy.
en geometri,Geometri är viktigt i matematik.,Geometry is important in mathematics.
ett omfång,Ett omfång av färger kan göra rummet mer livligt.,An extent of colors can make the room more lively.
oviss,Framtiden är oviss för många människor.,The future is uncertain for many people.
en uteslutning,En uteslutning från klubben är alltid tråkig.,An exclusion from the club is always sad.
att utsända,Lampan utsänder ett mjukt ljus.,The lamp emits a soft light.
en pensionering,Hon ser fram emot sin pensionering.,She is looking forward to her retirement.
att förstora,Det är lätt att förstora problemet i vårt sinne.,It's easy to magnify the problem in our minds.
försvinnande,Kostnaden för bilen är försvinnande liten.,The cost of the car is negligibly small.
ett paraply,Kan du ge mig ett paraply?,Can you give me an umbrella?
ett plakat,Jag såg ett plakat på väggen.,I saw a placard on the wall.
en veranda,Vi sitter på en veranda och dricker kaffe.,We are sitting on a veranda and drinking coffee.
ett kosttillskott,Ett kosttillskott kan hjälpa dig att må bättre.,A nutritional supplement can help you feel better.
en krock,Det var en krock på vägen.,There was a collision on the road.
ett skyltfönster,Det finns en ny klänning i ett skyltfönster.,There is a new dress in a shop window.
munter,Barnet är munter och skrattar hela dagen.,The child is merry and laughs all day.
shorts,Jag gillar att ha på mig shorts på sommaren.,I like to wear shorts in the summer.
ett vandrarhem,Vi ska bo på ett vandrarhem i helgen.,We will stay at a youth hostel this weekend.
en kvadrat,En kvadrat har fyra lika sidor.,A square has four equal sides.
ett raseri,Han kände ett raseri när han såg orättvisan.,He felt a rage when he saw the injustice.
en tangent,Jag tryckte på en tangent för att skriva mitt namn.,I pressed a key to write my name.
en interiör,En interiör kan förändra hela atmosfären i ett rum.,An interior can change the whole atmosphere of a room.
en bondgård,Det finns många djur på en bondgård.,There are many animals on a farm.
en brådska,Jag har en brådska att komma till jobbet.,I am in a hurry to get to work.
en svartsjuka,En svartsjuka kan förstöra en vänskap.,A jealousy can destroy a friendship.
en älskarinna,Han har en älskarinna som han träffar i hemlighet.,He has a mistress whom he meets in secret.
ett adjektiv,Ett adjektiv beskriver ett substantiv.,An adjective describes a noun.
en berömmelse,Hon fick en berömmelse för sina fantastiska målningar.,She gained fame for her fantastic paintings.
en bundsförvant,Min bundsförvant hjälper mig alltid när jag behöver stöd.,My ally always helps me when I need support.
utantill,Jag kan sjunga den här sången utantill.,I can sing this song by heart.
att överträda,Du får inte överträda reglerna i skolan.,You must not violate the rules at school.
bortskämd,Barnen är bortskämda och får alltid vad de vill ha.,The children are spoiled and always get what they want.
en byggare,En byggare bygger ett hus.,A builder builds a house.
obildad,Han är så obildad att han inte kan diskutera böcker.,He is so uneducated that he can't discuss books.
ett bål,Vi samlades runt ett bål och berättade historier.,We gathered around a bonfire and told stories.
horisontell,Sängen är horisontell mot väggen.,The bed is horizontal against the wall.
att imitera,Barnen älskar att imitera sina favoritskådespelare.,The children love to imitate their favorite actors.
optisk,Det finns många optiska illusioner i konsten.,There are many optical illusions in art.
ett temperament,Hon har ett temperament som är svårt att hantera.,She has a temperament that is hard to handle.
en uppställning,Vi behöver en uppställning av alla deltagare till mötet.,We need a list of all participants for the meeting.
en bedragare,Han är en bedragare som lurar folk.,He is a trickster who deceives people.
ett tonfall,Hon talade med ett tonfall som gjorde mig nyfiken.,She spoke with a tone of voice that made me curious.
fotografisk,Jag älskar fotografisk konst.,I love photographic art.
att skissera,Jag ska skissera en ny idé för projektet.,I will sketch out a new idea for the project.
en kollision,Det var en kollision mellan två bilar.,There was a collision between two cars.
magnetisk,Magnetisk kraft drar till sig metaller.,Magnetic force attracts metals.
sparsam,Hon är alltid sparsam med sina pengar.,She is always thrifty with her money.
prestigefylld,Den prestigefyllda skolan har många duktiga elever.,The prestigious school has many talented students.
en kran,Jag behöver fixa en kran i köket.,I need to fix a tap in the kitchen.
en småstad,Jag växte upp i en småstad.,I grew up in a small town.
en vingård,Vi besökte en vingård i somras.,We visited a vineyard last summer.
att flamma,Elden flammar i mörkret.,The fire blazes in the darkness.
att försona,Vi måste försona våra skillnader för att bli vänner igen.,We need to reconcile our differences to become friends again.
treårig,Hon går en treårig utbildning till läkare.,She is doing a three-year training course to become a doctor.
att utlämna,Polisen beslutade att utlämna brottslingen till hans hemland.,The police decided to extradite the criminal to his home country.
ett linne,Jag har på mig ett linne idag.,I am wearing a vest today.
en nybyggare,En nybyggare bygger ett hus i skogen.,A settler is building a house in the forest.
en triangel,En triangel har tre sidor.,A triangle has three sides.
utsliten,Mina gamla skor är helt utslitna.,My old shoes are completely worn out.
slank,Hon har en slank figur.,She has a slender figure.
att annullera,Jag måste annullera min bokning för resan.,I have to cancel my booking for the trip.
en brandkår,En brandkår hjälper oss vid bränder.,A fire department helps us in fires.
en pinne,Jag plockade upp en pinne från marken.,I picked up a stick from the ground.
en hare,En hare hoppar snabbt över gräset.,A hare jumps quickly over the grass.
jämförande,Jämförande studier hjälper oss att förstå skillnader.,Comparative studies help us understand differences.
ett ministerium,Ett ministerium ansvarar för utbildning och forskning.,A ministry is responsible for education and research.
en vikarie,Vi har en vikarie i klassen idag.,We have a substitute in class today.
en astma,Jag har en astma som gör det svårt att springa.,I have an asthma that makes it hard to run.
att förvirra,"Det kan vara svårt att förstå allt, och ibland förvirrar det mig.","It can be hard to understand everything, and sometimes it confuses me."
en inflammation,En inflammation kan göra ont.,An inflammation can be painful.
att larma,Vi måste larma huset när vi reser bort.,We need to set the alarm for the house when we go away.
att mätta,Jag måste mätta min mage innan vi går ut.,I need to satisfy my hunger before we go out.
ett plåster,Jag behöver ett plåster för mitt sår.,I need a Band-Aid for my wound.
en rotation,Vi behöver en rotation av uppgifter varje vecka.,We need a rotation of tasks every week.
en skolgård,Barnen leker på en skolgård.,The children are playing in a school yard.
en åtkomst,Jag behöver en åtkomst till internet för att studera.,I need access to the internet to study.
att övernatta,Vi ska övernatta hos mormor i helgen.,We will stay overnight at grandma's this weekend.
en egenhet,Hans egenhet är att alltid ha en hatt på sig.,His peculiarity is that he always wears a hat.
en oordning,Det är alltid oordning i mitt rum.,There is always disorder in my room.
en revidering,Vi behöver en revidering av planerna.,We need a revision of the plans.
en smörja,Hon smörjde in sin torra hud med en smörja.,She rubbed her dry skin with an ointment.
en ålderdom,En ålderdom kan vara en tid av lugn och reflektion.,Old age can be a time of peace and reflection.
ett kommando,Jag följde ett kommando från min chef.,I followed a command from my boss.
en utmattning,Jag kände en utmattning efter en lång arbetsvecka.,I felt an exhaustion after a long work week.
en keramik,Jag köpte en keramikskål på marknaden.,I bought a ceramic bowl at the market.
en mustasch,Han har en mustasch som ser rolig ut.,He has a moustache that looks funny.
en baron,En baron bor i ett stort slott.,A baron lives in a big castle.
en boss,Min boss är alltid så irriterande.,My boss is always so annoying.
ett läder,Jag köpte ett läder till min nya jacka.,I bought a leather for my new jacket.
en rengöring,Jag behöver en rengöring av mitt rum.,I need a cleaning of my room.
en avfärd,Vi väntar på en avfärd till Stockholm.,We are waiting for a departure to Stockholm.
en hink,Jag har en hink i trädgården.,I have a bucket in the garden.
en matematiker,En matematiker löser svåra problem.,A mathematician solves difficult problems.
en passning,En passning till dig kan göra din dag bättre.,A pass to you can make your day better.
en tillsättning,Vi väntar på en tillsättning av den nya chefen.,We are waiting for an appointment of the new manager.
en hemort,Min hemort är en liten stad vid havet.,My home is a small town by the sea.
att instruera,Jag ska instruera klassen om matematik.,I will instruct the class about mathematics.
att rengöra,Jag behöver att rengöra köket idag.,I need to clean the kitchen today.
en dekoration,En dekoration kan göra ett rum mer livligt.,A decoration can make a room more lively.
månatlig,Jag betalar månatlig hyra för min lägenhet.,I pay monthly rent for my apartment.
en patriotism,En patriotism förenar människor.,A patriotism unites people.
att tillmötesgå,Vi försöker alltid att tillmötesgå våra kunders önskemål.,We always try to meet our customers' requests.
en gås,En gås simmar i sjön.,A goose is swimming in the lake.
en programmering,En programmering kan vara rolig och utmanande.,A programming can be fun and challenging.
en vicepresident,En vicepresident hjälper till att leda företaget.,A vice president helps to lead the company.
att avla,Vi vill avla hundar som är snälla och intelligenta.,We want to breed dogs that are kind and intelligent.
en brigad,En brigad tränar för att skydda landet.,A brigade trains to protect the country.
allsidig,Hon har en allsidig talang för musik.,She has a versatile talent for music.
en komfort,En komfort kan göra en lång resa mycket bättre.,A comfort can make a long journey much better.
listig,Han är listig när han löser problem.,He is clever when he solves problems.
en simulering,En simulering hjälper oss att förstå komplexa system.,A simulation helps us understand complex systems.
att återbetala,Jag måste återbetala lånet nästa vecka.,I have to repay the loan next week.
sned,Huset står snett på tomten.,The house is leaning on the lot.
en bassäng,Vi simmar i en bassäng på sommaren.,We swim in a pool in the summer.
närbelägen,Det finns en närbelägen park där vi kan spela fotboll.,There is a nearby park where we can play soccer.
en pensel,Jag målar med en pensel.,I paint with a paintbrush.
en luftfart,En luftfart är viktig för resor.,Aviation is important for travel.
en patrull,En patrull går genom parken varje kväll.,A patrol walks through the park every evening.
ett arbetsrum,Jag arbetar hemma i ett arbetsrum.,I work from home in a study.
en implementering,En implementering av den nya mjukvaran är viktig.,An implementation of the new software is important.
en hydda,Vi tillbringar helgen i en hydda vid sjön.,We are spending the weekend in a hut by the lake.
oerfaren,Han är oerfaren på jobbet.,He is inexperienced at work.
bokstavlig,Hennes skratt var bokstavlig glädje.,Her laughter was literal joy.
elektromagnetisk,Elektromagnetisk strålning finns överallt omkring oss.,Electromagnetic radiation is all around us.
rymlig,Rumet är rymligt och bekvämt.,The room is spacious and comfortable.
en världsåskådning,En världsåskådning kan påverka hur vi ser på livet.,A worldview can influence how we see life.
ett ansiktsuttryck,Ett ansiktsuttryck kan säga mer än ord.,A facial expression can say more than words.
en frigivning,En frigivning från fängelset är en ny början.,A discharge from prison is a new beginning.
en pristagare,Hon är en pristagare av Nobelpriset.,She is a laureate of the Nobel Prize.
självsäker,Hon är alltid självsäker när hon pratar inför gruppen.,She is always self-confident when she speaks in front of the group.
en fiber,En fiber är viktig för din hälsa.,A fiber is important for your health.
en dricks,Jag ger alltid en dricks till servitören.,I always give a tip to the waiter.
tam,Katten är tam och snäll.,The cat is tame and nice.
en oreda,Det är alltid en oreda i mitt rum.,There is always a disarray in my room.
ett förnekande,Ett förnekande av sanningen leder ofta till fler problem.,A denial of the truth often leads to more problems.
en algoritm,En algoritm kan lösa många problem.,An algorithm can solve many problems.
en tall,En tall växer i skogen.,A pine tree grows in the forest.
avsiktlig,Han gjorde en avsiktlig lögn.,He told an intentional lie.
en biolog,En biolog studerar djur och växter.,A biologist studies animals and plants.
en tarm,En tarm hjälper till att smälta maten.,An intestine helps to digest food.
adlig,Han kommer från en adlig familj.,He comes from a noble family.
en spegelbild,Hon såg sin spegelbild i fönstret.,She saw her reflection in the window.
ett campus,Ett campus är en plats för studier och gemenskap.,A campus is a place for studies and community.
ett brännvin,Vi dricker ett brännvin på festen.,We drink a strong liquor at the party.
kompatibel,Din dator är kompatibel med den nya programvaran.,Your computer is compatible with the new software.
ängslig,Jag känner mig ängslig inför provet imorgon.,I feel anxious about the exam tomorrow.
tolfte,Det är den tolfte dagen i månaden.,It is the twelfth day of the month.
att beväpna,Vi måste beväpna våra soldater för att skydda landet.,We must arm our soldiers to protect the country.
tvåhundra,Jag har tvåhundra kronor.,I have two hundred kronor.
en biff,Jag beställde en biff till middag.,I ordered a steak for dinner.
en ratificering,En ratificering av avtalet är viktigt för framtiden.,A ratification of the agreement is important for the future.
en skådespelerska,Hon drömmer om att bli en skådespelerska.,She dreams of becoming an actress.
slavisk,Hon lärde sig slaviskt språk.,She learned a Slavic language.
att glänsa,Stjärnorna glänser på natthimlen.,The stars shine in the night sky.
en ömhet,En ömhet kan göra stor skillnad.,A tenderness can make a big difference.
föräldralös,Hon kände sig ensam som en föräldralös.,She felt lonely like an orphan.
en tumör,En tumör kan växa ojämnt i kroppen.,A tumor can grow unevenly in the body.
en vidareutveckling,Vi behöver en vidareutveckling av detta projekt.,We need a further development of this project.
"en juice, en jos",Jag vill ha en juice till frukost.,I want a juice for breakfast.
att deponera,Jag behöver att deponera mina pengar på banken.,I need to deposit my money at the bank.
en kirurgi,Jag ska genomgå en kirurgi nästa vecka.,I will undergo a surgery next week.
ett närmande,Ett närmande mellan två länder kan leda till fred.,An approach between two countries can lead to peace.
en rondell,Vi möttes vid en rondell för att diskutera planen.,We met at a roundabout to discuss the plan.
sensationell,Musiken på konserten var sensationell.,The music at the concert was sensational.
en stabilisering,En stabilisering av ekonomin är viktig för framtiden.,A stabilisation of the economy is important for the future.
en törst,Jag har en törst efter kallt vatten.,I have a thirst for cold water.
arkitektonisk,Den arkitektoniska designen av byggnaden är imponerande.,The architectural design of the building is impressive.
förbluffande,Det var förbluffande att se stjärnorna lysa så klart.,It was mind-blowing to see the stars shine so brightly.
en klunga,Det står en klunga träd vid sjön.,There is a clump of trees by the lake.
att medfölja,Brevskolan skickade en bok som medföljde med paketet.,The post office sent a book that accompanied the package.
en processor,En processor gör datorn snabbare.,A processor makes the computer faster.
tabu,Tabu är ett ord som ofta används i samtal.,Taboo is a word that is often used in conversations.
vulgär,Hans skämt var vulgära och gjorde alla obekväma.,His jokes were vulgar and made everyone uncomfortable.
ett minnesmärke,Det finns ett minnesmärke i parken.,There is a monument in the park.
en provision,Säljaren fick en provision för varje såld bil.,The seller received a commission for each car sold.
en blödning,Hon fick en blödning efter att ha skurit sig.,She had a bleeding after cutting herself.
en defekt,Det finns en defekt i min telefon.,There is a defect in my phone.
en disposition,Jag har en disposition för min presentation.,I have an outline for my presentation.
att koordinera,Vi behöver att koordinera våra scheman för mötet.,We need to coordinate our schedules for the meeting.
ett staket,Ett staket skyddar trädgården från djur.,A fence protects the garden from animals.
en hytt,Vi sov i en hytt på färjan.,We slept in a cabin on the ferry.
en kastrull,Jag lagar mat i en kastrull.,I am cooking in a saucepan.
en startpunkt,En startpunkt är viktig för att nå dina mål.,A starting point is important to reach your goals.
en sked,Jag behöver en sked för min soppa.,I need a spoon for my soup.
en bal,Vi ska gå på en bal nästa vecka.,We are going to a ball next week.
en sandstrand,Vi älskar att gå på en sandstrand.,We love to walk on a sandy beach.
en stereotyp,En stereotyp kan vara farlig för vår förståelse.,A stereotype can be dangerous for our understanding.
tålmodigt,Hon väntade tålmodigt på bussen.,She waited patiently for the bus.
en arrestering,En arrestering kan vara skrämmande.,An arrest can be frightening.
en kryssning,Vi åker på en kryssning nästa vecka.,We are going on a cruise next week.
att pipa,Katten började pipa när den ville ha mat.,The cat started to squeak when it wanted food.
att gräla,De brukar gräla om småsaker.,They usually argue about small things.
en area,Det finns en area där vi kan spela fotboll.,There is an area where we can play soccer.
förbipasserande,Förbipasserande bilar skapar mycket ljud på gatan.,Passing cars create a lot of noise on the street.
en förlikning,Vi behöver en förlikning för att lösa konflikten.,We need a mediation to resolve the conflict.
att ljuda,Barnen lär sig att ljuda bokstäverna i skolan.,The children are learning to sound out the letters at school.
en samexistens,Vi lever i en samexistens med olika kulturer.,We live in a co-existence with different cultures.
terapeutisk,Terapeutisk musik kan hjälpa till att lindra stress.,Therapeutic music can help relieve stress.
trendig,Denna klänning är verkligen trendig just nu.,This dress is really trendy right now.
en återhållsamhet,En återhållsamhet i matvanor är viktigt för hälsan.,Moderation in eating habits is important for health.
en hjort,En hjort springer genom skogen.,A stag is running through the forest.
att debitera,Vi måste debitera kunden för den försenade betalningen.,We need to debit the customer for the late payment.
att dundra,Åskan började dundra över bergen.,The thunder began to roar over the mountains.
en kräm,Jag har köpt en kräm för min torra hud.,I bought a cream for my dry skin.
en korrespondent,Jag läser en artikel av en korrespondent.,I am reading an article by a correspondent.
en aktualitet,Klimatförändringar är en aktualitet som berör oss alla.,Climate change is a matter of current interest that affects us all.
en behållare,Jag har en behållare för mina fröer.,I have a container for my seeds.
en gruvarbetare,En gruvarbetare arbetar djupt i jorden.,A miner works deep in the earth.
en åtstramning,Företaget behöver en åtstramning av sina kostnader.,The company needs a tightening up of its costs.
kontinental,Kontinental frukost är alltid en bra start på dagen.,Continental breakfast is always a good start to the day.
en väster,Vi ska gå västerut mot solnedgången.,We will walk westward towards the sunset.
ett ankare,Ett ankare håller båten på plats.,An anchor keeps the boat in place.
en åker,Åkern är grön och full av blommor.,The field is green and full of flowers.
en senator,En senator talar ofta i riksdagen.,A senator often speaks in parliament.
en häpnad,En häpnad uppstod när hon vann tävlingen.,An astonishment arose when she won the competition.
en mynning,Floden har en mynning vid havet.,The river has an estuary by the sea.
omtänksam,Hon är alltid omtänksam mot sina vänner.,She is always considerate towards her friends.
omåttlig,Hans omåttliga aptit gjorde att han aldrig blev mätt.,His immoderate appetite meant he was never full.
att rekonstruera,Vi behöver rekonstruera huset efter stormen.,We need to reconstruct the house after the storm.
ett maximum,Det är ett maximum av tryck i rummet.,There is a maximum of pressure in the room.
ett karaktärsdrag,Ett karaktärsdrag hos henne är hennes vänlighet.,A characteristic of hers is her kindness.
en perfektion,Konsten är en perfektion.,Art is a perfection.
ett timmer,Jag såg ett timmer vid sjön.,I saw a timber by the lake.
en urin,Urin är en del av kroppen.,Urine is a part of the body.
att arkivera,Vi behöver att arkivera dessa dokument.,We need to archive these documents.
oavbruten,Jag lyssnade på musiken i oavbruten två timmar.,I listened to the music for an uninterrupted two hours.
en kolonn,En kolonn stöder taket på byggnaden.,A column supports the roof of the building.
en appell,En appell till domstolen kan förändra beslutet.,An appeal to the court can change the decision.
att strejka,Arbetarna bestämde sig för att strejka för bättre löner.,The workers decided to go on strike for better wages.
en propp,Jag behöver en propp till lampan.,I need a plug for the lamp.
en automat,Jag köpte en läsk från en automat.,I bought a soda from a vending machine.
ett studium,Jag börjar ett studium i historia nästa vecka.,I am starting a study in history next week.
högljudd,Hon är alltid så högljudd när hon skrattar.,She is always so loud when she laughs.
ett skaldjur,Jag gillar att äta ett skaldjur på sommaren.,I like to eat a shellfish in the summer.
att stinka,Det stinker i köket efter att vi lagade fisk.,It stinks in the kitchen after we cooked fish.
tillfreds,Jag är tillfreds med min nya lägenhet.,I am happy with my new apartment.
världsomfattande,Världsomfattande frågor kräver samarbete mellan länder.,Global issues require cooperation between countries.
en befruktning,En befruktning kan ske på många olika sätt.,A fertilization can happen in many different ways.
glänsande,Hennes glänsande ögon fick alla att le.,Her shining eyes made everyone smile.
en organisatör,Hon är en organisatör av evenemang.,She is an organizer of events.
ett pussel,Vi lade ett pussel tillsammans på kvällen.,We put together a jigsaw puzzle in the evening.
ett vitamin,Ett vitamin hjälper kroppen att må bra.,A vitamin helps the body feel good.
en aktning,Jag har stor aktning för hennes arbete.,I have great respect for her work.
en boplats,Vi besökte en boplats från forna tider.,We visited a settlement from ancient times.
vederbörlig,Det är vederbörlig respekt att lyssna på andra.,It is appropriate respect to listen to others.
ett dråp,Ett dråp kan få allvarliga konsekvenser.,Manslaughter can have serious consequences.
ett jubileum,Vi firar ett jubileum nästa vecka.,We are celebrating a jubilee next week.
att frikänna,Domaren beslutade att frikänna den åtalade.,The judge decided to acquit the accused.
att hetta,Jag behöver hetta upp maten.,I need to heat up the food.
en formation,Bergen har en formation som ser gammal ut.,The mountains have a formation that looks ancient.
en ridå,En ridå öppnas när föreställningen börjar.,A curtain opens when the show begins.
att rådfråga,Jag behöver att rådfråga en läkare om min hosta.,I need to consult a doctor about my cough.
att svälla,Mina fötter sväller efter en lång promenad.,My feet swell after a long walk.
en avföring,Jag måste gå på toaletten för att göra en avföring.,I need to go to the bathroom to have a bowel movement.
en modifikation,En modifikation kan göra stor skillnad.,A modification can make a big difference.
ett ordförråd,Ett ordförråd växer när du läser mycket.,A vocabulary grows when you read a lot.
en tjocklek,En tjocklek av is täcker sjön på vintern.,A thickness of ice covers the lake in winter.
en metropol,Stockholm är en metropol i Sverige.,Stockholm is a metropolis in Sweden.
en injektion,Jag ska få en injektion på sjukhuset.,I will get an injection at the hospital.
lantlig,Lantlig livsstil är mycket lugn och avslappnande.,Rural life is very calm and relaxing.
en veckotidning,Jag läser alltid en veckotidning på söndagar.,I always read a weekly newspaper on Sundays.
en orkester,En orkester spelar vacker musik i parken.,An orchestra plays beautiful music in the park.
en skruv,Jag behöver en skruv för att fixa möbeln.,I need a screw to fix the furniture.
ett solsken,Ett solsken gör mig glad.,A sunshine makes me happy.
en matvara,En matvara som jag alltid har hemma är ris.,A food item that I always have at home is rice.
ett regemente,Ett regemente marscherade genom staden.,A regiment marched through the city.
ett sammanträffande,Det var ett sammanträffande att vi båda var på samma café.,It was a coincidence that we were both at the same café.
en utstrålning,Hon har en utstrålning som får alla att le.,She has a charisma that makes everyone smile.
att valla,Jag måste valla mina får varje dag.,I have to watch my sheep every day.
ett arvode,Läkaren tog ett arvode för besöket.,The doctor charged a fee for the visit.
periodisk,Det är viktigt att ha periodisk träning.,It is important to have periodic exercise.
en favör,Kan du göra mig en favör och hämta min bok?,Can you do me a favor and fetch my book?
kommunikativ,Hon är mycket kommunikativ och älskar att prata med nya människor.,She is very communicative and loves to talk to new people.
terminal,Terminalen är full av resenärer.,The terminal is full of travelers.
ett trappsteg,Jag klättrade upp för ett trappsteg.,I climbed up a step.
en paj,Jag gillar att äta en paj till lunch.,I like to eat a tart for lunch.
att anskaffa,Jag ska anskaffa en ny cykel i sommar.,I will acquire a new bike this summer.
mörkhyad,Han är mörkhyad och har vackra ögon.,He is dark-skinned and has beautiful eyes.
en tristess,Hon kände en tristess när hösten kom.,She felt a sadness when autumn arrived.
en kassett,Jag lyssnar på en kassett från 90-talet.,I am listening to a cassette from the 90s.
en räddare,Hon blev en räddare när hon hjälpte barnet.,She became a rescuer when she helped the child.
en almanacka,Jag skriver ner mina planer i en almanacka.,I write down my plans in a calendar.
en accent,Hon talar svenska med en accent.,She speaks Swedish with an accent.
en kvällsmat,Vi ska äta en kvällsmat tillsammans ikväll.,We will have supper together tonight.
att bestiga,Vi ska bestiga berget i morgon.,We will climb the mountain tomorrow.
styv,Kläderna var styva och obekväma.,The clothes were stiff and uncomfortable.
en knekt,Jag fick en knekt i mitt kortspel.,I got a jack in my card game.
en väv,En väv kan vara vacker och färgglad.,A weave can be beautiful and colorful.
att översvämma,Regnet kan översvämma staden.,The rain can flood the city.
en örn,En örn svävar högt över bergen.,An eagle soars high above the mountains.
en seglare,En seglare älskar att vara på havet.,A sailor loves to be at sea.
ett spöke,Det sägs att ett spöke går omkring i det gamla huset.,It is said that a ghost wanders around the old house.
en lund,Barnen leker i en lund.,The children are playing in a grove.
tålmodig,Min vän är alltid tålmodig när jag lär mig svenska.,My friend is always patient when I learn Swedish.
en koja,Vi byggde en koja i skogen.,We built a hut in the forest.
en lockelse,En lockelse kan vara svår att motstå.,A temptation can be hard to resist.
lärd,Han är en lärd man.,He is a scholarly man.
en balk,En balk stödjer taket i byggnaden.,A beam supports the roof in the building.
en åldring,En åldring sitter på bänken i parken.,An old person is sitting on the bench in the park.
en fullmåne,En fullmåne lyser klart på natten.,A full moon shines brightly at night.
en bröstkorg,En bröstkorg skyddar våra organ.,A chest protects our organs.
slätt,Det gick slätt när jag cyklade till jobbet.,It went smoothly when I rode my bike to work.
ett spektakel,Det blev ett spektakel när barnen började skrika på festen.,It became a spectacle when the children started screaming at the party.
en ven,En ven bär blod genom kroppen.,A vein carries blood through the body.
en nöt,En nöt kan vara svår att knäcka.,A nut can be hard to crack.
ett odjur,Det finns ett odjur i skogen.,There is a monster in the forest.
en äventyrare,En äventyrare söker alltid nya upplevelser.,An adventurer always seeks new experiences.
bildlig,Han talade bildligt när han sa att livet är en resa.,He spoke figuratively when he said that life is a journey.
att rangordna,Vi måste rangordna våra uppgifter för att bli mer effektiva.,We need to rank our tasks to be more efficient.
en smörgås,Jag gillar att äta en smörgås till lunch.,I like to eat a sandwich for lunch.
en hjord,En hjord av får betar på ängen.,A herd of sheep grazes in the meadow.
ett vildsvin,Jag såg ett vildsvin i skogen.,I saw a wild boar in the forest.
en bibliografi,Jag behöver skriva en bibliografi för mitt arbete.,I need to write a bibliography for my project.
ihärdig,Hon är ihärdig i sina studier.,She is persistent in her studies.
en indignation,Hon kände en indignation över orättvisorna i samhället.,She felt an indignation over the injustices in society.
paradoxal,Det är paradoxalt att vi söker lycka men ofta blir olyckliga.,It is paradoxical that we seek happiness but often become unhappy.
en soluppgång,En soluppgång är vacker och lugn.,A sunrise is beautiful and peaceful.
att grädda,Jag ska grädda en äppelpaj i ugnen.,I am going to bake an apple pie in the oven.
en kontrovers,En kontrovers kan leda till livliga diskussioner.,A controversy can lead to lively discussions.
att multiplicera,Det är viktigt att multiplicera talen noggrant.,It is important to multiply the numbers carefully.
en oförrätt,Hon kände en oförrätt när de inte lyssnade på hennes åsikt.,She felt a wrong when they didn't listen to her opinion.
ett revben,Jag har ont i ett revben.,I have pain in a rib.
en yoghurt,Jag äter en yoghurt till frukost.,I eat a yoghurt for breakfast.
delikat,Kakan är delikat och smakrik.,The cake is delicious and flavorful.
en konsultation,Vi har en konsultation på måndag.,We have a consultation on Monday.
ett kväve,Kväve finns i luften vi andas.,Nitrogen is found in the air we breathe.
en kvarn,Vi gick till en kvarn för att köpa mjöl.,We went to a mill to buy flour.
ett gummi,Jag behöver ett gummi för att sudda ut mina misstag.,I need an eraser to erase my mistakes.
en facilitet,Biblioteket har en facilitet för studenter.,The library has a facility for students.
mittemot,Mittemot skolan finns en park.,"Opposite the school, there is a park."
oenig,Vi är oeniga om vilken film vi ska se.,We are not in agreement about which movie to watch.
oföränderlig,Kärleken är oföränderlig genom tiderna.,Love is unchangeable through the ages.
en restaurering,En restaurering av det gamla huset kostade mycket pengar.,A restoration of the old house cost a lot of money.
snuskig,Det var en snuskig plats att leka på.,It was a filthy place to play.
en tågstation,Jag väntar på bussen vid en tågstation.,I am waiting for the bus at a train station.
en herde,En herde vakar över sina får.,A shepherd watches over his sheep.
en kål,Jag köpte en kål på marknaden.,I bought a cabbage at the market.
en tillförsel,Det är viktigt med en tillförsel av näring för växterna.,It is important to have a supply of nutrients for the plants.
en avskrivning,En avskrivning kan påverka företagets resultat.,A write-off can affect the company's results.
en bemanning,En bemanning är viktig för att företaget ska fungera bra.,A staff is important for the company to function well.
pytteliten,Den pytteliten katten sover på soffan.,The tiny cat is sleeping on the sofa.
en cirkulation,Cirkulationen av blod är viktig för vår hälsa.,The circulation of blood is important for our health.
termisk,Termisk energi värmer vårt hem.,Thermal energy warms our home.
ömtålig,Glas är ömtålig och kan lätt gå sönder.,Glass is fragile and can easily break.
att koda,Jag lär mig att koda varje dag.,I am learning to code every day.
en kämpe,Hon är en kämpe för rättvisa.,She is a champion for justice.
en besatthet,Hon har en besatthet av att samla på frimärken.,She has an obsession with collecting stamps.
en fjärrkontroll,Jag behöver en fjärrkontroll för att byta kanal.,I need a remote control to change the channel.
en juvel,En juvel glänser i solen.,A jewel sparkles in the sun.
en ponny,Jag såg en ponny i parken.,I saw a pony in the park.
att bemanna,Vi behöver att bemanna båten för att åka ut till sjön.,We need to man the boat to go out to the lake.
en måtta,Det är viktigt att ha en måtta i allt man gör.,It is important to have moderation in everything you do.
att dekorera,Vi ska dekorera rummet med fina medaljer.,We will decorate the room with nice medals.
en gaffel,Jag åt pasta med en gaffel.,I ate pasta with a fork.
en pilgrim,En pilgrim går ofta långa vägar.,A pilgrim often walks long paths.
att ackumulera,Det är viktigt att ackumulera kunskap varje dag.,It is important to accumulate knowledge every day.
ett getto,Det finns många historier om livet i ett getto.,There are many stories about life in a ghetto.
en skorsten,Det finns en skorsten på taket.,There is a chimney on the roof.
en antenn,En antenn hjälper oss att få bättre TV-signal.,An antenna helps us get a better TV signal.
en montering,En montering av möblerna tog hela dagen.,An assembly of the furniture took all day.
synbar,Himlen är synbar i alla dess färger.,The sky is visible in all its colors.
en vrå,Jag satte mig i en vrå av rummet för att läsa.,I sat down in a corner of the room to read.
att assistera,Jag behöver någon som kan assistera mig med mitt projekt.,I need someone who can assist me with my project.
en defensiv,En defensiv taktik kan vinna matcher.,A defensive tactic can win matches.
en videokamera,Jag köpte en videokamera för att filma min semester.,I bought a video camera to film my vacation.
en bataljon,En bataljon soldater tränar i skogen.,A battalion of soldiers is training in the forest.
en intelligens,En intelligens hjälper oss att lösa problem.,An intelligence helps us solve problems.
ett diplom,Jag fick ett diplom för att jag klarade kursen.,I received a diploma for passing the course.
en konfiguration,En konfiguration av möblerna gör rummet mer bekvämt.,A configuration of the furniture makes the room more comfortable.
att efterfölja,Jag försöker alltid att efterfölja mina lärares råd.,I always try to follow my teachers' advice.
exemplarisk,Hon gjorde ett exemplarisk arbete på projektet.,She did an exemplary job on the project.
en konsistens,Soppan har en bra konsistens.,The soup has a good consistency.
att stelna,Soppa kan stelna om den får stå för länge.,Soup can solidify if it stands too long.
en amortering,Jag betalar en amortering varje månad.,I pay an instalment every month.
en avskrift,Jag behöver en avskrift av mitt betyg.,I need a transcript of my grades.
ett bläck,Jag behöver ett bläck för att skriva brevet.,I need an ink to write the letter.
att restaurera,Vi behöver att restaurera den gamla byggnaden.,We need to restore the old building.
ett pulver,Jag köpte ett pulver för att baka kakor.,I bought a powder to bake cookies.
en remsa,Jag klippte en remsa papper.,I cut a strip of paper.
en apelsin,Jag äter en apelsin varje dag.,I eat an orange every day.
en cement,En cement är viktigt för att bygga hus.,Cement is important for building houses.
en trailer,Vi såg en trailer för den nya filmen igår.,We saw a trailer for the new movie yesterday.
ljum,Soppan var ljum när jag åt den.,The soup was lukewarm when I ate it.
en sammanstötning,Det var en sammanstötning mellan två bilar på vägen.,There was a collision between two cars on the road.
stormig,Det var en stormig natt med mycket regn.,It was a stormy night with lots of rain.
en pina,Det är en pina att stå i kö hela dagen.,It is a pain to stand in line all day.
ett skift,Jag har ett skift på jobbet i eftermiddag.,I have a shift at work this afternoon.
att stöna,Hon började stöna när hon lyfte den tunga lådan.,She started to groan when she lifted the heavy box.
en uppsyn,Hon hade en uppsyn som visade att hon var bekymrad.,She had a look that showed she was worried.
att återse,Jag ser fram emot att återse dig snart.,I look forward to seeing you again soon.
en elektron,En elektron är mycket liten.,An electron is very small.
oanvändbar,Den gamla datorn är helt oanvändbar.,The old computer is completely useless.
sömnig,Jag känner mig sömnig efter en lång dag.,I feel sleepy after a long day.
en emission,Det är viktigt att minska en emission av koldioxid.,It is important to reduce an emission of carbon dioxide.
en omloppsbana,Jorden kretsar i en omloppsbana runt solen.,The Earth orbits in an orbit around the sun.
blixtsnabbt,Han sprang blixtsnabbt till bussen.,He ran to the bus as quick as a flash.
en brevväxling,Vi hade en brevväxling under hela sommaren.,We had a correspondence throughout the summer.
en ventil,Vi behöver öppna en ventil för att få in frisk luft.,We need to open a vent to let in fresh air.
att fresta,Kakan är så god att den frestar mig varje gång.,The cake is so good that it tempts me every time.
ett pekfinger,Jag pekar med ett pekfinger på boken.,I point with a forefinger at the book.
ett sigill,Ett sigill fanns på brevet från kungen.,A seal was on the letter from the king.
en armbåge,Jag har ont i en armbåge.,I have pain in an elbow.
ljusblå,Himlen är ljusblå idag.,The sky is light blue today.
ett skaft,Ett skaft är viktigt för att hålla verktyget stabilt.,A handle is important for keeping the tool steady.
en paviljong,Vi sitter i en paviljong vid sjön.,We are sitting in a pavilion by the lake.
segerrik,Segerrik är den som aldrig ger upp.,Triumphant is the one who never gives up.
skenbar,Skenbar skönhet kan lura oss.,Apparent beauty can deceive us.
svartsjuk,Hon blev svartsjuk när han pratade med en annan tjej.,She became very jealous when he talked to another girl.
mångfaldig,Kulturen i vårt land är mångfaldig och rik.,The culture in our country is multi-faceted and rich.
ett omlopp,Ett omlopp av jorden tar ett år.,One revolution of the Earth takes a year.
en kemist,En kemist arbetar med att göra nya ämnen.,A chemist works on creating new substances.
en dykning,Vi planerar en dykning i havet på lördag.,We are planning a dive in the sea on Saturday.
orörlig,Hunden satt orörlig på gräset.,The dog sat immobile on the grass.
en tagning,Vi gjorde en tagning till filmen igår.,We did a take for the movie yesterday.
en cykelväg,Vi cyklar ofta på en cykelväg i parken.,We often bike on a cycle path in the park.
en donator,En donator hjälper människor i nöd.,A donor helps people in need.
ett förverkligande,Ett förverkligande av drömmen är alltid möjligt.,A realization of the dream is always possible.
en nyck,Hon köpte kläder på en nyck.,She bought clothes on a whim.
ett gränsområde,Vi besökte ett gränsområde mellan Sverige och Norge.,We visited a border area between Sweden and Norway.
pittoresk,Den lilla byn vid sjön är verkligen pittoresk.,The small village by the lake is truly picturesque.
att yla,Ute i natten hörde vi vargarna yla.,"In the night, we heard the wolves howl."
disciplinär,En disciplinär åtgärd krävs för att förbättra beteendet.,A disciplinary action is required to improve behavior.
farväl,"Farväl, min vän, vi ses snart igen.","Farewell, my friend, we will see each other again soon."
en pånyttfödelse,En pånyttfödelse kan ge oss nya möjligheter.,A rebirth can give us new opportunities.
en relik,En relik från det förflutna väcker alltid nyfikenhet.,A relic from the past always sparks curiosity.
ett berättigande,Jag behöver ett berättigande för att få tillträde till rummet.,I need an authorization to access the room.
en föresats,Jag har en föresats att bli bättre på svenska.,I have an intention to get better at Swedish.
en inbetalning,Jag gjorde en inbetalning till mitt sparkonto.,I made a payment to my savings account.
att ströva,Jag älskar att ströva i skogen på helgerna.,I love to wander aimlessly in the forest on weekends.
ett substitut,Jag använder ett substitut för socker i mitt te.,I use a substitute for sugar in my tea.
tjugonde,Idag är det tjugonde oktober.,Today is the twentieth of October.
ett arbetslag,Vi arbetar i ett arbetslag varje dag.,We work in a team every day.
ett lim,Jag behöver ett lim för att laga min bok.,I need a glue to fix my book.
läglig,Det är alltid lägligt att ta en paus.,It is always convenient to take a break.
en nyttighet,En nyttighet kan vara något som gör livet enklare.,A utility can be something that makes life easier.
en simhall,Vi går till en simhall varje söndag.,We go to a public indoor swimming pool every Sunday.
en animation,En animation kan göra en historia mer levande.,An animation can make a story come alive.
ett väte,Ett väte är en viktig del av vatten.,A hydrogen is an important part of water.
orätt,Det är orätt att behandla människor olika.,It is unfair to treat people differently.
ett uppskov,Jag behöver ett uppskov för att avsluta mitt projekt.,I need a delay to finish my project.
en belägenhet,Jag befinner mig i en svår belägenhet just nu.,I find myself in a difficult situation right now.
ett sammandrag,Jag läste ett sammandrag av boken innan jag såg filmen.,I read a summary of the book before I watched the movie.
en bensinstation,Vi stannade vid en bensinstation för att tanka bilen.,We stopped at a gas station to refuel the car.
en gymnastik,En gymnastik är rolig och nyttig.,Gymnastics is fun and beneficial.
en kommissarie,En kommissarie löser svåra brott.,A superintendent solves difficult crimes.
en vokal,En vokal kan vara både lång och kort.,A vowel can be both long and short.
en förmyndare,Barnet behöver en förmyndare för att fatta beslut.,The child needs a guardian to make decisions.
ett mineral,Ett mineral kan vara mycket vackert.,A mineral can be very beautiful.
ett omnämnande,Jag fick ett omnämnande i tidningen.,I got a mention in the newspaper.
ett alarm,Ett alarm ringde mitt i natten.,An alarm rang in the middle of the night.
en allé,Vi gick en promenad längs den vackra allén.,We took a walk along the beautiful avenue.
en bergstopp,Vi gick upp till en bergstopp för att se solnedgången.,We hiked up to a mountaintop to see the sunset.
en navigation,En navigation är viktig när du kör bil.,A navigation is important when you drive a car.
ett set,Jag har köpt ett set med tennisracketar.,I bought a set of tennis rackets.
tematisk,Den tematiska utställningen var mycket intressant.,The thematic exhibition was very interesting.
en täthet,En täthet av stjärnor gör natten vacker.,A density of stars makes the night beautiful.
att återupptäcka,Jag älskar att återupptäcka gamla böcker.,I love to rediscover old books.
ett postkontor,Jag går till ett postkontor för att skicka ett brev.,I am going to a post office to send a letter.
en ärm,Hon har en ärm som är trasig.,She has a sleeve that is torn.
ett residens,Ett residens ligger ofta i en vacker del av staden.,An official residence is often located in a beautiful part of the city.
ett teleskop,Jag tittar på stjärnorna genom ett teleskop.,I am looking at the stars through a telescope.
en tryckning,En tryckning av boken kom ut igår.,A printing of the book was released yesterday.
ett drickande,Det är trevligt med ett drickande på en varm dag.,It's nice to have a drink on a warm day.
ett kabinett,Jag behöver gå till ett kabinett.,I need to go to a toilet.
charmerande,Det är en charmerande liten stad.,It is a charming little town.
ett missfall,Ett missfall kan vara mycket sorgligt.,A miscarriage can be very sad.
äktenskaplig,Äktenskaplig lycka är viktigt för många par.,Marital bliss is important for many couples.
en emigrant,En emigrant söker ett nytt liv i ett annat land.,An emigrant seeks a new life in another country.
en bagatell,"Det är bara en bagatell, så vi behöver inte oroa oss.","It's just a trifle, so we don't need to worry."
en bestämdhet,Hon visade en bestämdhet när hon fattade beslutet.,She showed a determination when she made the decision.
en aveny,Vi promenerade längs en aveny i parken.,We walked along an avenue in the park.
en hosta,Jag har en hosta och känner mig trött.,I have a cough and feel tired.
en andedräkt,Hon tog ett djupt andetag innan hon talade.,She took a deep breath before she spoke.
en bottenvåning,Jag bor på en bottenvåning.,I live on the ground floor.
förtrolig,Jag kan lita på dig för att du alltid är förtrolig.,I can trust you because you are always confidential.
ett avskedande,Ett avskedande kan vara svårt för många anställda.,A dismissal can be difficult for many employees.
femtonde,Den femtonde juni är min födelsedag.,The fifteenth of June is my birthday.
en avbetalning,Jag betalar en avbetalning varje månad.,I pay an instalment every month.
en fotgängare,En fotgängare går över gatan.,A pedestrian is crossing the street.
en lärarinna,En lärarinna hjälper sina elever att lära sig.,A female teacher helps her students to learn.
en terrass,Vi sitter på en terrass och njuter av solen.,We are sitting on a terrace and enjoying the sun.
en monter,Vi såg många intressanta saker i montern på mässan.,We saw many interesting things in the display case at the fair.
en sylt,Jag älskar att äta en sylt på min macka.,I love to eat a jam on my sandwich.
att kila,Jag måste kila till bussen nu.,I have to hurry to the bus now.
ett tuggummi,Jag vill ha ett tuggummi.,I want a chewing gum.
en bildskärm,Jag köpte en bildskärm till min dator.,I bought a screen for my computer.
en eliminering,En eliminering av onödiga kostnader kan hjälpa företaget.,An elimination of unnecessary costs can help the company.
att kalkylera,Jag måste kalkylera kostnaden för min nya bil.,I need to calculate the cost of my new car.
en agentur,Jag har en agentur som hjälper företag.,I have an agency that helps businesses.
mellanliggande,Det finns ett mellanliggande steg i processen.,There is an intermediate step in the process.
en trosa,Hon köpte en trosa i affären.,She bought a pair of panties in the store.
en såg,Jag behöver en såg för att kapa träet.,I need a saw to cut the wood.
fysiologisk,Fysiologisk respons är viktig för vår hälsa.,Physiological response is important for our health.
en uppfödning,En uppfödning av får kräver mycket omsorg.,A breeding of sheep requires a lot of care.
att betinga,Att betinga ett bra pris kan vara svårt.,To command a good price can be difficult.
en farförälder,Min farförälder berättar alltid roliga historier.,My grandparent always tells funny stories.
en råolja,En råolja är viktig för energiproduktion.,Crude oil is important for energy production.
en ficklampa,Jag behöver en ficklampa när det är mörkt.,I need a flashlight when it is dark.
hårig,Katten är hårig och söt.,The cat is hairy and cute.
ett tvättmedel,Jag behöver köpa ett tvättmedel för mina kläder.,I need to buy a detergent for my clothes.
att förorena,Vi måste sluta förorena våra sjöar.,We must stop polluting our lakes.
en marskalk,En marskalk leder trupperna i strid.,A marshal leads the troops in battle.
en böjning,En böjning av vägen gjorde det svårt att se längre fram.,A bend in the road made it hard to see further ahead.
en narkoman,En narkoman behöver hjälp för att bli frisk.,A drug addict needs help to get well.
en upphetsning,Hon kände en upphetsning när musiken började spela.,She felt an excitement when the music started playing.
ett uppköp,Jag gjorde ett uppköp av många böcker på rean.,I made a bulk purchase of many books on sale.
en mentor,En mentor kan hjälpa dig att växa.,A mentor can help you grow.
ett fyrverkeri,Det är ett fyrverkeri på himlen.,There is a fireworks in the sky.
ett kollegium,Lärarna samlades för ett kollegium på skolan.,The teachers gathered for a staff meeting at the school.
en spade,Jag behöver en spade för att gräva i trädgården.,I need a spade to dig in the garden.
en differentiering,En differentiering i skolan hjälper elever att lära sig i sin egen takt.,A differentiation in school helps students learn at their own pace.
att infektera,Det är viktigt att tvätta händerna för att inte infektera andra.,It is important to wash your hands to avoid infecting others.
ett veck,Hon strök ut ett veck på skjortan.,She smoothed out a crease on the shirt.
att limma,Jag behöver att limma papperet på väggen.,I need to glue the paper to the wall.
ett oväsen,Det var ett oväsen från gatan hela natten.,There was a noise from the street all night.
att innesluta,Vi måste innesluta alla viktiga dokument i mappen.,We need to enclose all the important documents in the folder.
ett klädesplagg,Jag behöver köpa ett klädesplagg för festen.,I need to buy an item of clothing for the party.
en musiker,En musiker spelar ofta på konserter.,A musician often plays at concerts.
smaklös,Maten var smaklös och jag blev besviken.,The food was tasteless and I was disappointed.
en stigning,Vi måste göra en stigning för att nå toppen av berget.,We need to make a climb to reach the top of the mountain.
bravo,Bravo! Du gjorde ett fantastiskt jobb.,Bravo! You did a fantastic job.
hjärtlig,Hälsningen var hjärtlig och varm.,The greeting was hearty and warm.
en idrottsman,En idrottsman tränar varje dag.,A sportsman trains every day.
en koncession,Jag har en koncession för att sälja glass i parken.,I have a franchise to sell ice cream in the park.
ofördelaktig,En ofördelaktig situation kan bli svår att hantera.,A disadvantageous situation can be difficult to handle.
ädel,Ädelstenar glittrar vackert i solen.,Gemstones sparkle beautifully in the sun.
ett epos,Ett epos berättar om hjältar och stora äventyr.,An epic tells about heroes and great adventures.
en fasta,En fasta är en tid för eftertanke.,A fast is a time for reflection.
en geting,Det finns en geting i rummet.,There is a wasp in the room.
hedervärd,Hedervärd människor förtjänar respekt.,Honorable people deserve respect.
en hjältinna,Hon är en hjältinna som räddar sina vänner.,She is a heroine who saves her friends.
en knipa,Jag hamnade i en knipa när jag glömde min plånbok.,I got into a jam when I forgot my wallet.
ett frågeformulär,Jag fyllde i ett frågeformulär igår.,I filled out a questionnaire yesterday.
en densitet,En densitet beskriver hur tungt ett ämne är.,A density describes how heavy a substance is.
att eskortera,Polisen eskorterade kungen till slottet.,The police escorted the king to the castle.
en rankning,En rankning av de bästa filmerna kommer snart.,A ranking of the best movies will be released soon.
en servitör,En servitör tar beställningar vid bordet.,A waiter takes orders at the table.
en svägerska,Min svägerska är alltid snäll mot mig.,My sister-in-law is always nice to me.
att förbrylla,Frågan förvånar och förbryllar mig.,The question surprises and perplexes me.
skattemässig,Skattemässiga frågor är viktiga att förstå.,Tax matters are important to understand.
en tillgivenhet,Kärleken kräver en tillgivenhet från båda parter.,Love requires a devotion from both partners.
en avkomling,Hon är stolt över sin avkomling.,She is proud of her descendant.
att diagnostisera,Läkaren kan att diagnostisera sjukdomen snabbt.,The doctor can diagnose the illness quickly.
en rådman,En rådman lyssnar noga på alla vittnen.,A district court judge listens carefully to all witnesses.
att sammanfoga,Vi måste sammanfoga dessa två bitar för att göra en hel.,We need to join these two pieces to make a whole.
ett ögonkast,Jag fick ett ögonkast på henne och kände kärlek vid första ögonkastet.,I caught a glance at her and felt love at first sight.
en designer,En designer skapar vackra kläder.,A designer creates beautiful clothes.
en basilika,En basilika växer bra i solen.,Basil grows well in the sun.
en lem,Hon skadade en lem när hon föll.,She injured a limb when she fell.
att adressera,Vi behöver att adressera problemet snabbt.,We need to address the problem quickly.
ett veckoslut,Vi ska åka till stugan ett veckoslut.,We are going to the cabin for a weekend.
att centrera,Vi behöver centrera bilden på sidan.,We need to center the image on the page.
ett fotfolk,Ett fotfolk kämpar alltid för sina rättigheter.,The rank and file always fight for their rights.
en fästmö,Min fästmö är så glad idag.,My fiancée is so happy today.
en illvilja,Hon kände en illvilja mot sina grannar.,She felt a malice towards her neighbors.
en inskrivning,En inskrivning på universitetet är viktigt för att börja studera.,An enrollment at the university is important to start studying.
en omkrets,En omkrets mäts runt cirkeln.,A circumference is measured around the circle.
en självdeklaration,Jag måste fylla i en självdeklaration varje år.,I have to fill in an income-tax return every year.
trehundra,Jag har trehundra böcker i min samling.,I have three hundred books in my collection.
en logo,Vi behöver en logo till vårt nya företag.,We need a logo for our new company.
en fyndighet,En fyndighet kan leda till stora upptäckter.,An inventiveness can lead to great discoveries.
en gästfrihet,Vi uppskattar alltid en gästfrihet när vi besöker nya platser.,We always appreciate a hospitality when we visit new places.
en konfirmation,En konfirmation är en viktig händelse i många familjer.,A confirmation is an important event in many families.
ett skär,Det finns ett skär i havet där vi kan fiska.,There is a skerry in the sea where we can fish.
en vindruva,En vindruva är söt och god.,A grape is sweet and tasty.
en vårdare,En vårdare hjälper gamla människor.,A carer helps elderly people.
en ådra,En ådra kan synas tydligt i träverket.,A vein can be clearly seen in the woodwork.
tillfredsställd,Jag kände mig tillfredsställd efter en lång dag.,I felt satisfied after a long day.
att förestå,Jag ska förestå projektet nästa vecka.,I will manage the project next week.
en handflata,Jag klappar katten med en handflata.,I pet the cat with my palm.
en inbillning,Det kanske bara var en inbillning att jag hörde någon kalla på mig.,Maybe it was just my imagination that I heard someone calling me.
en logg,Vi måste skriva in alla detaljer i en logg.,We need to write down all the details in a log.
ett bakverk,Jag älskar att äta ett bakverk till kaffet.,I love to eat a pastry with my coffee.
en gratulation,En gratulation är alltid välkommen på födelsedagen.,A congratulation is always welcome on a birthday.
en kapplöpning,Det var en kapplöpning mellan hästarna på banan.,It was a race between the horses on the track.
en opponent,Han har alltid en stark opponent i matchen.,He always has a strong opponent in the match.
betydlig,Det är en betydlig förbättring jämfört med förra året.,It is a significant improvement compared to last year.
en matris,En matris kan användas för att lösa ekvationer.,A matrix can be used to solve equations.
att avdela,Läraren avdelade uppgifterna till varje elev.,The teacher detailed the assignments to each student.
ett huvudämne,Mitt huvudämne på universitetet är psykologi.,My major at the university is psychology.
en komplott,Det finns en komplott mot kungen.,There is a conspiracy against the king.
att returnera,Jag måste returnera min beställning.,I need to return my order.
att stadfästa,Vi behöver stadfästa beslutet innan mötet.,We need to confirm the decision before the meeting.
oavgjord,Matchen slutade oavgjord efter förlängning.,The match ended undecided after extra time.
beslutsamt,Hon talade beslutsamt om sina planer.,She spoke decisively about her plans.
en kupong,Jag har en kupong för 20% rabatt.,I have a coupon for 20% off.
att massera,Jag gillar att massera mina vänner efter en lång dag.,I like to massage my friends after a long day.
en tändsticka,Jag behöver en tändsticka för att tända ljuset.,I need a match to light the candle.
en ädelsten,En ädelsten glittrar i solen.,A gem sparkles in the sun.
en kakao,Jag dricker en kakao varje morgon.,I drink a cocoa every morning.
ett akvarium,Jag har ett akvarium i mitt rum.,I have an aquarium in my room.
ett smycke,Jag fick ett smycke i födelsedagspresent.,I received a piece of jewelry as a birthday gift.
en försvarsadvokat,Jag behöver en försvarsadvokat för min rättegång.,I need a defence lawyer for my trial.
en knytnäve,Han slog en knytnäve i väggen av frustration.,He hit a fist against the wall in frustration.
en optik,En optik kan förbättra bilden i kameran.,An optics can improve the image in the camera.
en skolkamrat,Min skolkamrat heter Anna.,My schoolmate's name is Anna.
ett synfält,Det är viktigt att ha ett synfält när man kör bil.,It is important to have a field of vision when driving a car.
underlydande,Chefen gav instruktioner till det underlydande teamet.,The boss gave instructions to the subordinate team.
en frist,Jag behöver en frist för att avsluta mitt arbete.,I need a deadline to finish my work.
en fyllning,Jag gillar en fyllning av choklad i mina bakverk.,I like a chocolate filling in my pastries.
att förvarna,Jag vill förvarna dig om stormen som kommer.,I want to forewarn you about the storm that is coming.
ett stearinljus,Ett stearinljus lyser upp rummet.,A candle lights up the room.
enhällig,Beslutet var enhälligt och alla var glada.,The decision was unanimous and everyone was happy.
en insjö,Vi simmade i en insjö hela dagen.,We swam in a lake all day.
att ledsaga,Jag ska ledsaga dig till din plats.,I will accompany you to your seat.
ett moderskap,Ett moderskap är en stor glädje.,A motherhood is a great joy.
undantagslöst,Han hjälper undantagslöst alla sina vänner.,He invariably helps all his friends.
alldaglig,Den alldagliga klänningen passade perfekt till festen.,The ordinary dress was perfect for the party.
en avslappning,En avslappning efter jobbet är viktig.,A relaxation after work is important.
en konduktör,En konduktör samlar in biljetter på tåget.,A conductor collects tickets on the train.
ett lågstadium,Barnen går till ett lågstadium varje dag.,The children go to a primary school every day.
sportig,Hon har alltid sportiga kläder på sig.,She always wears sporty clothes.
en utsändning,Vi såg en utsändning av den stora matchen igår.,We watched a broadcast of the big match yesterday.
en villighet,Hon har en villighet att hjälpa andra.,She has a willingness to help others.
en glans,Solen ger en glans åt havet.,The sun gives a brilliance to the sea.
en arvinge,Hon är en arvinge till familjeföretaget.,She is an heir to the family business.
ett häfte,Jag köpte ett häfte med fina bilder.,I bought a booklet with nice pictures.
ett mejeri,Det finns ett mejeri i vår by.,There is a dairy in our village.
att chockera,Nyheterna chockerade alla i staden.,The news shocked everyone in the city.
en eskort,Hon hyrde en eskort till festen.,She hired an escort for the party.
ett tabu,Det är ett tabu att prata om pengar vid middagsbordet.,It is a taboo to talk about money at the dinner table.
en avdelningschef,En avdelningschef har många ansvarsområden.,A head of division has many responsibilities.
en pilgrimsfärd,En pilgrimsfärd till Santiago de Compostela är en dröm för många.,A pilgrimage to Santiago de Compostela is a dream for many.
rättfram,Han är alltid rättfram med sina åsikter.,He is always straightforward with his opinions.
en slaktare,En slaktare säljer kött på marknaden.,A butcher sells meat at the market.
betecknande,Katten har ett betecknande mönster på sin päls.,The cat has a characteristic pattern on its fur.
patologisk,Hans patologiska rädsla för spindlar gör att han aldrig går ut.,His pathological fear of spiders means he never goes outside.
multimedia,Multimedia används i många skolor idag.,Multimedia is used in many schools today.
frånskild,Hon är frånskild och bor ensam.,She is divorced and lives alone.
en krämpa,Jag har en krämpa i min rygg.,I have an ailment in my back.
en långsamhet,En långsamhet kan vara lugnande.,A slowness can be calming.
en mätare,Jag såg en mätare på gatan.,I saw a meter on the street.
ett oljud,Det är ett oljud från gatan.,There is a noise from the street.
ett slitage,Möblerna har fått ett slitage efter många års användning.,The furniture has suffered wear and tear after many years of use.
en kommendant,Kommendanten bestämmer över hela området.,The commandant decides over the entire area.
en hök,En hök svävar högt över skogen.,A hawk soars high above the forest.
en rugby,Jag spelar en rugby med mina vänner.,I play rugby with my friends.
ett snöre,Jag behöver ett snöre för att knyta skorna.,I need a string to tie my shoes.
att vidröra,Jag vill inte vidröra det ämnet just nu.,I don't want to touch upon that subject right now.
ett dån,Det kom ett dån från åskan när vi satt inomhus.,There was a rumble of thunder when we were sitting indoors.
sanitär,Sanitär hygien är viktigt för vår hälsa.,Sanitary hygiene is important for our health.
en stekpanna,Jag steker ägg i en stekpanna.,I fry eggs in a frying pan.
en idol,Min syster har alltid haft en idol inom musik.,My sister has always had an idol in music.
en luftkonditionering,"Det är varmt här inne, vi behöver en luftkonditionering.","It is hot in here, we need an air-conditioning."
en svärson,"Min dotter har gift sig, så nu har jag en svärson.","My daughter has married, so now I have a son-in-law."
en tejp,Jag behöver en tejp för att fixa paketet.,I need a tape to fix the package.
en viskning,Hon talade med en viskning.,She spoke with a whisper.
fatal,Det var en fatal olycka på vägen.,It was a fatal accident on the road.
arbetsam,Att arbeta hårt kan vara arbetsamt.,Working hard can be laborious.
korporativ,Korporativ kultur är viktig för företagens framgång.,Corporate culture is important for the success of companies.
långfristig,Vi behöver en långfristig plan för vårt projekt.,We need a long-term plan for our project.
att snarka,Min pappa snarkar alltid när han sover.,My dad always snores when he sleeps.
att tunna,Himlen börjar tunna ut vid solnedgången.,The sky begins to fade at sunset.
en ärta,En ärta ligger på tallriken.,A pea is on the plate.
ett kassaskåp,Jag har ett kassaskåp i mitt rum.,I have a safe in my room.
att fela,Det är lätt att fela ibland.,It is easy to err sometimes.
maskulin,Han har en maskulin stil.,He has a masculine style.
en radie,En cirkel har en radie.,A circle has a radius.
en utväxling,En utväxling kan göra din cykel snabbare.,A gear change can make your bike faster.
en växellåda,Jag behöver byta växellåda i min bil.,I need to change the gearbox in my car.
att ånga,Jag ska ånga grönsaker till middagen.,I will steam vegetables for dinner.
en försyn,En försyn kan leda oss till bättre beslut.,A providence can guide us to better decisions.
en glidning,Det var en glidning i hans röst när han berättade historien.,There was a shift in his voice when he told the story.
att planlägga,Vi behöver planlägga vår semester noggrant.,We need to plan our vacation carefully.
feminin,Hon bär en feminin klänning.,She is wearing a feminine dress.
att kodifiera,Vi behöver att kodifiera våra regler för att göra dem tydligare.,We need to codify our rules to make them clearer.
ett poem,Jag skrev ett poem om naturen.,I wrote a poem about nature.
en kompanjon,Min kompanjon och jag startade ett nytt företag.,My business partner and I started a new company.
stygg,Barnet var stygg mot sin hund.,The child was naughty to its dog.
en anstöt,Det var en anstöt att prata om pengar vid middagen.,It was an offence to talk about money at dinner.
att betygsätta,Läraren ska betygsätta våra uppsatser nästa vecka.,The teacher will grade our essays next week.
defekt,Den här lampan är defekt.,This lamp is defective.
fadd,Den här smaken är fadd och tråkig.,This flavor is bland and boring.
en sittning,Vi har en sittning varje måndag.,We have a meeting every Monday.
besk,Kaffe kan vara besk utan socker.,Coffee can be bitter without sugar.
rigorös,Hennes träning är alltid rigorös.,Her training is always rigorous.
en moster,Jag träffade en moster igår.,I met an aunt yesterday.
att gnida,Hon gillar att gnida sin rygg mot väggen.,She likes to rub her back against the wall.
en ordningsföljd,Vi måste skapa en ordningsföljd för våra uppgifter.,We need to create a sequence for our tasks.
ärorik,Hans ärorik prestation kommer alltid att bli ihågkommen.,His glorious achievement will always be remembered.
att gnistra,Stjärnorna gnistra på himlen.,The stars sparkle in the sky.
en pyjamas,Jag gillar att ha på mig en pyjamas på kvällen.,I like to wear pajamas in the evening.
bergig,Sverige har många bergiga landskap.,Sweden has many mountainous landscapes.
en fuktighet,Fuktigheten i luften gör att blommorna blommar.,The moisture in the air makes the flowers bloom.
att inkassera,Vi måste inkassera pengarna innan fredag.,We need to collect the money before Friday.
en laglighet,En laglighet är viktig för samhället.,A legality is important for society.
en statist,Hon fick rollen som en statist i filmen.,She got the role of an extra in the movie.
nobel,Hans nobla gärningar kommer alltid att bli ihågkomna.,His noble deeds will always be remembered.
en beväpning,En beväpning är viktig för att skydda landet.,An armament is important to protect the country.
en gymnasist,En gymnasist studerar hårt för att klara sina prov.,An upper secondary school student studies hard to pass their exams.
kolossal,Bergstoppen var kolossal och imponerande.,The mountain peak was colossal and impressive.
en stek,Jag grillar en stek till middag.,I am grilling a steak for dinner.
att uppkalla,Vi bestämde oss för att uppkalla hunden efter min mormor.,We decided to name the dog after my grandmother.
att försegla,Jag måste försegla brevet innan jag skickar det.,I need to seal the letter before I send it.
ett konsortium,Ett konsortium samarbetar för att bygga en ny bro.,A consortium is collaborating to build a new bridge.
en acceptans,Jag fick en acceptans för mitt lån.,I received an acceptance for my loan.
grammatisk,Grammatisk kunskap är viktigt för att skriva bra.,Grammatical knowledge is important for writing well.
en strykning,Hon gav klänningen en strykning innan festen.,She gave the dress an ironing before the party.
ett kalcium,Kalcium är viktigt för våra ben.,Calcium is important for our bones.
att fasta,Jag planerar att fasta i morgon.,I plan to fast tomorrow.
tillfälligtvis,Jag ska bo här tillfälligtvis.,I will stay here temporarily.
genomgående,Skolan har genomgående bra lärare.,The school has good teachers throughout.
en hänförelse,Hon talade med en hänförelse om sin resa till Sverige.,She spoke with enthusiasm about her trip to Sweden.
en spårning,Jag ser en spårning på min telefon.,I see a tracking on my phone.
en systerson,Min systerson gillar att spela fotboll.,My nephew likes to play soccer.
en gunga,Barnen leker på en gunga i parken.,The children are playing on a swing in the park.
en ohyra,En ohyra kan förstöra hela trädgården.,A vermin can destroy the whole garden.
opublicerad,Många av mina opublicerade artiklar ligger kvar i min dator.,Many of my unpublished articles are still on my computer.
en idrottsplats,Vi ska spela fotboll på en idrottsplats.,We are going to play soccer at a sports ground.
elastisk,Gummibandet är elastiskt och kan sträckas långt.,The rubber band is elastic and can stretch far.
en arrest,Han hamnade i en arrest efter bråket.,He ended up in a lock-up after the fight.
en dill,Jag gillar att lägga en dill på min lax.,I like to add a dill to my salmon.
ett vax,Jag smälte ett vax för att göra ljus.,I melted a wax to make candles.
en pose,Hon står i en pose för fotografen.,She is standing in a pose for the photographer.
bullrig,Det är alltid bullrigt i staden.,It is always noisy in the city.
spröd,Kakan är spröd och smulig.,The cookie is brittle and crumbly.
en tidskrift,Jag läser en tidskrift varje månad.,I read a magazine every month.
ett handfat,Jag tvättar mina händer i ett handfat.,I wash my hands in a washbasin.
en kork,Jag behöver en kork till flaskan.,I need a cork for the bottle.
immun,Jag känner mig immun mot förkylningar.,I feel immune to colds.
att inlämna,Jag behöver att inlämna min uppsats imorgon.,I need to submit my essay tomorrow.
en projektering,Vi behöver en projektering för det nya huset.,We need a planning for the new house.
en regelbundenhet,En regelbundenhet i träningen ger bättre resultat.,A regularity in training gives better results.
en karavan,En karavan av bilar körde långsamt genom staden.,A caravan of cars drove slowly through the city.
en krabba,Jag såg en krabba på stranden.,I saw a crab on the beach.
ett membran,Ett membran skyddar cellerna.,A membrane protects the cells.
en antikvitet,Jag har en antikvitet i mitt vardagsrum.,I have an antique in my living room.
en brant,Vi stod på en brant och tittade ner i dalen.,We stood on a precipice and looked down into the valley.
genomträngande,Hans skratt hade en genomträngande ton.,His laughter had a piercing tone.
en kemikalie,En kemikalie kan vara farlig om den inte hanteras rätt.,A chemical can be dangerous if not handled properly.
kultiverad,Hon är en kultiverad kvinna som älskar konst.,She is a cultivated woman who loves art.
rumslig,Rummet är mycket rumsligt och ljust.,The room is very spacious and bright.
en tråkighet,En tråkighet kan ibland vara bra för att vila.,A boredom can sometimes be good for resting.
en namnteckning,Jag behöver en namnteckning på detta papper.,I need a signature on this paper.
personell,Personell är viktigt för företagets framgång.,Personnel is important for the company's success.
en ungkarl,En ungkarl bor ofta ensam.,A bachelor often lives alone.
ett rättfärdigande,Ett rättfärdigande är viktigt för att förstå varför beslutet togs.,A justification is important to understand why the decision was made.
att sammankoppla,Vi behöver sammankoppla datorn med projektorn.,We need to connect the computer to the projector.
en aktivering,En aktivering av systemet krävs för att fortsätta.,An activation of the system is required to proceed.
en mellantid,Vi kan ta en kopp kaffe i mellantiden.,We can have a cup of coffee in the meantime.
en motorbåt,Vi åker ut med en motorbåt i helgen.,We are going out with a motorboat this weekend.
ett reglemente,Det finns ett reglemente för hur vi ska arbeta tillsammans.,There is a set of rules for how we should work together.
en decimal,Jag kan räkna med en decimal.,I can count with a decimal.
att mosa,Jag gillar att mosa potatisen till min puré.,I like to mash the potatoes for my puree.
ett olivträd,Ett olivträd växer i min trädgård.,An olive tree is growing in my garden.
en anskaffning,Vi behöver en anskaffning av nya kontorsmöbler.,We need a procurement of new office furniture.
att gradera,Läraren vill gradera uppgifterna efter svårighetsgrad.,The teacher wants to classify the assignments by difficulty.
en huva,Jag gillar att ha på mig en huva när det regnar.,I like to wear a hood when it rains.
lodrät,Frågan var lodrät i korsordet.,The question was vertical in the crossword.
att brodera,Jag älskar att brodera blommor på dukar.,I love to embroider flowers on fabrics.
en socka,Jag har en socka som är röd.,I have a sock that is red.
en systerdotter,Min systerdotter älskar att rita.,My niece loves to draw.
turkos,Himlen är turkos idag.,The sky is turquoise today.
en huvudrollsinnehavare,Hon är en huvudrollsinnehavare i den nya filmen.,She is a leading actor in the new movie.
kraftlös,Han kände sig kraftlös efter den långa dagen.,He felt powerless after the long day.
ett spann,Ett spann med hästar drog vagnen genom skogen.,A team of horses pulled the cart through the forest.
en förbittring,En förbittring kan förstöra en vänskap.,A resentment can destroy a friendship.
metallisk,Musiken hade en metallisk ton.,The music had a metallic tone.
en repertoar,Vi har en repertoar av många olika föreställningar.,We have a repertoire of many different performances.
avspänd,Jag känner mig avspänd efter en lång dag.,I feel relaxed after a long day.
en butiksägare,En butiksägare säljer många produkter.,A shop owner sells many products.
en kännare,Han är en kännare av vin.,He is a connoisseur of wine.
en samtalspartner,Jag behöver en samtalspartner för att öva svenska.,I need an interlocutor to practice Swedish.
att överväldiga,Känslorna överväldigade mig när jag såg filmen.,The emotions overwhelmed me when I saw the movie.
att rea,Butikerna reade många kläder under mellandagarna.,The stores had a sale on many clothes during the after-Christmas sales.
att böna,Han böner för att få ett jobb.,He begs desperately to get a job.
diagnostisk,Den diagnostiska testen visade att allt var okej.,The diagnostic test showed that everything was fine.
ett ställ,Jag behöver ett ställ för mina böcker.,I need a stand for my books.
en kontingent,Vi har en kontingent av soldater som skyddar staden.,We have a contingent of soldiers protecting the city.
en projektil,En projektil kan flyga mycket snabbt.,A projectile can fly very fast.
en spann,Jag fyllde en spann med vatten.,I filled a bucket with water.
att avtäcka,Vi ska avtäcka den nya statyn på torget imorgon.,We will unveil the new statue in the square tomorrow.
en iakttagare,En iakttagare ser allt med nyfikenhet.,An observer sees everything with curiosity.
atmosfärisk,Det var en atmosfärisk kväll med stjärnor på himlen.,It was an atmospheric evening with stars in the sky.
en borttagning,En borttagning av gamla möbler kan ge rummet ett nytt liv.,A removal of old furniture can give the room a new life.
att differentiera,Lärarna måste differentiera undervisningen för att hjälpa alla elever.,Teachers must differentiate the instruction to help all students.
en fysiker,En fysiker studerar universum.,A physicist studies the universe.
en mygga,En mygga surrar i rummet.,A mosquito buzzes in the room.
en orange,Hennes klänning är en orange färg.,Her dress is an orange color.
ett silke,Ett silke är mjukt och fint.,Silk is soft and fine.
ett troende,Ett troende känner ofta en inre styrka.,A believer often feels an inner strength.
en borste,Jag behöver en borste för att rengöra golvet.,I need a brush to clean the floor.
en sparv,Jag såg en sparv på trädet.,I saw a sparrow on the tree.
en stränghet,En stränghet kan vara nödvändig i vissa situationer.,A strictness can be necessary in certain situations.
nittonde,Det är nittonde september idag.,It is the nineteenth of September today.
i övermorgon,Vi ska åka till stranden i övermorgon.,We will go to the beach the day after tomorrow.
motsägande,Hans berättelse var motsägande och förvirrande.,His story was conflicting and confusing.
en käring,Käringen sitter på bänken och matar fåglarna.,The old woman is sitting on the bench and feeding the birds.
en blus,Jag har köpt en blus till festen.,I bought a blouse for the party.
en kärnpunkt,En kärnpunkt i vår diskussion är vikten av kommunikation.,A main point in our discussion is the importance of communication.
att projektera,Vi behöver projektera en ny park i staden.,We need to design a new park in the city.
en utstyrsel,Hon köpte en utstyrsel till bröllopet.,She bought an outfit for the wedding.
en laser,En laser kan användas för att skära metall.,A laser can be used to cut metal.
ett knippe,Jag plockade ett knippe blommor i parken.,I picked a bunch of flowers in the park.
ett presidium,Ett presidium leder mötet varje vecka.,A presiding committee leads the meeting every week.
en kvast,Jag behöver en kvast för att städa golvet.,I need a broom to clean the floor.
ett plommon,Jag äter ett plommon varje dag.,I eat a plum every day.
ett ägarskap,Ett ägarskap innebär ansvar.,An ownership means responsibility.
en oxe,En oxe går på ängen.,An ox is walking in the meadow.
ett snabbköp,Jag går till ett snabbköp för att köpa mjölk.,I am going to a small supermarket to buy milk.
ett tilltugg,Jag skulle gärna vilja ha ett tilltugg till filmen.,I would really like a snack for the movie.
egenartad,Hans egenartade stil gjorde att han alltid stack ut i mängden.,His distinctive style made him always stand out in the crowd.
ett fax,Jag skickade ett fax till kontoret.,I sent a fax to the office.
en bulletin,Jag läste en bulletin om vädret.,I read a bulletin about the weather.
en högerhand,Hon skriver med en högerhand.,She writes with a right hand.
en squash,Jag spelar en squash på fritiden.,I play squash in my free time.
en stadsbo,En stadsbo gillar att gå på kaféer.,A town dweller enjoys going to cafés.
en simmare,En simmare simmar snabbt i sjön.,A swimmer swims quickly in the lake.
en inkvartering,Vi ska bo på en inkvartering vid sjön.,We will stay at a lodge by the lake.
en majs,En majs växer i trädgården.,A maize grows in the garden.
en visare,Visaren på klockan pekar på tre.,The hand on the clock points to three.
oupphörlig,Regnet föll med oupphörlig styrka hela natten.,The rain fell with ceaseless intensity all night.
att bönfalla,Jag bönfaller dig att hjälpa mig.,I plead with you to help me.
en dosering,Jag behöver en dosering av medicinen varje dag.,I need a dosage of the medicine every day.
en studiekamrat,Min studiekamrat hjälper mig med läxorna.,My fellow student helps me with the homework.
ett tryne,Grisen har ett stort tryne.,The pig has a big snout.
en ånger,En ånger kan lära oss att bli bättre människor.,A remorse can teach us to become better people.
en kvarlåtenskap,Min far lämnade efter sig en kvarlåtenskap av gamla böcker.,My father left behind an estate of old books.
ett körsbär,Jag plockade ett körsbär från trädet.,I picked a cherry from the tree.
en räkning,Jag fick en räkning från elbolaget.,I received a bill from the electricity company.
en integral,En integral används för att beräkna ytan under en kurva.,An integral is used to calculate the area under a curve.
att klibba,Barnen klibbar fast vid sina föräldrar när de är rädda.,The children cling to their parents when they are scared.
en sparsamhet,En sparsamhet är viktigt för att spara pengar.,Frugality is important for saving money.
ett tunnland,Jag har en trädgård som är ett tunnland stort.,I have a garden that is one acre large.
att formge,Jag älskar att formge nya kläder.,I love to design new clothes.
moderlig,Hon har en moderlig omtanke för alla sina vänner.,She has a motherly care for all her friends.
att pina,Det är att pina mig att vänta så länge.,It torments me to wait so long.
att undervärdera,Du bör inte undervärdera hennes talang.,You should not undervalue her talent.
ett jetplan,Ett jetplan flyger snabbt på himlen.,A jet plane flies fast in the sky.
att auktorisera,Jag behöver att auktorisera mitt körkort.,I need to authorize my driver's license.
en korporation,En korporation kan vara stor eller liten.,A corporation can be large or small.
en saliv,Saliv hjälper oss att smaka maten.,Saliva helps us taste the food.
en strömbrytare,Jag behöver en strömbrytare för att tända lampan.,I need a switch to turn on the lamp.
att kurera,Jag hoppas att kurera min förkylning snart.,I hope to cure my cold soon.
en legering,En legering av koppar och zink är starkare än koppar ensam.,An alloy of copper and zinc is stronger than copper alone.
smaklig,Smaklig måltid!,Enjoy your meal!
terroristisk,Terroristiska grupper är ett stort problem i världen.,Terrorist groups are a big problem in the world.
en hemgift,En hemgift är viktig i många kulturer.,A dowry is important in many cultures.
att avvara,Jag kan avvara lite tid för att hjälpa dig.,I can spare some time to help you.
en förhandsvisning,Vi fick en förhandsvisning av filmen innan premiären.,We got a preview of the movie before the premiere.
en marmelad,Jag gillar att äta en marmelad på rostat bröd.,I like to eat a marmalade on toast.
en trafikpolis,En trafikpolis står vid vägkanten.,A traffic cop is standing by the roadside.
en kittel,Jag satte på en kittel för att koka te.,I put on a kettle to boil tea.
bi,Jag sitter bi dig på bussen.,I sit by you on the bus.
att brådska,Det är ingen brådska att gå hem.,There is no hurry to go home.
en reseledare,Vi följde en reseledare på vår semester.,We followed a guide on our vacation.
en akustik,En akustik kan påverka musiken mycket.,An acoustics can greatly affect the music.
forcerad,Hans skratt kändes forcerad och inte äkta.,His laughter felt forced and not genuine.
ett tidsschema,Jag behöver ett tidsschema för mina studier.,I need a time schedule for my studies.
ett årtusende,Ett årtusende har gått sedan vi byggde detta hus.,A millennium has passed since we built this house.
att anträffa,Jag hoppas att anträffa dig på caféet senare.,I hope to meet you at the café later.
ett rutnät,Ett rutnät hjälper oss att organisera våra idéer.,A grid helps us to organize our ideas.
en försakelse,En försakelse kan ibland vara nödvändig för att nå sina mål.,A hardship can sometimes be necessary to achieve your goals.
en pluton,En pluton tränar inför en viktig uppgift.,A platoon is training for an important mission.
en ägarinna,Hon är en ägarinna av en liten butik.,She is a female owner of a small store.
att överräcka,Jag ska överräcka blommorna till min mamma.,I will hand over the flowers to my mom.
en jordgubbe,Jag äter en jordgubbe.,I am eating a strawberry.
en sesam,En sesam kan öppna dörrar till nya möjligheter.,A sesame can open doors to new opportunities.
att artikulera,Det är viktigt att artikulera dina tankar klart.,It is important to articulate your thoughts clearly.
en aprikos,Jag äter en aprikos till frukost.,I eat an apricot for breakfast.
en krage,Jag gillar kragen på min skjorta.,I like the collar on my shirt.
att reklamera,Jag måste reklamera min trasiga telefon.,I need to complain about my broken phone.
ett tempus,Tempus är viktigt för att förstå språket.,Tense is important for understanding the language.
ett upplag,Vi har ett upplag av mjöl i köket.,We have a stock of flour in the kitchen.
en tekniker,En tekniker fixar datorn.,A technician is fixing the computer.
en avläsning,Jag behöver en avläsning av elräkningen.,I need a reading of the electricity bill.
en knall,Det hördes en knall när dörren stängdes.,There was a bang when the door closed.
molnig,Det är molnigt idag.,It is cloudy today.
sårande,Hans sårande ord gjorde mig ledsen.,His hurtful words made me sad.
en särprägel,Den gamla staden har en särprägel som gör den unik.,The old town has a distinct character that makes it unique.
variabel,Variabeln i formeln ändras hela tiden.,The variable in the formula keeps changing.
en yrkesman,En yrkesman kan alltid lita på sina färdigheter.,A professional can always rely on their skills.
en återuppståndelse,En återuppståndelse av intresset för gamla filmer är tydlig.,A resurrection of interest in old movies is evident.
en manöver,Han gjorde en manöver för att undvika hindret.,He made a manoeuvre to avoid the obstacle.
en myr,Vi gick en promenad vid en myr.,We took a walk by a bog.
att överse,Jag kan ibland överse mina vänners misstag.,I can sometimes overlook my friends' mistakes.
atletisk,Han är en atletisk spelare.,He is an athletic player.
en skolflicka,En skolflicka bär en ryggsäck till skolan.,A schoolgirl carries a backpack to school.
en atlet,En atlet springer snabbt.,An athlete runs fast.
en debitering,Jag såg en debitering på mitt bankkonto.,I saw a debit on my bank account.
huslig,Hon är väldigt huslig och älskar att laga mat.,She is very domestic and loves to cook.
en postlåda,Jag ska lägga brevet i en postlåda.,I will put the letter in a postbox.
ett millennium,Ett millennium har passerat sedan vi sist sågs.,A millennium has passed since we last met.
en valla,Jag behöver köpa en valla för mina skidor.,I need to buy a ski wax for my skis.
ett armbandsur,Jag köpte ett armbandsur igår.,I bought a wristwatch yesterday.
en betäckning,En betäckning ger skydd åt djuren.,A cover provides shelter for the animals.
en brorsdotter,Min brorsdotter är väldigt söt.,My fraternal niece is very cute.
brutto,Brutto vikten av lådan är 10 kilo.,The gross weight of the box is 10 kilos.
ett kompani,Ett kompani med soldater tränar i skogen.,A company of soldiers is training in the forest.
en scarf,Jag köpte en scarf till vintern.,I bought a scarf for winter.
en annullering,En annullering av bokningen kostar extra.,A cancellation of the booking costs extra.
att flanera,Vi gillar att flanera i parken på söndagar.,We like to stroll in the park on Sundays.
en läkarvetenskap,En läkarvetenskap är viktig för att förstå sjukdomar.,A medical science is important for understanding diseases.
en apparatur,Vi behöver en apparatur för att mäta temperaturen.,We need an apparatus to measure the temperature.
ett fosterbarn,Vi har ett fosterbarn som heter Anna.,We have a foster child named Anna.
att förbluffa,Hennes tal förbluffade publiken.,Her speech amazed the audience.
illamående,Jag känner mig illamående efter att ha ätit för mycket.,I feel nauseous after eating too much.
en vrist,Jag snubblade och vred en vrist.,I tripped and twisted an ankle.
en avskedsansökan,Jag skickade in en avskedsansökan till min chef.,I submitted a letter of resignation to my boss.
en blyertspenna,Jag behöver en blyertspenna för att skriva.,I need a pencil to write.
invändig,Det är kallt invändigt i huset.,It is cold inside the house.
ett postulat,Ett postulat är en grundläggande idé i vetenskapen.,A postulate is a fundamental idea in science.
ytterlig,Hans rädsla var ytterlig när han stod på kanten av klippan.,His fear was extreme when he stood at the edge of the cliff.
en ungdomstid,En ungdomstid är full av drömmar och upptäckter.,Adolescence is full of dreams and discoveries.
en kabin,Piloten sitter i en kabin.,The pilot sits in a cabin.
en nödhjälp,Vi skickade en nödhjälp till de drabbade av översvämningen.,We sent emergency relief to those affected by the flood.
en kuriositet,Den gamla leksaken är en kuriositet i min samling.,The old toy is a curiosity in my collection.
att pantsätta,Jag behöver att pantsätta min klocka för att få pengar.,I need to pawn my watch to get money.
en hake,Det finns en hake på dörren som måste öppnas.,There is a hook on the door that needs to be opened.
en renlighet,Renlighet är viktigt för hälsan.,Cleanliness is important for health.
en stjälk,En stjälk är viktigt för växtens tillväxt.,A stalk is important for the plant's growth.
en överlämning,Vi planerar en överlämning av projektet på fredag.,We are planning a handover of the project on Friday.
en olympiad,En olympiad är en stor händelse för idrottare.,An olympiad is a major event for athletes.
ett bräde,Jag spelade backgammon med ett bräde hemma.,I played backgammon with a board at home.
en hålighet,Det finns en hålighet i berget.,There is a cavity in the mountain.
en realisering,En realisering av våra drömmar är viktigt för att vara lycklig.,A realization of our dreams is important for being happy.
en tariff,En tariff påverkar priserna på importvaror.,A tariff affects the prices of imported goods.
en bindel,Jag behöver en bindel för att stoppa blödningen.,I need a bandage to stop the bleeding.
en sockel,En staty står på en sockel i parken.,A statue stands on a pedestal in the park.
en animering,Jag gillar att titta på en animering på kvällen.,I like to watch an animation in the evening.
didaktisk,Didaktisk undervisning hjälper elever att förstå bättre.,Didactic teaching helps students understand better.
en doktorsgrad,Hon har en doktorsgrad i biologi.,She has a doctorate in biology.
ett husgeråd,Jag köpte ett husgeråd för att laga mat.,I bought a household utensil to cook.
klarvaken,Jag är klarvaken på morgonen.,I am wide awake in the morning.
att bullra,Det bullrar från åskan i fjärran.,It rumbles from the thunder in the distance.
en persika,Jag äter en persika varje dag.,I eat a peach every day.
en svärdotter,Min svärdotter lagar alltid god mat.,My daughter-in-law always cooks good food.
upprepat,Jag har upprepat mina läxor flera gånger.,I have repeated my homework several times.
en genomskinlighet,Det finns en genomskinlighet i glaset som gör att solen lyser igenom.,There is a transparency in the glass that lets the sun shine through.
en sonson,Min son har en sonson som heter Leo.,My son has a grandson named Leo.
stridslysten,Han är alltid stridslysten när det gäller sport.,He is always eager to fight when it comes to sports.
teatralisk,Hennes tal var väldigt teatralisk.,Her speech was very theatrical.
en tyngdkraft,En tyngdkraft drar allt mot jorden.,A gravitational force pulls everything towards the Earth.
en progression,En progression i skatten gör att alla betalar rättvist.,A progression in taxes ensures that everyone pays fairly.
ett stadgande,Ett stadgande om miljön röstades igenom av riksdagen.,An enactment about the environment was voted through by the parliament.
en infarkt,Han fick en infarkt efter att ha stressat för mycket.,He had an infarction after stressing too much.
en upphängning,Det finns en upphängning i taket för lampan.,There is a suspension in the ceiling for the lamp.
en tesked,Jag lägger en tesked socker i mitt te.,I put a teaspoon of sugar in my tea.
ett uppdykande,Det var ett uppdykande av gamla minnen när jag såg fotot.,It was an emergence of old memories when I saw the photo.
ett singularis,Ett singularis används för att prata om en sak.,A singular is used to talk about one thing.
en dotterdotter,Min dotterdotter älskar att leka i parken.,My granddaughter loves to play in the park.
ett syskonbarn,Jag ska träffa mitt syskonbarn i helgen.,I will meet my cousin this weekend.
veterinär,Min hund behöver gå till veterinären.,My dog needs to go to the veterinarian.
att baktala,Det är inte snällt att baktala sina vänner.,It's not nice to slander your friends.
en påskrift,Jag såg en påskrift på boken som var mycket intressant.,I saw an inscription on the book that was very interesting.
att slutta,Huset lutar lite mot vänster.,The house slopes slightly to the left.
farmaceutisk,Farmaceutisk forskning är viktig för vår hälsa.,Pharmaceutical research is important for our health.
ett innertak,Ett innertak kan vara vitt eller färgglatt.,A ceiling can be white or colorful.
en knackning,Det kom en knackning på dörren.,There was a knocking on the door.
en koffert,Jag packar en koffert för resan.,I am packing a trunk for the trip.
en monitor,Jag behöver en monitor för att arbeta hemifrån.,I need a monitor to work from home.
en simbassäng,Vi simmar i en simbassäng.,We swim in a swimming pool.
trettionde,Min födelsedag är den trettionde juni.,My birthday is on the thirtieth of June.
utvändig,Det utvändiga utseendet på huset är mycket viktigt.,The external appearance of the house is very important.
en brudgum,En brudgum väntar nervöst vid altaret.,A bridegroom waits nervously at the altar.
en inneslutning,Det finns en inneslutning av blommor i trädgården.,There is an enclosure of flowers in the garden.
en genomresa,Vi gjorde en genomresa till Stockholm innan vi åkte hem.,We made a transit to Stockholm before we went home.
en karakteristik,En karakteristik av henne är hennes vänlighet.,A characteristic of her is her kindness.
mör,Köttet var så mör att det nästan föll isär.,The meat was so tender that it almost fell apart.
en genomfart,Det finns en genomfart genom parken.,There is a thoroughfare through the park.
en kameraman,En kameraman filmar en dokumentär.,A cameraman is filming a documentary.
en dotterson,Min dotter har en dotterson som heter Erik.,My daughter has a grandson named Erik.
en koefficient,En koefficient är viktig i matematik.,A coefficient is important in mathematics.
en vägavgift,Jag måste betala en vägavgift för att köra på motorvägen.,I have to pay a road toll to drive on the highway.
ett adjö,Vi sa ett adjö innan vi gick hem.,We said a good-bye before we went home.
en betjäning,En betjäning är viktig för en bra upplevelse.,A service is important for a good experience.
periodiskt,Jag tränar periodiskt för att må bättre.,I train periodically to feel better.
en trofé,Jag vann en trofé i tävlingen.,I won a trophy in the competition.
vokal,En vokal är viktig i varje språk.,A vowel is important in every language.
en fjäder,En fjäder ligger på marken.,A feather is lying on the ground.
himmelsblå,Himmelsblå himmel gör mig glad.,Sky blue sky makes me happy.
en trådbuss,En trådbuss kör långsamt genom staden.,A trolleybus drives slowly through the city.
att trasa,Han tröck på papperet tills det var trasigt.,He pressed on the paper until it was torn to shreds.
ett födelsemärke,Jag har ett födelsemärke på min arm.,I have a birthmark on my arm.
en hövlighet,En hövlighet kan göra dagen bättre.,A courtesy can make the day better.
en konvergens,En konvergens av idéer kan leda till stora framsteg.,A convergence of ideas can lead to great advancements.
en sorgsenhet,En sorgsenhet kan ibland kännas som en tung börda.,A sorrow can sometimes feel like a heavy burden.
en brorson,Min brorson gillar att spela fotboll.,My nephew likes to play soccer.
en ringklocka,Jag hörde en ringklocka när jag kom hem.,I heard a doorbell when I got home.
en vardaglighet,En vardaglighet kan ofta vara mer värdefull än vi tror.,An everyday thing can often be more valuable than we think.
en berömdhet,Hon träffade en berömdhet på festen.,She met a famous person at the party.
att förutbestämma,Det verkar som om ödet har förutbestämt vår väg.,It seems as if fate has predestined our path.
en folie,Jag behöver en folie för att täcka maten.,I need some foil to cover the food.
ett kejsardöme,Ett kejsardöme kan vara stort och mäktigt.,An empire can be vast and powerful.
en käke,Jag har ont i käken efter att jag åt för snabbt.,I have a pain in my jaw after eating too quickly.
en rymling,En rymling sprang snabbt bort från fängelset.,A fugitive ran quickly away from the prison.
ett serum,Jag använder ett serum för min hy.,I use a serum for my skin.
att avresa,Vi ska avresa tidigt i morgon.,We will depart early tomorrow.
en elektriker,En elektriker fixar alltid mina lampor.,An electrician always fixes my lamps.
en syrsa,En syrsa sjunger i gräset.,A cricket sings in the grass.
en äggvita,En äggvita är vit och proteinrik.,An egg white is white and rich in protein.
ett hypotekslån,Jag behöver ta ett hypotekslån för att köpa ett hus.,I need to take a mortgage loan to buy a house.
en invalid,En invalid kan ibland behöva extra stöd.,An invalid may sometimes need extra support.
ett månljus,Ett månljus lyser upp natten.,A moonlight brightens the night.
att transplantera,Jag behöver transplantera blommorna till en större kruka.,I need to transplant the flowers to a larger pot.
tursam,Jag kände mig tursam när jag vann lotteriet.,I felt lucky when I won the lottery.
en kvalificering,Kvalificeringen för lånet tog längre tid än väntat.,The qualification for the loan took longer than expected.
en skolväska,Jag packar en skolväska varje morgon.,I pack a school bag every morning.
en utprovning,Vi ska ha en utprovning av de nya kläderna.,We will have a testing of the new clothes.
ett skollov,Vi ser fram emot ett skollov nästa vecka.,We are looking forward to a school holiday next week.
en likkista,En likkista är ofta gjord av trä.,A coffin is often made of wood.
en packe,Jag köpte en packe pasta i affären.,I bought a pack of pasta at the store.
en svärmor,Min svärmor bakar alltid goda kakor.,My mother-in-law always bakes delicious cookies.
ett bäcken,Ett bäcken ligger vid foten av berget.,A basin lies at the foot of the mountain.
en förbrukare,En förbrukare behöver alltid information om produkterna.,A consumer always needs information about the products.
att grönska,Träden börjar grönska på våren.,The trees start to turn green in spring.
ett modus,Jag gillar att arbeta i ett modus av kreativitet.,I like to work in a mode of creativity.
ett studenthem,Jag bor i ett studenthem nära universitetet.,I live in a students' hall of residence near the university.
en mekaniker,Min bror är en mekaniker.,My brother is a mechanic.
en översida,Boken har en översida med vackra bilder.,The book has an upper side with beautiful pictures.
ett fullbordande,Ett fullbordande av projektet känns fantastiskt.,A completion of the project feels fantastic.
en undervåning,Vi har en undervåning där barnen leker.,We have a lower floor where the children play.
aritmetisk,Aritmetisk matematik är viktigt i skolan.,Arithmetic is important in school.
en fela,Hon spelar en fela på konserten.,She plays a fiddle at the concert.
en frisersalong,Jag går till en frisersalong för att klippa håret.,I am going to a hairdresser's to get my hair cut.
en fönsterbräda,Blommorna står på en fönsterbräda.,The flowers are on a windowsill.
cirkelformad,Den nya bordsskivan är cirkelformad.,The new tabletop is circular.
kardinal,Kardinaler är viktiga fåglar i ekosystemet.,Cardinals are important birds in the ecosystem.
oföränderligt,Kärleken är oföränderlig och stark.,Love is unalterable and strong.
regelvidrig,Det är regelvidrigt att parkera här.,It is against the rules to park here.
att skrynkla,Jag skrynklade mina kläder när jag packade.,I wrinkled my clothes when I packed.
otvivelaktig,Hans tal var otvivelaktig inspirerande.,His speech was unquestionably inspiring.
en sondotter,Min sondotter älskar att rita.,My granddaughter loves to draw.
en ekolog,En ekolog studerar djur och växter.,An ecologist studies animals and plants.
att åska,"Det börjar att åska, så vi går inomhus.","It is starting to thunder, so we are going inside."
femtionde,Det är min femtionde födelsedag idag.,It is my fiftieth birthday today.
att gravera,Jag vill gravera mitt namn på ringen.,I want to engrave my name on the ring.
en ortopedi,Ortopedi hjälper människor att återfå sin rörlighet.,Orthopaedics helps people regain their mobility.
en tekanna,Jag har en tekanna på bordet.,I have a teapot on the table.
fyrtionde,Det är min fyrtionde födelsedag i år.,It is my fortieth birthday this year.
en konservator,En konservator arbetar med att bevara gamla målningar.,A curator works to preserve old paintings.
ett hurra,Vi ropade ett hurra för vårt lag!,We cheered a hurrah for our team!
inrikes,Inrikes resor är ofta billigare än utrikes resor.,Domestic travel is often cheaper than international travel.
att maka,Kan du maka på dig lite så jag kan sätta mig?,Can you move over a bit so I can sit down?
en askkopp,Ställ en askkopp på bordet.,Put an ashtray on the table.
en fästman,Min vän har en fästman som är mycket snäll.,My friend has a fiancé who is very kind.
en hyvel,Jag använder en hyvel för att göra träytan slät.,I use a plane to make the wooden surface smooth.
en straffspark,Domaren blåste för en straffspark.,The referee blew the whistle for a penalty kick.
stött,Jag kände mig stött när hon sa det.,I felt offended when she said that.
att subtrahera,Det är viktigt att subtrahera rätt tal i matte.,It is important to subtract the correct numbers in math.
en kakelplatta,Jag köpte en kakelplatta till köket.,I bought a tile for the kitchen.
ett kasus,Ett kasus är viktigt för att förstå grammatik.,A grammatical case is important for understanding grammar.
en svärfar,Min svärfar är väldigt snäll.,My father-in-law is very kind.
en dossier,Jag har lagt alla dokument i en dossier.,I have placed all the documents in a file.
att nolla,Jag måste nolla min telefon innan jag kan använda den igen.,I need to reset my phone before I can use it again.
att återgälda,Jag vill återgälda din vänlighet med en god gärning.,I want to repay your kindness with a good deed.
en besk,Jag beställde en besk efter middagen.,I ordered a glass of bitters after dinner.
att bräda,Han försökte bräda sin kollega för att få jobbet.,He tried to supplant his colleague to get the job.
en dyrkan,En dyrkan av berömda personer är vanligt i dagens samhälle.,An adoration of famous people is common in today's society.
ett enfamiljshus,Vi bor i ett enfamiljshus med en stor trädgård.,We live in a single family dwelling with a big garden.
ett förkroppsligande,Ett förkroppsligande av vänlighet är att alltid hjälpa andra.,An embodiment of kindness is to always help others.
en violin,Jag spelar en violin varje dag.,I play a violin every day.
att mottaga,Jag ser fram emot att mottaga ditt svar.,I look forward to receiving your reply.
nittionde,Det är min nittionde födelsedag idag.,It is my ninetieth birthday today.
en oregelbundenhet,Det finns en oregelbundenhet i mönstret.,There is an irregularity in the pattern.
en sjukskötare,En sjukskötare hjälper patienter varje dag.,A nurse helps patients every day.
en stockning,"Det var en stockning på vägen, så vi fick vänta länge.","There was a jam on the road, so we had to wait a long time."
en toffel,Jag köpte en toffel för att vara bekväm hemma.,I bought a slipper to be comfortable at home.
en vattenmelon,Jag älskar att äta en vattenmelon på sommaren.,I love to eat a watermelon in the summer.
tvåsidig,Samtalet var tvåsidigt och båda parter lyssnade.,The conversation was two-sided and both parties listened.
en verkställare,En verkställare ser till att planen genomförs.,An implementor ensures that the plan is executed.
vårlig,Våren är en vårlig tid.,Spring is a springlike season.
en metalltråd,Jag behöver en metalltråd för att laga min cykel.,I need a wire to fix my bike.
en genetiker,En genetiker studerar DNA.,A geneticist studies DNA.
sextionde,Idag fyller min mormor sextionde år.,Today my grandmother turns sixtieth.
en timmerstock,Jag såg en timmerstock vid sjön.,I saw a log by the lake.
en bjälke,En bjälke stödjer taket i huset.,A beam supports the roof in the house.
en excellens,Jag träffade en excellens på konferensen.,I met an excellency at the conference.
en läsesal,Jag går ofta till en läsesal för att studera.,I often go to a reading room to study.
en profylax,En profylax kan hjälpa till att förebygga sjukdomar.,A prophylaxis can help prevent diseases.
en koordinator,En koordinator hjälper till att organisera möten.,A coordinator helps to organize meetings.
en poängställning,Vi tittade på en poängställning under matchen.,We watched a score during the game.
att docka,Vi ska docka båten vid hamnen.,We will dock the boat at the harbor.
ett fjärran,Det finns ett fjärran berg i horisonten.,There is a distant mountain on the horizon.
territorial,Territorial hundar skyddar sitt revir.,Territorial dogs protect their territory.
en grafiker,En grafiker skapar vackra bilder.,A graphic artist creates beautiful images.
en undertröja,Jag har på mig en undertröja under skjortan.,I am wearing an undershirt under my shirt.
en anfallsspelare,En anfallsspelare kan göra många mål.,A striker can score many goals.
en blotta,Det finns en blotta i hans försvar.,There is a gap in his defense.
en förfrågan,Jag skickade en förfrågan om information.,I sent an enquiry for information.
att raffinera,Vi måste raffinera oljan för att få ren energi.,We need to refine the oil to get clean energy.
en specificitet,En specificitet kan göra en stor skillnad i vårt arbete.,A specificity can make a big difference in our work.
en begeistring,En begeistring kan förändra allt.,An enthusiasm can change everything.
en bergskam,Vi vandrade längs en bergskam och såg vackra vyer.,We walked along a mountain crest and saw beautiful views.
en hurra,Jag ska koka kaffe i min hurra.,I will brew coffee in my pot.
okultiverad,Han betedde sig okultiverat på festen.,He behaved uncouthly at the party.
en skrynkla,Hennes klänning hade en skrynkla på ryggen.,Her dress had a crease on the back.
en statistiker,En statistiker analyserar data varje dag.,A statistician analyzes data every day.
att syra,Mjölken börjar syra när den står för länge.,The milk starts to ferment when it sits too long.
en vinäger,Jag använder en vinäger i min sallad.,I use a wine vinegar in my salad.
att upphetsa,Musiken kan upphetsa publiken.,The music can excite the audience.
författningsenlig,Lagförslag måste vara författningsenliga.,Proposals for laws must be constitutional.
en kalsong,Jag köpte en kalsong i affären.,I bought a pair of underpants at the store.
en klagan,Jag hörde din klagan om vädret.,I heard your complaint about the weather.
toppen,Det var en toppen dag i parken.,It was a terrific day in the park.
